row,Game Name,Category,NYC,BGG ID,BGG Rank,Avg Rating,Geek Rating,Weight,Year,Min Players,Max Players,Best Players,Recommended Players,Min Age (Manufacturer),Community Age,Min Playtime,Max Playtime,Designers,BGG Categories,Mechanics,Themes,Fans Also Like,Match Confidence,Match Method,Description
4,Anomia,Party,,67877,1863,6.69617,6.29848,1.036144578313253,2010,3,6,5,"3-6, 7",10,10+,30,30,Andrew Innes,Party Game | Real-time | Trivia | Word Game,Pattern Recognition | Speed Matching,Series: Anomia,Telestrations | Wavelength | Cockroach Poker | One Night Ultimate Werewolf | Skull | Don't Get Got! | Coup | Werewords Deluxe Edition | Two Rooms and a Boom | Monikers | A Fake Artist Goes to New York | Telestrations: 12 Player Party Pack | Codenames | Deception: Murder in Hong Kong | The Resistance: Avalon | Decrypto | Bananagrams | Camel Up (Second Edition) | Hues and Cues | Secret Hitler | The Chameleon | Spyfall 2 | Blokus | The Mind | Poetry for Neanderthals | Wits & Wagers | That Escalated Quickly | Codenames: Pictures,1.00,auto,"Anomia plays off the fact that our minds are positively brimming with all sorts of random information: things to eat, pop songs, websites, etc... Sure, under normal circumstances, it's easy to give an example of a frozen food or a dog breed, but you'll find that your brain works a little differently under pressure! To play, draw and reveal a card from the center pile. Does the symbol on your card match one on another player's card? If so, you must quickly face-off with the other player by giving an example of the person, place, or thing on their card before they can do the same for yours. If y"
5,Apples to Apples,Party,,74,8158,5.73954,5.62789,1.1527415143603132,1999,4,10,6-8,"4-10, 11",12,8+,20,30,Matthew Kirby | Mark Alan Osterhaus,Card Game | Humor | Party Game | Word Game,Hand Management | Player Judge | Simultaneous Action Selection,,Scattergories | Sorry! | Rack-O | Balderdash | Five Crowns | Rook | Catch Phrase! | Quiddler | Dutch Blitz | Boggle | Sequence | Mad Gab | Tenzi | LCR | Aggravation | Candy Land | Trekking the National Parks: Second Edition | Pit | Upwords | Mexican Train | Bananagrams | The Game of Things | Quelf | Cover Your Assets | Say Anything | Trekking the National Parks | In a Pickle | Battleship,1.00,auto,"The party game Apples to Apples consists of two decks of cards: Things and Descriptions. Each round, the active player draws a Description card (which features an adjective like ""Hairy"" or ""Smarmy"") from the deck, then the other players each secretly choose the Thing card in hand that best matches that description and plays it face-down on the table. The active player then reveals these cards and chooses the Thing card that, in his opinion, best matches the Description card, which he awards to whoever played that Thing card. This player becomes the new active player for the next round. Once a "
6,Balderdash,Party,,163,2343,6.47846,6.16633,1.3915492957746478,1984,2,6,5-6,"4-6, 7",12,12+,60,60,Laura Robinson | Paul Toyne,Bluffing | Party Game | Word Game,Paper-and-Pencil | Voting,Traditional Games: Dictionary,"Boggle | Scattergories | Apples to Apples | Bananagrams | Say Anything | Beyond Balderdash | Scrabble | Pictionary | Dutch Blitz | Pass the Pigs | Wits & Wagers | Telestrations: 12 Player Party Pack | Pit | Upwords | Cribbage | Sequence | Chronology | Cranium | Poetry for Neanderthals | Blokus | Mexican Train | Clue | Anomia: Party Edition | Tsuro | Kalah | Ticket to Ride | Shifty Eyed Spies | Machi Koro: Bright Lights, Big City",1.00,auto,"A clever repackaging of the parlor game Dictionary, Balderdash contains several cards with real words nobody has heard of. After one of those words has been read aloud, players try to come up with definitions that at least sound plausible, because points are later awarded for every opposing player who guessed that your definition was the correct one. Versions of the game as a parlor game go back at least as far as 1970, although Balderdash itself was not published until 1984. Mattel, Inc. republished Balderdash in 2006 in a form that derives its gameplay from the sequel Beyond Balderdash. Re-i"
7,Blockbuster Movie Game,Party,,9308,,4.73684,,,2000,2,6,,,8,(no votes),45,45,(Uncredited),Movies / TV / Radio theme | Party Game | Trivia,,Theme: Movies,,1.00,human_confirmed,"Pop a movie in your video or DVD player - then roll 'em! Players select and watch a minute-long scene from the movie. When the producer yells, ""cut!"", time's up and players have to correctly answer questions about the scene they've just viewed. The first person to travel around the game board and collect all four movie tokens wins. Contents: 1 Game Board 6 pads of paper 6 pencils 1 die 1 60 second clapboard timer 48 ""Buying Coins"" 6 game pieces 24 Popcorn, candy, drink and movie tokens You Need: Television VCR or DVD player Your favorite movie"
8,Bohnanza,Party,,11,545,7.07932,6.96134,1.6672041277007417,1997,2,7,4-5,3-7,12,8+,45,45,Uwe Rosenberg,Card Game | Farming | Negotiation,Hand Management | Multi-Use Cards | Negotiation | Set Collection | Trading,Containers: Tin/Metal Box | Food & Drink: Vegetables | Occupation: Farmer | Series: Bean Games (Lookout) | Series: Beveled Boxes (Gigamic) | Theme: Flowers,Dominion | Carcassonne | Codenames | Camel Up | The Crew: The Quest for Planet Nine | Hanabi | Quacks | Catan | Love Letter | The Crew: Mission Deep Sea | No Thanks! | Crokinole | The Quest for El Dorado | Take 5 | Dixit | Codenames: Duet | Pandemic | 7 Wonders | Chinatown | A Fake Artist Goes to New York | Just One | Broom Service | SCOUT | Skull | QE | The Mind | El Grande | Istanbul,1.00,auto,"Bohnanza is the first in the Bohnanza family of games and has been published in several different editions, including a 2023 version with flowers. This entry lists a few different major card sets for Bohnanza: the base game for 3-5 players, the expanded game with the same name for 2-7 players (that is, first expansion included), and Bohnanza Pocket. In the game, you plant, then harvest bean cards in order to earn coins. Each player starts with a hand of random bean cards, and each card has a number on it corresponding to the number of that type of beans in the deck. Unlike in most other card g"
9,Cards Against Humanity,Party,,50381,15336,5.70618,5.53586,1.171767028627838,2009,4,30,6-8,4-10,17,16+,30,30,Josh Dillon | Daniel Dranove | Eli Halpern | Ben Hantoot | David Munk | David Pinsof | Max Temkin | Eliot Weinstein,Card Game | Humor | Mature / Adult | Party Game | Print & Play,Hand Management | Player Judge | Simultaneous Action Selection,Crowdfunding: Kickstarter,Telestrations: After Dark | Joking Hazard | Bears vs Babies | Exploding Kittens: NSFW Edition | What Do You Meme? | Poetry for Neanderthals | The Chameleon | Exploding Kittens | Ransom Notes | Betrayal at House on the Hill | Red Flags | Horrible Therapist | Hues and Cues | Bananagrams | One Night Ultimate Werewolf | Dutch Blitz: Blue Expansion Pack | A Little Wordy | Unstable Unicorns | Moose Master | Herd Mentality | Monopoly Deal Card Game | Ultimate Werewolf: Deluxe Edition | Ultimate Werewolf | Ravine | Balderdash | Betrayal at House on the Hill: 3rd Edition | One Night Ultimate Werewolf: Daybreak | Spaceteam,1.00,auto,"A party game for horrible people. In Cards Against Humanity, play begins with a judge, known as the ""Card Czar"", choosing a black question or fill-in-the-blank card from the top of the deck and showing it to all players. Each player holds a hand of ten white answer cards at the beginning of each round, and passes a card (sometimes two) to the Card Czar, face-down, representing their answer to the question on the card. The card czar determines which answer card(s) are funniest in the context of the question or fill-in-the-blank card. The player who submitted the chosen card(s) is given the ques"
10,Cockroach Poker,Party,,11971,1086,6.80296,6.60562,1.0972222222222223,2004,2,6,5,3-6,8,6+,20,20,Jacques Zeimet,Bluffing | Card Game | Party Game,Hand Management | Set Collection | Single Loser Game,Animals: Bats | Animals: Cockroaches | Animals: Frogs / Toads | Animals: Insects | Animals: Rats | Animals: Spiders | Series: Ugly Animals (Drei Magier),"Skull | A Fake Artist Goes to New York | Cockroach Poker Royal | Wavelength | Deception: Murder in Hong Kong | Coup | Monikers | Werewords Deluxe Edition | Crokinole | Decrypto | Codenames | KLASK | Captain Sonar | One Night Ultimate Werewolf | Ca$h 'n Guns: Second Edition | Telestrations | Deep Sea Adventure | Ready Set Bet | The Mind | No Thanks! | Air, Land, & Sea | Two Rooms and a Boom | Camel Up (Second Edition) | QE | Anomia | Just One | That's Not a Hat | Don't Get Got!",1.00,auto,"Cockroach Poker is a reverse set collection game that has nothing to do with poker – except that the game is all about bluffing, with cards that show cockroaches, rats and stink bugs. The goal is to force another player to collect 4 of any one type of critter. The deck includes 64 cards, with eight copies of eight types of critters. To set up the game, shuffle the deck and deal the cards out to players. On a turn, a player takes one card from their hand, lays it face down on the table, slides it to a player of their choice, and declares a type of critter, e.g., ""Stink bug"". The player receivin"
11,Codenames,Party,,178900,162,7.52536,7.4289,1.2553356616220412,2015,2,8,"6, 8","4-8, 9",10,10+,15,15,Vlaada Chvátil,Card Game | Deduction | Party Game | Spies / Secret Agents | Word Game,Communication Limits | Deduction | Memory | Race | Team-Based Game,Word Games: Guess the Word,Codenames: Duet | The Crew: The Quest for Planet Nine | Dixit | Codenames: Pictures | Hanabi | Pandemic | Just One | The Mind | Mysterium | Telestrations | Decrypto | Concept | Skull | Magic Maze | Love Letter | Carcassonne | One Night Ultimate Werewolf | Sheriff of Nottingham | Coup | Cryptid | The Crew: Mission Deep Sea | Spyfall | Deception: Murder in Hong Kong | 7 Wonders | Sushi Go Party! | Bohnanza | Captain Sonar | Wavelength,1.00,auto,"Two rival spymasters know the secret identities of 25 agents. Their teammates know the agents only by their codenames — single-word labels like ""disease"", ""Germany"", and ""carrot"". Yes, carrot. It's a legitimate codename. Each spymaster wants their team to identify their agents first...without uncovering the assassin by mistake. In Codenames, two teams compete to see who can make contact with all of their agents first. Lay out 25 cards, each bearing a single word. The spymasters look at a card showing the identity of each card, then take turns clueing their teammates. A clue consists of a singl"
12,Codenames: Pictures,Party,,198773,502,7.17639,6.9993,1.2394736842105263,2016,2,8,6,"4-8, 9",10,8+,15,15,Vlaada Chvátil,Card Game | Deduction | Party Game | Spies / Secret Agents,Communication Limits | Memory | Team-Based Game,,Codenames | Dixit | The Mind | Love Letter | BANG! The Dice Game | Codenames: Duet | One Night Ultimate Werewolf | Secret Hitler | Spyfall | Magic Maze | Sheriff of Nottingham | Telestrations | Sushi Go Party! | Decrypto | Hanabi | Coup | Mysterium | Pandemic | Cryptid | Ticket to Ride: Europe | Concept | Citadels | Deception: Murder in Hong Kong | The Crew: The Quest for Planet Nine | Ca$h 'n Guns: Second Edition | Skull | Sheriff of Nottingham: 2nd Edition | Camel Up (Second Edition),1.00,auto,"What are these strange symbols on the map? They are code for locations where spies must contact secret agents! Two rival spymasters know the agent in each location. They deliver coded messages telling their field operatives where to go for clandestine meetings. Operatives must be clever. A decoding mistake could lead to an unpleasant encounter with an enemy agent – or worse, with the assassin! Both teams race to contact all their agents, but only one team can win. Codenames: Pictures differs from the original Codenames in that the agents are no longer represented by a single word, but by an im"
13,Concept,Party,,147151,1130,6.74141,6.5845,1.375,2013,4,12,6,3-12,10,10+,40,40,Gaëtan Beaujannot | Alain Rivollet,Deduction | Party Game | Word Game,Communication Limits | Race | Team-Based Game,Organizations: Forgenext,Magic Maze | Codenames | The Mind | Mysterium | Dixit | Hanabi | The Game | Just One | Obscurio | The Crew: The Quest for Planet Nine | Telestrations | Cryptid | Codenames: Pictures | When I Dream | Codenames: Duet | Colt Express | Spyfall | Detective Club | Love Letter | Decrypto | Stella: Dixit Universe | Celestia | Mysterium Park | Mascarade | MicroMacro: Crime City | Love Letter | Captain Sonar | So Clover!,1.00,auto,"In Concept, your goal is to guess words through the association of icons. A team of two players – neighbors at the table – choose a word or phrase that the other players need to guess. Acting together, this team places pieces judiciously on the available icons on the game board. To get others to guess ""milk"", for example, the team might place the question mark icon (which signifies the main concept) on the liquid icon, then cubes of this color on the icons for ""food/drink"" and ""white"". For a more complicated concept, such as ""Leonardo DiCaprio"", the team can use the main concept and its matchi"
14,Decrypto,Party,,225694,117,7.76694,7.54907,1.8253968253968254,2018,3,8,"4, 6",4-8,12,10+,15,45,Thomas Dagenais-Lespérance,Deduction | Party Game | Spies / Secret Agents | Word Game,Communication Limits | Paper-and-Pencil | Targeted Clues | Team-Based Game,Theme: Retro | Word Games: Guess the Word,Cryptid | A Fake Artist Goes to New York | Skull | Codenames | The Crew: The Quest for Planet Nine | The Crew: Mission Deep Sea | Deception: Murder in Hong Kong | Hanabi | Ready Set Bet | The Search for Planet X | Captain Sonar | Just One | Telestrations | QE | Detective Club | Wavelength | The Resistance: Avalon | Love Letter | The Gang | That's Not a Hat | SCOUT | Blood on the Clocktower | Codenames: Pictures | Mind MGMT: The Psychic Espionage “Game.” | The Mind | Pictomania (Second Edition) | Letter Jam | Deep Sea Adventure,1.00,auto,"Players compete in two teams in Decrypto, with each trying to correctly interpret the coded messages presented to them by their teammates while cracking the codes they intercept from the opposing team. In more detail, each team has its own screen, and in this screen they tuck four cards in pockets numbered 1-4, letting everyone on the same team see the words on these cards while hiding the words from the opposing team. In the first round, each team does the following: one team member takes a code card that shows three of the digits 1-4 in some order, e.g., 4-2-1. They then give a coded message"
15,Dixit,Party,,39856,424,7.18112,7.06621,1.1922160444797458,2008,3,6,5-6,"4-6, 7",8,8+,30,30,Jean-Louis Roubira,Card Game | Humor | Party Game,Race | Singing | Storytelling | Targeted Clues | Voting,,Codenames | The Mind | Codenames: Pictures | Love Letter | BANG! The Dice Game | Dixit: Odyssey | Concept | Telestrations | Cryptid | Hanabi | Magic Maze | Carcassonne | Pandemic | Spyfall | Ticket to Ride: Europe | Sushi Go Party! | Citadels | Mysterium | Catan | Decrypto | Codenames: Duet | The Crew: The Quest for Planet Nine | Saboteur | Secret Hitler | Love Letter | Coup | Sheriff of Nottingham | Bohnanza,1.00,auto,"Each turn in Dixit, one player is the storyteller who chooses one of the six cards in their hand, then expresses an idea, with sounds or words, that is reflected on that card's image, and places the card face down on the playing surface. Each other player then selects the card that best matches that expression, and passes the selected card to the storyteller, face down. The storyteller shuffles all the cards together, then turns them over to reveal them. Each player other than the storyteller then secretly guesses which card belongs to the storyteller. If nobody or everybody guesses the correc"
16,Escape: The Curse of the Temple,Party,,113294,822,6.95063,6.75131,1.4781382228490831,2012,1,5,4,1-5,8,8+,10,10,Kristian Amundsen Østby,Action / Dexterity | Adventure | Dice | Electronic | Exploration | Real-time,Cooperative Game | Dice Rolling | Elapsed Real Time Ending | Grid Movement | Modular Board | Physical Removal | Push Your Luck | Re-rolling and Locking | Real-Time | Roll / Spin and Move | Solo / Solitaire Game | Tile Placement,Category: Dungeon Crawler | Crowdfunding: Kickstarter | Occupation: Adventurer / Explorer | Series: Yellow Wave Box (Queen) | Theme: Archaeology / Paleontology | Theme: Temple,Pandemic: The Cure | Flash Point: Fire Rescue | Galaxy Trucker | FUSE | Ghost Stories | Raptor | Jamaica | Pandemic | Forbidden Desert | Sheriff of Nottingham | Spyfall | King of New York | The Grizzled | Iberia | Lords of Waterdeep | Ca$h 'n Guns: Second Edition | Shadows over Camelot | Paperback | Welcome to the Dungeon | Flick 'em Up! | BANG! The Dice Game | Pandemic Legacy: Season 1 | Dead of Winter: A Crossroads Game | Between Two Cities | Dominion | Tales & Games: The Hare & the Tortoise | Roll Player | Love Letter,1.00,auto,"Escape: The Curse of the Temple is a cooperative game in which players must escape (yes...) from a temple (yes...) which is cursed (yes...) before the temple collapses and kills one or more explorers, thereby causing everyone to lose. The initial game board consists of a row of three square tiles, each showing a combination of two symbols, say, two green adventurers or one green adventurer and one blue key in one corner of the tile. All of the explorers start in the center tile – the safe room – and each player starts with a hand of five dice. Escape is played in real-time, with all players ro"
17,Fake Artist Goes to New York,Party,★,135779,754,7.1057,6.79893,1.0978260869565217,2011,5,10,6-7,5-10,8,8+,20,20,Jun Sasaki,Bluffing | Deduction | Party Game,Hidden Roles | Line Drawing | Targeted Clues,"Cities: New York (New York, USA) | Country: USA | Theme: Art",Decrypto | Skull | Cockroach Poker | QE | Wavelength | That's Not a Hat | Ready Set Bet | SCOUT | Deception: Murder in Hong Kong | Just One | Deep Sea Adventure | So Clover! | Cryptid | DroPolter | Pictomania (Second Edition) | Captain Sonar | Codenames | The Crew: Mission Deep Sea | Letter Jam | Crokinole | The Mind | The Crew: The Quest for Planet Nine | Blood on the Clocktower | No Thanks! | KLASK | Hanabi | Two Rooms and a Boom | The Gang,0.88,auto,"Fake Artist Goes to New York – is a party game for 5-10 players. Players take turns being the Question Master, whose role is to set a category, write a word within that category on dry erase cards, and hand those out to other players as artists. At the same time, one player will have only an ""X"" written on his card: they are the fake artist! Players will then go around the table twice, drawing one contiguous stroke each on a paper to draw the word established by the Question Master, then guess who the fake artist is. If the fake artist is not caught, both the fake artist and the Question Maste"
18,For Sale,Party,,172,354,7.26585,7.13982,1.250137741046832,1997,3,6,5,3-6,10,8+,30,30,Stefan Dorra,Card Game | Economic,Auction / Bidding | Auction: Sealed Bid | Auction: Turn Order Until Pass | Hand Management | Selection Order Bid,Series: Bookshelf (Gryphon Games) | Series: For Sale | Series: Mini Games (IELLO),"No Thanks! | Lost Cities | Arboretum | Coloretto | Diamant | Jaipur | The Fox in the Forest | Cat in the Box: Deluxe Edition | Stockpile | The Quest for El Dorado | Downforce | Ra | Biblios | Take 5 | Santorini | Ethnos | Crokinole | Hanamikoji | Can't Stop | My City | Azul | Targi | Hey, That's My Fish! | High Society | Mandala | Innovation | SCOUT | Patchwork",1.00,auto,"For Sale is a quick, fun game nominally about buying and selling real estate. During the game's two distinct phases, players first bid for several buildings then, after all buildings have been bought, sell the buildings for the greatest profit possible. The original Ravensburger/FX Schmid edition (1997/98) has slightly different rules than later English editions, and only 20 buildings instead of 30. The Überplay 2005 Edition has new art, rules and card distribution changes, and it accommodates 3-6 players. The Gryphon 2009 Edition uses the &Uuml;berplay art for the faces of the property cards,"
19,Happy Salmon,Party,,194626,1781,6.64861,6.32506,1.0592592592592593,2016,3,8,5-6,4-8,6,5+,2,2,Ken Gruhl | Quentin Weir | Matthew Inman | Elan Lee,Animals | Children's Game | Party Game | Real-time,Real-Time,Animals: Fish / Fishes | Containers: Unique Shape | Containers: Zippered Pouch | Series: Happy Planet (North Star Games),MANTIS | Taco Cat Goat Cheese Pizza | The Mind | Camel Up (Second Edition) | Tapple | Hues and Cues | That's Not a Hat | Wavelength | Magic Maze | KLASK | Hand-to-Hand Wombat | Sushi Go Party! | 5-Minute Dungeon | 5-Minute Mystery | Codenames | Dixit | ICECOOL | Codenames: Pictures | Sheriff of Nottingham: 2nd Edition | Mysterium Park | Codenames: Duet | One Night Ultimate Werewolf | The Fuzzies | Kites | Telestrations | Deep Sea Adventure | Sushi Go! | Just One,1.00,auto,"Happy Salmon is a simple, ultra-fast, very silly card game. There are no turns. Players call out the action shown on their cards as fast as they can. When two players have a match, they celebrate by performing the action. Actions include the classic ""High 5"", the unifying ""Pound It"", the frantic ""Switcheroo"", and the delightful and bizarre ""Happy Salmon"". Each time a player celebrates a match, they quickly discard a card. The first person to get rid of all their cards wins."
20,Inhuman Conditions,Party,,261403,3365,7.21034,5.96904,1.9583333333333333,2020,2,2,2,"2, 3",12,12+,5,5,Alan Gerding | Tommy Maranges | Cory O'Brien,Bluffing | Deduction | Party Game | Real-time | Science Fiction,Acting | Elapsed Real Time Ending | Hidden Roles | Pattern Recognition | Role Playing | Storytelling,Crowdfunding: Kickstarter | Theme: Cyberpunk | Theme: Retro | Theme: Robots,Monikers | Escape from the Aliens in Outer Space | Two Rooms and a Boom | Burgle Bros 2: The Casino Capers | Captain Sonar | Deception: Murder in Hong Kong | Fog of Love | Betrayal Legacy | Wavelength | Vast: The Mysterious Manor | Cosmic Encounter | Catacombs (Third Edition) | Cockroach Poker | Coup | Mantis Falls | Kabuto Sumo | Dream Crush | Betrayal at House on the Hill | Crokinole | Skull | A Fake Artist Goes to New York | The King's Dilemma | Sheriff of Nottingham | Nuns on the Run | Werewords Deluxe Edition | Moonrakers | Oceans | Letter Jam,1.00,auto,"From the co-creators of Secret Hitler & Better Myths: a Blade Runner-inspired, five-minute party game for two players. Inhuman Conditions is a five-minute, two-player game of surreal interrogation and conversational judo, set in the heart of a chilling bureaucracy. Each game has one Investigator and one Suspect. Armed only with two stamps and a topic of conversation, the Investigator must figure out whether the Suspect is a Human or a Robot. Robots must answer the Investigator's questions without arousing suspicion, but are hampered by some specific malfunction in their ability to converse. Th"
21,Jenga,Party,,2452,10346,5.66506,5.5831,1.1005714285714285,1983,1,8,4,2-6,6,5+,20,20,Leslie Scott,Action / Dexterity | Party Game,Physical Removal | Single Loser Game | Stacking and Balancing,Animals: Dogs | Characters: Tarzan | Containers: Tubes | Holidays: Christmas | Holidays: Halloween | Movies: The Nightmare Before Christmas | Promotional: Board Games | Series: World's Smallest (Super Impulse) | Theme: US National Parks | TV Shows: Doctor Who | TV Shows: Hanna-Barbera | TV Shows: Scooby-Doo! | Versions & Editions: Travel Versions of Non-Travel Games,UNO | Scrabble | Twister | Monopoly | Dominoes | Connect Four | Rummikub | Guess Who? | Pictionary | Battleship | Mastermind | Chess | Risk | Clue | Kalah | The Game of Life | Exploding Kittens | Stratego | Boggle | Taboo | Bingo | Checkers | Pass the Pigs | Monopoly Deal Card Game | Bananagrams | Yahtzee | Pachisi | Poker,1.00,auto,"Jenga is tower building game played with 54 wooden blocks; each block is 3 times as long as it is wide, and slightly smaller in height than in width. The blocks are stacked in a tower formation; each story is three blocks placed adjacent to each other along their long side, and each story is placed perpendicular to the previous (so, for example, if the blocks in the first story are pointing north-south, the second story blocks will point east-west). There are therefore 18 stories to the Jenga tower. Since stacking the blocks neatly can be tedious, a plastic loading tray is included. Once the t"
22,Jungle Speed,Party,,8098,2062,6.44926,6.24225,1.1286713286713286,1997,2,10,5-6,"3-8, 10",7,6+,10,10,Thomas Vuarchex | Pierrick Yakovenko,Action / Dexterity | Card Game | Party Game | Real-time,Pattern Recognition | Speed Matching,,The Werewolves of Miller's Hollow | Dixit | Saboteur | Cheating Moth | Mascarade | Time's Up! | The Mind | Spot it! | Concept | Citadels | Dixit: Odyssey | Timeline: Inventions | Codenames: Pictures | Ghost Blitz | Love Letter | Room 25 | Rummikub | Secret Hitler | Kluster | Codenames | BANG! | Exploding Kittens | 6 nimmt! 25 Jahre | Ticket to Ride: Europe | Mysterium | Perudo | Fauna | Survive: Escape from Atlantis!,1.00,auto,"In Jungle Speed, you must rely on your keen sense of observation and quick reflexes. It requires a steady hand -- which can be hard to maintain during the many fits of maniacal laughter! The wooden Totem sits in the middle of the table, waiting for the player with the fastest reflexes to snatch it up and win the game. Each player is dealt a hand of cards. In order to win you must be the first player to get rid of all of your cards. Each turn, all of the players reveal one of their cards. If two cards are identical, those players must make a grab for the Totem. The faster player then gives thei"
23,Just One,Party,,254640,158,7.59271,7.43715,1.0338235294117648,2018,3,7,6-7,"4-7, 8",8,8+,20,60,Ludovic Roudy | Bruno Sautter,Deduction | Party Game | Word Game,Communication Limits | Cooperative Game | Deduction | Score-and-Reset Game,Word Games: Guess the Word,So Clover! | The Crew: The Quest for Planet Nine | Codenames | Quacks | Hanabi | The Crew: Mission Deep Sea | Flip 7 | Codenames: Duet | Skull | Diamant | Point Salad | Ready Set Bet | A Fake Artist Goes to New York | Decrypto | Magic Maze | Azul | Sky Team | Letter Jam | Wingspan | Sushi Go Party! | Love Letter | King of Tokyo | My City | QE | Cascadia | PARKS | Stella: Dixit Universe | Santorini,1.00,auto,"Just One is a co-operative party game in which you all play together to get the best score! Your goal each round is to get one player — the active player — to guess a mystery word based on the clues given by teammates. Can you achieve a perfect score by guessing all the mystery words? In more detail, everyone who is not the active player sees the mystery word, then each player independently writes a clue on their personal easel. Once everyone has finished, you reveal the clues to one another. All identical clues are removed from play, so try to be original! After eliminating duplicate clues, r"
24,King of Tokyo,Party,,70323,491,7.1143,7.00875,1.4836734693877551,2011,2,6,4-5,3-6,8,6+,30,30,Richard Garfield,Dice | Fighting | Movies / TV / Radio theme | Science Fiction,Dice Rolling | Die Icon Resolution | King of the Hill | Open Drafting | Player Elimination | Push Your Luck | Re-rolling and Locking | Take That,Category: DIZED Tutorial | Cities: Tokyo (Japan) | Country: Japan | Creatures: Aliens / Extraterrestrials | Creatures: Monsters | Theme: Kaiju | Theme: Villainy,Santorini | Love Letter | Downforce | Splendor | Pandemic | Kingdomino | Hanabi | Dice Forge | Photosynthesis | Small World | 7 Wonders | Takenoko | Azul | Sushi Go! | 7 Wonders Duel | The Crew: The Quest for Planet Nine | Carcassonne | Space Base | Sushi Go Party! | Ticket to Ride | Patchwork | Wingspan | Jaipur | Diamant | Burgle Bros. | Point Salad | Castles of Mad King Ludwig | Welcome To...,1.00,auto,"In King of Tokyo, you play mutant monsters, gigantic robots, and strange aliens—all of whom are destroying Tokyo and whacking each other in order to become the one and only King of Tokyo. At the start of each turn, you roll six dice, which show the following six symbols: 1, 2, or 3 Victory Points, Energy, Heal, and Attack. Over three successive throws, choose whether to keep or discard each die in order to win victory points, gain energy, restore health, or attack other players into understanding that Tokyo is YOUR territory. The fiercest player will occupy Tokyo, and earn extra victory points"
25,Llama,Party,,266083,1953,6.4926,6.27531,1.0535714285714286,2019,2,6,4-5,3-6,8,6+,20,20,Reiner Knizia,Card Game | Number,Hand Management | Ladder Climbing | Matching | Push Your Luck,Animals: Llamas / Alpacas | Card Games: Climbing | Card Games: Shedding / Stops | Series: Beveled Boxes (Gigamic),"Take 5 | Coloretto | Lost Cities | Diamant | No Thanks! | For Sale | Can't Stop | MLEM: Space Agency | Azul | Patchwork | Jaipur | My City | Pick-omino | Point Salad | Skull King | Mandala | Wandering Towers | Sea Salt & Paper | Hey, That's My Fish! | Flip 7 | Ohanami | Kingdomino | That's Pretty Clever! | Just One | Snailed It! | Hanamikoji | Arboretum | The Quest for El Dorado",1.00,auto,"In LLAMA, you want to dump cards from your hand as quickly as you can, but you might not be able to play what you want, so do you quit and freeze your hand or draw and hope to keep playing? Each player starts a round with six cards in hand; the deck consists of llama cards and cards numbered 1-6, with eight copies of each. On a turn, the active player can play a card, draw a card, or quit. To play a card, you must play the same number as the top card of the discard pile or one number higher. If a 6 is on the discard pile, you can play a 6 or a llama, and if a llama is on top, you can play anot"
26,Monikers,Party,,156546,301,7.7592,7.20307,1.0909090909090908,2015,4,16,"6, 8, 10","4-12, 14",17,14+,30,60,Alex Hague | Justin Vickers,Card Game | Humor | Mature / Adult | Party Game | Print & Play,Acting | Communication Limits | Open Drafting | Role Playing | Singing | Team-Based Game,Crowdfunding: Kickstarter | Traditional Games: Charades,"Wavelength | Werewords Deluxe Edition | Cockroach Poker | Deception: Murder in Hong Kong | Skull | Crokinole | One Night Ultimate Werewolf | A Fake Artist Goes to New York | Coup | Escape from the Aliens in Outer Space | Two Rooms and a Boom | So Clover! | Snake Oil | Long Shot: The Dice Game | Captain Sonar | Don't Get Got! | Sheriff of Nottingham | Dream Crush | Letter Jam | Camel Up (Second Edition) | Time's Up! Title Recall! | The Fox in the Forest | Green Team Wins | Codenames: Duet | Ready Set Bet | Air, Land, & Sea | ito | Hot Streak",1.00,auto,"Monikers is a party game based on the public domain game Celebrities, where players take turns attempting to get their teammates to guess names by describing or imitating well-known people. In the first round, clue givers can say anything they want, except for the name itself. For the second round, clue givers can only say one word. And in the final round, clue givers can&rsquo;t say anything at all: they can only use gestures and charades."
27,No Thanks!,Party,,12942,553,7.08145,6.95534,1.130039011703511,2004,3,7,4-5,3-7,8,8+,20,20,Thorsten Gimmler,Card Game,Auction / Bidding | Closed Economy Auction | Push Your Luck | Score-and-Reset Game | Set Collection,Magenta (CMYK) | Series: Beveled Boxes (Gigamic),For Sale | Lost Cities | Coloretto | Diamant | The Fox in the Forest | Arboretum | SCOUT | Crokinole | Parade | Cat in the Box: Deluxe Edition | High Society | Ra | Skull | The Quest for El Dorado | Biblios | Tumblin' Dice | Take 5 | Jaipur | Strike | A Fake Artist Goes to New York | QE | Ethnos | Just One | Fuji Flush | Chinatown | Bohnanza | The Crew: Mission Deep Sea | Perudo,1.00,auto,"No Thanks! is a card game designed to be as simple as it is engaging. The rules are simple. Each turn, players have two options: play one of their chips to avoid picking up the current face-up card pick up the face-up card (along with any chips that have already been played on that card) and turn over the next card However, the choices aren't so easy as players compete to have the lowest score at the end of the game. The deck of cards is numbered from 3 to 35, with each card counting for a number of points equal to its face value. Runs of two or more cards only count as the lowest value in the"
28,Parade,Party,,56692,996,6.99353,6.65374,1.457142857142857,2007,2,6,4,2-6,8,8+,45,45,Naoki Homma,Card Game | Novel-based | Number,End Game Bonuses | Hand Management | Set Collection | Sudden Death Ending,Books: Alice in Wonderland | Card Games: Fishing | Series: Deluxe card game (Z-Man / Filosofia),No Thanks! | Fuji Flush | Biblios | High Society | For Sale | Coloretto | Archaeology: The New Expedition | Ethnos | Ra | Fast Sloths | SCOUT | Broom Service | Strike | Lost Cities | The Quest for El Dorado | Blue Lagoon | Circus Flohcati | Modern Art | Photograph | Mille Fiori | Arboretum | Linko | The Fox in the Forest | Cat in the Box: Deluxe Edition | Tumblin' Dice | Las Vegas Royale | Diamant | Through the Desert,1.00,auto,"The characters of Alice's Adventures in Wonderland are having a Parade! All players are producers of this parade. Characters from Lewis Carroll's books such as Alice, The White Rabbit, and The Hatter are steadily invited to join this weird procession. On your turn, you play a card (from your hand of five) to the end of the parade. Unfortunately, that card might cause other cards to walk off the parade. These cards count as negative points in the end. The length of the parade line is important. If the number of the card you just played is less than the line length, you may receive the excess ca"
29,Pictomania,Party,,98229,1095,7.2568,6.60218,1.525,2011,3,6,5-6,3-6,9,8+,25,25,Vlaada Chvátil,Party Game | Real-time,Drawing,,Junk Art | Spyfall | Pictomania (Second Edition) | Chinatown | Codenames | Deception: Murder in Hong Kong | A Fake Artist Goes to New York | Decrypto | Survive: Escape from Atlantis! | Ready Set Bet | Dixit | Crokinole | Hanabi | Captain Sonar | Illusion | Spyfall 2 | QE | Sheriff of Nottingham | The Resistance: Avalon | Love Letter | Codenames: Pictures | Magic Maze | Diamant | Cockroach Poker | No Thanks! | Cryptid | Telestrations | KLASK,1.00,auto,"Pictomania is a drawing game in which everyone is both drawing and guessing at the same time, giving a chance for those who excel only at one or the other skill to crush the dreams of other players. Pictomania lasts five rounds, and at the start of each round, you set up six randomly drawn cards on card racks visible to all players. Cards are double-sided, come in four levels of difficulty, and include seven related words on a single side. In addition to a set of guessing cards, scoring tokens, marker and drawing board, each player receives one symbol card and one number card, which together i"
30,Poetry for Neanderthals,Party,,312786,2363,6.6543,6.16127,1.12,2020,2,12,"6, 8","4-10, 12",7,8+,15,15,Elan Lee,Humor | Party Game | Prehistoric | Real-time | Word Game,Communication Limits | Real-Time | Team-Based Game,Word Games: Guess the Word,The Chameleon | Hues and Cues | A Little Wordy | Dutch Blitz | Ransom Notes | That Escalated Quickly | Bananagrams | Herd Mentality | Tapple | Anomia: Party Edition | One Night Ultimate Werewolf | Wavelength | Blank Slate | Telestrations: 12 Player Party Pack | Sequence | Ravine | Monopoly Deal Card Game | Telestrations: After Dark | Fire Tower | Throw Throw Burrito | Really Loud Librarians | Cover Your Assets | Anomia | Snakesss | Monikers | Exploding Kittens | Blockbuster | Hand-to-Hand Wombat,1.00,auto,"Poetry for Neanderthals is a competitive word-guessing game where you can only give clues by speaking in single syllables. So, instead of saying ""broccoli,"" you'd say something like ""green thing you eat for live long and have good health."" If you mess up and use a big word, such as ""vegetable,"" you get bopped on the head with a NO !Stick and you lose points. The goal of the game is to score the most points by correctly interpreting words and phrases. The chosen Poet starts off the game with a Poetry Card and tries to get their teammates to say the listed word, using only words with one syllabl"
31,Quacks of Quedlinburg,Party,,244521,78,7.80498,7.66854,1.9405940594059405,2018,2,4,4,2-4,10,8+,45,45,Wolfgang Warsch,Fantasy | Medieval,"Catch the Leader | Deck, Bag, and Pool Building | Delayed Purchase | Dice Rolling | Die Icon Resolution | Events | Neighbor Scope | Push Your Luck | Score-and-Reset Game | Simultaneous Action Selection | Track Movement | Variable Set-up",Country: Germany | Theme: Witches,Cascadia | Wingspan | Cubitos | Sagrada | Libertalia: Winds of Galecrest | Project L | Everdell | The Crew: The Quest for Planet Nine | Viticulture Essential Edition | PARKS | Just One | Calico | Long Shot: The Dice Game | The Quest for El Dorado | Ready Set Bet | Furnace | Azul: Stained Glass of Sintra | So Clover! | Terraforming Mars: Ares Expedition | Heat: Pedal to the Metal | Earth | My City | Point Salad | Targi | The Isle of Cats | The Crew: Mission Deep Sea | Foundations of Metropolis | Clank!: A Deck-Building Adventure,1.00,override,"In Quacks, which was first released as The Quacks of Quedlinburg, players are charlatans — or quack doctors — each making their own secret brew by adding ingredients one at a time. Take care with what you add, though, for a pinch too much of this or that will spoil the whole mixture! Each player has their own bag of ingredient chips. During each round, they simultaneously draw chips from their bags and add them to their pots. The higher the face value of the drawn chip, the further it is placed in the pot's swirling pattern, increasing how much the potion will be worth. Push your luck as far a"
32,Skull,Party,,92415,489,7.17241,7.01059,1.1142020497803806,2011,3,6,5-6,3-6,10,8+,15,45,Hervé Marly,Bluffing | Card Game | Party Game,Auction / Bidding | Auction: Turn Order Until Pass | Bids As Wagers | Hand Management | Player Elimination | Predictive Bid,Holidays: Day of the Dead,A Fake Artist Goes to New York | Decrypto | Cockroach Poker | Wavelength | Coup | Codenames | Deception: Murder in Hong Kong | Hanabi | Just One | The Crew: The Quest for Planet Nine | The Crew: Mission Deep Sea | Crokinole | Captain Sonar | Diamant | No Thanks! | Ready Set Bet | Sushi Go Party! | Telestrations | Cryptid | Deep Sea Adventure | One Night Ultimate Werewolf | QE | Perudo | Santorini | Two Rooms and a Boom | The Mind | Cockroach Poker Royal | Love Letter,1.00,auto,"Edited description from Bruno Faidutti's write-up of the game in his Ideal Game Library: Skull & Roses is the quintessence of bluffing, a game in which everything is played in the players' heads. Each player plays a face-down card, then each player in turn adds one more card – until someone feels safe enough to state that they can turn a number of cards face up and get only roses. Other players can then overbid them, saying they can turn even more cards face up. The highest bidder must then turn that number of cards face up, starting with their own. If they show only roses, they win; if they r"
33,Snake Oil,Party,,113289,2317,6.65597,6.17652,1.1274509803921569,2010,3,10,5-6,4-8,10,10+,20,30,Jeff Ochs,Card Game | Humor | Party Game,Acting | Hand Management | Player Judge | Storytelling,,Monikers | Wits & Wagers | Dimension | Werewords Deluxe Edition | Time's Up! Title Recall! | Say Anything | Deception: Murder in Hong Kong | Sheriff of Nottingham | Ca$h 'n Guns: Second Edition | Wavelength | Paperback | Tsuro | One Night Ultimate Werewolf | So Clover! | Two Rooms and a Boom | Codenames: Duet | Codenames | Forbidden Desert | Raccoon Tycoon | Cockroach Poker | New York Slice | Telestrations: 12 Player Party Pack | Letter Jam | Spyfall | Coup | Sushi Roll | FUSE | Wits & Wagers Party,1.00,auto,"In the Old West, the wily snake oil salesman had a special talent, getting the most skeptical customers to buy the most dubious products. Now it's your turn! Invent your own zany two-word products – Rumor Mirror! Burp Balloon! – and sell them to all types of wacky customers. If the round's customer buys your product, you win the round! To set up Snake Oil, each player takes six purple word cards. The customer for the round draws a customer card and announces it. Inventors quickly combine two purple word cards from their hand to form a crazy new product to sell to that customer. When ready, eac"
34,So Clover!,Party,,329839,273,7.59259,7.24173,1.1155778894472361,2021,3,6,3-4,2-6,10,10+,30,30,François Romain,Party Game | Word Game,Communication Limits | Cooperative Game,Word Games: Guess the Word,Just One | Ready Set Bet | Quacks | Codenames: Duet | QE | A Fake Artist Goes to New York | The Crew: The Quest for Planet Nine | Medium | Letter Jam | Codenames | Long Shot: The Dice Game | Deception: Murder in Hong Kong | Cubitos | The Crew: Mission Deep Sea | Wavelength | Magic Maze | Skull | Decrypto | The Gang | That's Not a Hat | Crokinole | Fun Facts | Men at Work | Cascadia | Flip 7 | Junk Art | ito | Illusion,1.00,auto,"So Clover! is a cooperative word-association game. Play as a team to get the highest score. Get Keywords and secretly write their common features on your Clover board; these are your Clues. Then work together to try to figure out each player&rsquo;s Keywords. At the end of the game, add up your score according to how many Keywords you found and write it in the Record of Legends. Try to beat your high score each game! -description from the publisher"
35,Spaceteam,Party,,184491,3276,6.55605,5.98192,1.0714285714285714,2015,3,6,6,4-6,10,8+,5,5,Tim Hutchings | Mathew Sisson,Card Game | Party Game | Real-time | Science Fiction | Space Exploration,Cooperative Game | Hand Management | Memory | Trading,Crowdfunding: Kickstarter,Poetry for Neanderthals | Betrayal at House on the Hill | Tsuro | Monikers | One Night Ultimate Werewolf | Snake Oil | Ransom Notes | Ravine | Wavelength | Coup | Anomia: Party Edition | Dutch Blitz | Funemployed | Gloom | Werewords Deluxe Edition | Bananagrams | Anomia | Telestrations: 12 Player Party Pack | Say Anything | The Chameleon | Forbidden Sky | A Little Wordy | Forbidden Desert | We're Doomed! | Tsuro of the Seas | Hues and Cues | Kill Doctor Lucky | Two Rooms and a Boom,1.00,auto,"Spaceteam is a fast-paced, cooperative shouting card game in which you race to repair your malfunctioning spaceship. Your goal is to ensure that all ship systems are functioning properly before time runs out. Each player must deal with the various malfunctions in their sector by flipping cards from the malfunction deck in front of them, and fixing the ship's systems. You'll have an arsenal of disorganized space tools spread among all players' hands, but finding the right tools can be harder than you think, especially when your Spaceteam is franticly worrying about malfunctions in their own sec"
36,Spot It!,Party,,63268,1678,6.52627,6.36018,1.0377358490566038,2009,2,8,4-5,2-7,6,4+,15,15,Denis Blanchot | Jacques Cottereau | Guillaume Gille-Naves | Igor Polouchine,Card Game | Children's Game | Educational | Party Game | Real-time | Sports,Hot Potato | Pattern Recognition | Speed Matching,"Books: Harry Potter | Brands: Disney | Characters: Smurfs | Characters: Stitch | Cities: San Francisco (California, USA) | Constructions: Louvre (France) | Containers: Round Boxes | Containers: Tin/Metal Box | Holidays: Easter | Holidays: Halloween | Islands: Corsica (France) | Islands: Galápagos (Ecuador) | Movies: Finding Nemo | Movies: Frozen | Movies: Pixar | Movies: Star Wars | Series: 31 Minutos (Fractal Juegos) | Series: World's Smallest (Super Impulse) | Sports Teams: Chicago Bears | Sports Teams: Chicago Cubs | Sports Teams: Major League Baseball (MLB) | Sports Teams: National Hockey League (NHL) | Sports Teams: Seattle Seahawks | Sports: Baseball | Sports: Golf | States: Washington | Theme: Camping | Theme: Fishing / Angling | Toys: Shopkins | TV Shows: Bluey",Saboteur | Dixit | Rummikub | Ghost Blitz | The Mind | Taco Cat Goat Cheese Pizza | Dixit: Odyssey | Jenga | Ticket to Ride: Europe | Kluster | Exploding Kittens | Codenames: Pictures | Jungle Speed | Ubongo | Carcassonne | UNO | KLASK | Magic Maze | Braintopia | Rhino Hero | Deep Sea Adventure | Sushi Go! | Catan | Labyrinth | Codenames | Concept | Love Letter | Happy Salmon,1.00,auto,"Spot it!, a.k.a. Dobble, is a simple pattern recognition game in which players try to find an image shown on two cards. Each card in original Spot it! features eight different symbols, with the symbols varying in size from one card to the next. Any two cards have exactly one symbol in common. For the basic Spot it! game, reveal one card, then another. Whoever spots the symbol in common on both cards claims the first card, then another card is revealed for players to search, and so on. Whoever has collected the most cards when the 55-card deck runs out wins! Rules for different games – each an "
37,Spyfall,Party,,166384,1102,6.73749,6.59764,1.2297551789077212,2014,3,8,6,4-8,13,12+,15,15,Alexandr Ushan,Bluffing | Deduction | Humor | Party Game | Spies / Secret Agents,Acting | Communication Limits | Memory | Role Playing | Roles with Asymmetric Information | Targeted Clues | Traitor Game | Voting,,Deception: Murder in Hong Kong | Sheriff of Nottingham | BANG! The Dice Game | Codenames | Ca$h 'n Guns: Second Edition | Captain Sonar | Magic Maze | Codenames: Pictures | The Resistance | Dixit | Welcome to the Dungeon | Hanabi | Coup | Decrypto | The Crew: The Quest for Planet Nine | Cryptid | Pandemic | Dead of Winter: A Crossroads Game | Galaxy Trucker | FUSE | Letter Jam | Mysterium | The Grizzled | Spyfall 2 | Love Letter | Codenames: Duet | Telestrations | The Mind,1.00,auto,"Spyfall is a party game unlike any other, one in which you get to be a spy and try to understand what's going on around you. It's really simple! Spyfall is played over several rounds, and at the start of each round all players receive cards showing the same location — a casino, a traveling circus, a pirate ship, or even a space station — except that one player receives a card that says ""Spy"" instead of the location. Players then start asking each other questions — ""Why are you dressed so strangely?"" or ""When was the last time we got a payday?"" or anything else you can come up with — trying to "
38,Sushi Go Party!,Party,,192291,285,7.37341,7.21815,1.3247978436657681,2016,2,8,4-5,2-8,8,8+,20,20,Phil Walker-Harding,Card Game | Party Game,Closed Drafting | End Game Bonuses | Hand Management | Set Collection | Simultaneous Action Selection | Variable Set-up,Containers: Tin/Metal Box | Country: Japan | Food & Drink: Fruit | Food & Drink: Ice Cream & Gelato | Food & Drink: Sushi | Theme: Food / Cooking,Sushi Go! | Splendor | Santorini | Azul | Sagrada | Century: Golem Edition | Pandemic | Codenames | King of Tokyo | Hanabi | Photosynthesis | Camel Up (Second Edition) | Wingspan | Patchwork | Coup | Just One | Jaipur | Carcassonne | Love Letter | Skull | Heat: Pedal to the Metal | The Crew: The Quest for Planet Nine | Dice Forge | Point Salad | Onitama | Love Letter | Ticket to Ride | Downforce,1.00,auto,"Sushi Go Party! expands Sushi Go! with a party platter of mega maki, super sashimi, and endless edamame. You still earn points by picking winning sushi combos, but now you can customize each game by choosing &agrave; la carte from a menu of more than twenty delectable dishes. What's more, up to eight players can join in on the sushi-feast. Let the good times roll! —description from the publisher"
39,Sushi Go!,Party,,133473,656,6.98218,6.87001,1.1638418079096045,2013,2,5,4,3-5,8,6+,15,15,Phil Walker-Harding,Card Game | Party Game,Closed Drafting | End Game Bonuses | Hand Management | Score-and-Reset Game | Set Collection | Simultaneous Action Selection,Containers: Tin/Metal Box | Country: Japan | Crowdfunding: Indiegogo | Food & Drink: Sushi | Theme: Food / Cooking,Sushi Go Party! | Ticket to Ride | Splendor | Azul | Santorini | King of Tokyo | Carcassonne | Pandemic | Kingdomino | Patchwork | Forbidden Island | Love Letter | Photosynthesis | Jaipur | Hanabi | Takenoko | Tokaido | Codenames | Wingspan | Sagrada | Point Salad | Downforce | Coup | Century: Golem Edition | Dice Forge | Onitama | 7 Wonders Duel | Diamant,1.00,auto,"In the super-fast sushi card game Sushi Go!, you are eating at a sushi restaurant and trying to grab the best combination of sushi dishes as they whiz by. Score points for collecting the most sushi rolls or making a full set of sashimi. Dip your favorite nigiri in wasabi to triple its value! And once you've eaten it all, finish your meal with all the pudding you've got! But be careful which sushi you allow your friends to take; it might be just what they need to beat you! Sushi Go! takes the card-drafting mechanism of Fairy Tale and 7 Wonders and distills it into a twenty-minute game that anyo"
40,Taco Cat Goat Cheese Pizza,Party,,253664,2341,6.47874,6.16711,1.0338164251207729,2018,2,8,4-6,3-8,8,6+,10,30,Dave Campbell (II),Action / Dexterity | Card Game | Children's Game | Party Game | Real-time,Interrupts | Pattern Recognition | Race | Real-Time | Speed Matching,Animals: Cats | Animals: Goats | Crowdfunding: Kickstarter | Food & Drink: Cheese | Food & Drink: Pizza | Series: 31 Minutos (Fractal Juegos) | Series: Taco Cat Goat Cheese Pizza | Theme: Food / Cooking | Traditional Card Games: Snap,Happy Salmon | Hues and Cues | Exploding Kittens | Throw Throw Burrito | Tapple | Monopoly Deal Card Game | Spot it! | MANTIS | Dixit: Disney Edition | Herd Mentality | Tinderblox | Power Hungry Pets | Sheriff of Nottingham: 2nd Edition | Jenga | Bananagrams | The Mind | Hand-to-Hand Wombat | Ramen Fury | UNO | Exploding Kittens: Party Pack | Sequence | Exploding Minions | UNO: Show 'Em No Mercy | The Chameleon | Camel Up (Second Edition) | Poetry for Neanderthals | Codenames: Pictures | Love Letter,1.00,auto,"Taco Cat Goat Cheese Pizza is filled to the brim with hand-slapping mayhem! As in Snap and Dobble, each player places a card from their hand face up into a community pile while saying taco/cat/goat/cheese/pizza in player sequence. When the card matches the mantra — boom! — everyone slaps their hand on the deck, with the last one to slap picking up the cards. Whoever rids themselves of cards first wins! For extra fun, special action cards – the gorilla, narwhal, and groundhog — force players to make certain gestures before racing to slap the deck!"
41,Take 6!,Party,,432,675,6.9844,6.85764,1.1887840088839534,1994,2,10,5-6,3-10,8,8+,45,45,Wolfgang Kramer,Card Game | Number | Party Game,Hand Management | Ordering | Push Your Luck | Score-and-Reset Game | Simultaneous Action Selection,Animals: Cattle / Cows | Containers: Tin/Metal Box | Series: Beveled Boxes (Gigamic),"Azul | Diamant | Carcassonne | Lost Cities | Hanabi | L.L.A.M.A. | Patchwork | Skull King | Jaipur | Coloretto | Love Letter | For Sale | Can't Stop | Splendor | Kingdomino | Sea Salt & Paper | No Thanks! | 7 Wonders Duel | Perudo | The Crew: The Quest for Planet Nine | My City | Hey, That's My Fish! | Kingdom Builder | Point Salad | Hanamikoji | Just One | Bohnanza | Alhambra",1.00,auto,"In Take 5, a.k.a. 6 nimmt!, Category 5 and many other names, you want to score as few points as possible. To play the game, you shuffle the 104 number cards, lay out four cards face-up to start the four rows, then deal ten cards to each player. Each turn, players simultaneously choose and reveal a card from their hand, then add the cards to the rows, with cards being placed in ascending order based on their number; specifically, each card is placed in the row that ends with the highest number that's below the card's number. When the sixth card is placed in a row, the owner of that card claims "
42,Telestrations,Party,,46213,348,7.37695,7.14588,1.0697211155378485,2009,4,8,8,"5-8, 9",12,8+,30,30,(Uncredited),Humor | Party Game | Real-time,Drawing | Paper-and-Pencil,,Codenames | Dixit | Decrypto | Skull | The Mind | One Night Ultimate Werewolf | Codenames: Pictures | Deception: Murder in Hong Kong | Wavelength | Two Rooms and a Boom | Concept | Love Letter | Coup | Hanabi | Just One | Cryptid | Codenames: Duet | Mysterium | Sushi Go Party! | The Crew: The Quest for Planet Nine | Blokus | Cockroach Poker | Spyfall | The Resistance: Avalon | BANG! The Dice Game | Pandemic | Anomia | Camel Up (Second Edition),1.00,auto,"The award-winning party game Telestrations will get your family and friends laughing as they draw what they see, then guess what they saw for hours of hilarious miscommunication. All players simultaneously sketch, pass, and guess while revealing laugh-out-loud and unpredictable outcomes!"
43,The Chameleon,Party,,227072,2329,6.50415,6.1715,1.05,2017,3,8,6-7,4-8,14,10+,15,15,Rikki Tahta,Bluffing | Card Game | Deduction | Humor | Party Game | Word Game,Hidden Roles | Targeted Clues | Team-Based Game | Voting,Animals: Chameleons,Poetry for Neanderthals | Hues and Cues | Ransom Notes | A Little Wordy | That Escalated Quickly | Herd Mentality | Tapple | Dutch Blitz | Bananagrams | Monopoly Deal Card Game | Blockbuster | Throw Throw Burrito | Blank Slate | Really Loud Librarians | Tacocat Spelled Backwards | Sequence | Telestrations: After Dark | Anomia: Party Edition | Wavelength | Monopoly Deal | Fire Tower | One Night Ultimate Werewolf | Anomia | Telestrations: 12 Player Party Pack | You've Got Crabs | Cover Your Assets | Snakesss | Hand-to-Hand Wombat,1.00,auto,"A bluffing deduction game for everyone. Each round involves two missions, depending on whether you&rsquo;re the Chameleon or not. Mission 1: You are the Chameleon. No one knows your identity except you. Your mission is to blend in, not get caught and to work out the Secret Word. Mission 2: You are not the Chameleon. Try to work out who the Chameleon is without giving away the Secret Word. At the beginning of the round each player receives a card that tells them if they are the Chameleon or hunting the Chameleon. Two dice are rolled and this gives everyone (except the Chameleon) the coordinates"
44,The Mind,Party,,244992,1110,6.71681,6.59355,1.073738680465718,2018,2,4,4,"2-4, 5",8,8+,20,20,Wolfgang Warsch,Card Game | Number,Communication Limits | Cooperative Game | Hand Management,Series: Nature Line (Nürnberger-Spielkarten-Verlag) | Series: NSV Middys (Nürnberger Spielkartenverlag),Dixit | Codenames | Codenames: Pictures | Magic Maze | Concept | That's Not a Hat | Love Letter | Hanabi | Cryptid | Codenames: Duet | Secret Hitler | Telestrations | Deep Sea Adventure | Mysterium | The Crew: The Quest for Planet Nine | A Fake Artist Goes to New York | Decrypto | Skull | BANG! The Dice Game | Just One | Sushi Go Party! | Mysterium Park | Wavelength | Coup | Obscurio | The Game | Spyfall | Cockroach Poker,1.00,auto,"The Mind is more than just a game. It's an experiment, a journey, a team experience in which you can't exchange information, yet will become one to defeat all the levels of the game. In more detail, the deck contains cards numbered 1-100, and during the game you try to complete 12, 10, or 8 levels of play with 2, 3, or 4 players. In a level, each player receives a hand of cards equal to the number of the level: one card in level 1, two cards in level 2, etc. Collectively you must play these cards into the center of the table on a single discard pile in ascending order but you cannot communicat"
45,Timeline: Inventions,Party,,85256,1539,6.69559,6.41182,1.0909090909090908,2010,2,8,4,2-8,8,8+,15,15,Frédéric Henry,Card Game | Educational | Trivia,Ordering,Containers: Tin/Metal Box,Timeline: Events | Timeline: Science & Discoveries | Timeline: General Interest | Dixit | Concept | Codenames | Telestrations | Codenames: Pictures | Pandemic | Love Letter | BANG! The Dice Game | Ticket to Ride: New York | Timeline | Hanabi | Spyfall | The Mind | Mr. Jack Pocket | Codenames: Duet | Jamaica | Carcassonne | Queendomino | Escape: The Curse of the Temple | Takenoko | Sushi Go! | FUSE | Sushi Go Party! | Magic Maze | Ticket to Ride: Germany,1.00,auto,"Timeline: Inventions is a card game played using 55 cards. Each card depicts an invention on both sides, with the year in which that invention was created on only one side. Players take turns placing a card from their hand in a row on the table. After placing the card, the player reveals the date on it. If the card was placed correctly with the date in chronological order with all other cards on the table, the card stays in place; otherwise the card is removed from play and the player takes another card from the deck. The first player to get rid of all their cards by placing them correctly win"
46,Uno,Party,,2223,30384,5.48115,5.35123,1.1003740648379052,1971,2,10,4-6,3-8,6,5+,30,30,Merle Robbins,Card Game | Children's Game | Comic Book / Strip | Movies / TV / Radio theme | Number,Hand Management | Lose a Turn | Matching | Take That,"Animals: Dogs | Books: Diary of a Wimpy Kid | Brands: Coca-Cola | Brands: Disney | Card Games: Matching | Card Games: Shedding / Stops | Cities: Detroit (Michigan, USA) | Comic Books: Marvel Universe | Comic Books: One Piece | Country: USA | Fictional Events: Clone Wars | Holidays: Thanksgiving | Movies: Ghostbusters | Movies: Pixar | Movies: Star Wars | Movies: Toy Story | Promotional: Board Games | Series: Pinkalicious (Fundex) | Series: World's Smallest (Super Impulse) | Theme: Anime / Manga | Theme: Superheroes | Traditional Card Games: Eights | TV Shows: Adventure Time | TV Shows: Family Guy | TV Shows: Hanna-Barbera | TV Shows: Monster High | TV Shows: Scooby-Doo! | TV Shows: The Simpsons",Jenga | Monopoly | Scrabble | Dominoes | Connect Four | Twister | Mastermind | Battleship | Guess Who? | Risk | Clue | Rummikub | Pictionary | Yahtzee | Monopoly Deal Card Game | Exploding Kittens | The Game of Life | Pachisi | Pass the Pigs | Bingo | Clue | UNO Flip! | Kalah | Chess | Stratego | Sequence | Skip-Bo | Cranium,1.00,auto,"Players race to empty their hands and catch opposing players with cards left in theirs, which score points. In turns, players attempt to play a card by matching its color, number, or word to the topmost card on the discard pile. If unable to play, players draw a card from the draw pile, and if still unable to play, they pass their turn. Wild and special cards spice things up a bit. UNO is a commercial version of Crazy Eights, a public domain card game played with a standard deck of playing cards. This entry includes all themed versions of UNO that do not include new cards."
47,Wavelength,Party,,262543,527,7.2002,6.97487,1.1118881118881119,2019,2,12,"6, 8",4-12,14,10+,30,45,Alex Hague | Justin Vickers | Wolfgang Warsch,Party Game,Race | Targeted Clues | Team-Based Game,Crowdfunding: Kickstarter,Skull | Monikers | Werewords Deluxe Edition | Coup | One Night Ultimate Werewolf | A Fake Artist Goes to New York | Camel Up (Second Edition) | Deception: Murder in Hong Kong | Codenames | Cockroach Poker | Decrypto | Two Rooms and a Boom | Ready Set Bet | Secret Hitler | Telestrations | Letter Jam | Don't Get Got! | So Clover! | Just One | Sushi Go Party! | Codenames: Duet | Captain Sonar | The Mind | Sheriff of Nottingham | Crokinole | That's Not a Hat | Codenames: Pictures | Anomia,1.00,auto,"Wavelength is a social guessing game in which two teams compete to read each other's minds. Teams take turns rotating a dial to where they think a hidden bullseye is located on a spectrum. One of the players on your team — the Psychic — knows exactly where the bullseye is, and draws a card with a pair of binaries on it (such as: Job - Career, Rough - Smooth, Fantasy - Sci-Fi, Sad Song - Happy Song, etc). The Psychic must then provide a clue that is *conceptually* where the bullseye is located between those two binaries. For example, if the card this round is HOT-COLD and the bullseye is slight"
48,We're Doomed!,Party,,264806,5258,6.40941,5.76199,1.25,2019,4,10,"7-8, 10",4-10,13,12+,15,15,Mike Horton,Card Game | Civilization | Negotiation | Party Game,Auction / Bidding | Player Elimination | Variable Player Powers | Voting,,Hollywood 1947 | Monikers | Wavelength | Fire Tower | Poetry for Neanderthals | Hues and Cues | Tiny Laser Heist | Night of the Ninja | Kabuto Sumo | This Game Is Killer: Alien on Board | One Night Ultimate Werewolf | Werewords Deluxe Edition | Décorum | Ransom Notes | The Night Cage | That Escalated Quickly | Fiction | Things in Rings | Two Rooms and a Boom | Gravwell: 2nd Edition | Ravine | MonsDRAWsity | Spaceteam | Green Team Wins | That's a Question! | Don't Get Got! | The Chameleon | Coup,1.00,auto,"We're doomed! The world is coming to an end! We must act now to survive!!! Players are the most powerful leaders in the world working alongside up to nine others to build a starship. Time is short! The goal? Build and be on a starship that escapes a dying world — or betray everyone to ensure your own survival. No seats on the starship are guaranteed. We're Doomed! is a quick, timed, panic-inducing game of international collaboration, retaliation, diplomacy, conspiracy, and blowing each other up for fun! It is not the 11th hour. It is the final hour. Do we have time? How many seats will be avai"
49,Wits & Wagers,Party,,20100,860,6.92712,6.72875,1.205,2005,3,7,6-7,"4-7, 8",10,8+,25,25,Dominic Crapuchettes,Bluffing | Party Game | Trivia,Betting and Bluffing | Paper-and-Pencil,,Sheriff of Nottingham | Codenames | Forbidden Desert | Pandemic | Say Anything | Crokinole | Tsuro | Time's Up! Title Recall! | Deception: Murder in Hong Kong | Telestrations | Snake Oil | Telestrations: 12 Player Party Pack | Spyfall | Wavelength | Codenames: Duet | Forbidden Island | KLASK | Ca$h 'n Guns: Second Edition | Paperback | Downforce | Blokus | Ticket to Ride | Dominion | Coup | One Night Ultimate Werewolf | Sushi Go! | FUSE | Skull,1.00,auto,"Not a trivia buff? It doesn't matter! In Wits & Wagers, each player writes a guess to a question such as &ldquo;In what year did the bikini swimsuit makes its first appearance?&rdquo; or &ldquo;How many feet wide is an NFL football field?&rdquo; and places it face-up on the betting mat. Think you know the answer? Bet on your guess. Think you know who the experts are? Bet on their guess. The closest answer — without going over — pays out according to the odds on the betting mat. Strike it big and you'll be cheering like you just hit the jackpot! Wits & Wagers is a trivia game that lets you bet "
50,7 Wonders: Duel,Mid-Weight Strategy,,173346,24,8.07784,7.95307,2.2272993555946106,2015,2,2,2,2,10,10+,30,30,Antoine Bauza | Bruno Cathala,Ancient | Card Game | City Building | Civilization | Economic,End Game Bonuses | Income | Melding and Splaying | Modular Board | Multi-Use Cards | Once-Per-Game Abilities | Open Drafting | Score-and-Reset Game | Set Collection | Sudden Death Ending | Tags | Tech Trees / Tech Tracks | Track Movement | Tug of War | Variable Set-up,Ancient: Babylon | Ancient: Egypt | Ancient: Greece | Ancient: Rome | Constructions: Lighthouses | Constructions: Pyramids | Versions & Editions: Two-Player Versions of More-Player Games,Azul | Patchwork | Wingspan | Splendor Duel | It's a Wonderful World | Heat: Pedal to the Metal | Res Arcana | Cartographers | Splendor | Jaipur | Lost Ruins of Arnak | Takenoko | Five Tribes: The Djinns of Naqala | The Castles of Burgundy | Santorini | Welcome To... | 7 Wonders | Hanamikoji | Nidavellir | Kingdomino | Targi | Century: Spice Road | Hanabi | The Crew: The Quest for Planet Nine | Dice Forge | Terraforming Mars | Planet Unknown | My City,1.00,auto,"In many ways 7 Wonders Duel resembles its parent game 7 Wonders. Over three ages, players acquire cards that provide resources or advance their military or scientific development in order to develop a civilization and complete wonders. What's different about 7 Wonders Duel is that, as the title suggests, the game is solely for two players. Players do not draft cards simultaneously from decks of cards, but from a display of face-down and face-up cards arranged at the start of a round. A player can take a card only if it's not covered by any others, so timing comes into play, as it can with bonu"
51,Agricola,Mid-Weight Strategy,,31260,64,7.85798,7.72518,3.6351937984496123,2007,1,5,3-4,1-5,12,12+,30,150,Uwe Rosenberg,Animals | Economic | Farming,Automatic Resource Growth | Closed Drafting | Enclosure | Increase Value of Unchosen Resources | Solo / Solitaire Game | Turn Order: Claim Action | Worker Placement,Animals: Cattle / Cows | Animals: Horses | Animals: Pigs | Animals: Sheep | Occupation: Farmer | Series: Harvest (Uwe Rosenberg) | Theme: Food / Cooking,Puerto Rico | Terra Mystica | Power Grid | Race for the Galaxy | The Castles of Burgundy | Through the Ages: A New Story of Civilization | Through the Ages: A Story of Civilization | Great Western Trail | Concordia | Caylus | 7 Wonders | Tzolk'in: The Mayan Calendar | Steam | Dominion | Russian Railroads | Terraforming Mars | Le Havre | Keyflower | Caverna: The Cave Farmers | Shogun | Galaxy Trucker | Troyes | Dominant Species | Stone Age | Istanbul | The Voyages of Marco Polo | Small World | Gaia Project,1.00,auto,"In Agricola, you're a farmer in a wooden shack with your spouse and little else. At first, on a turn, your family gets to take only two actions, one for you and one for your spouse, as might be found among all the possibilities on a farm: plowing fields; collecting materials; building fences, and so on. There are numerous choices available, and while the game progresses you'll have more and more, as each round a new action card is flipped over, offering one more possible action. You might think about having kids in order to get more work accomplished but first you'll need to expand your house "
52,Altiplano,Mid-Weight Strategy,,234487,474,7.42358,7.02072,3.293577981651376,2017,2,5,3,2-4,12,12+,60,120,Reiner Stockhausen,Economic,"Action Points | Contracts | Deck, Bag, and Pool Building | Modular Board | Open Drafting | Tile Placement | Turn Order: Progressive | Variable Player Powers | Variable Set-up | Worker Placement",Country: Bolivia | Mountains: Andes | Occupation: Farmer,Coimbra | Pulsar 2849 | Gùgōng | Blackout: Hong Kong | Rajas of the Ganges | Trajan | Grand Austria Hotel | Tzolk'in: The Mayan Calendar | Santa Maria | Hallertau | Paladins of the West Kingdom | Underwater Cities | The Manhattan Project: Energy Empire | Yokohama | Lorenzo il Magnifico | Boonlake | Great Western Trail | Bonfire | Rococo | Gentes | Endeavor: Age of Sail | Crown of Emara | Le Havre | Alma Mater | Mombasa | The Voyages of Marco Polo | Whistle Mountain | Furnace,1.00,auto,"Altiplano is a bag-building game along the lines of Orl&eacute;ans, set in the South American highlands of the Andes (the ""Altiplano""). The competition for limited resources is considerable, as it was in Orl&eacute;ans, but the greater focus in Altiplano is on building up your own production to be the best that it can be - or at least better than that of the other players! The object of the game is for players to use their goods to produce more goods that will be worth points in the end. Each player starts with a unique role tile, giving them access to different goods and methods of production"
53,Archeos Society,Mid-Weight Strategy,,380938,2560,7.07951,6.11922,1.9772727272727273,2023,2,6,4,2-6,12,8+,60,60,Paolo Mori,Exploration,Hand Management | Open Drafting | Push Your Luck | Set Collection,Theme: Archaeology / Paleontology,Orichalcum | Empire's End | First Rat | Mille Fiori | Tribes of the Wind | Paper Tales | Furnace | IKI | Fantastic Factories | Waterfall Park | Caesar's Empire | In the Hall of the Mountain King | Caldera Park | Nidavellir | Stellar | Whistle Mountain | Khôra: Rise of an Empire | The Red Cathedral | Coloma | Yamataï | Trekking Through History | Cascadia | Cubitos | Meadow | 3 Ring Circus | Rebirth | Encyclopedia | For the King (and Me),1.00,auto,"Guide your team in Archeos Society as you explore legendary sites! You must decide whether to form small expeditions for quick progression, or larger expeditions that are more efficient but slower to assemble. On each of your turns, you either recruit a new explorer or launch an expedition by playing your cards using a group of matching colors or roles. Choose your expedition leader wisely as they determine which region you explore and provide a special ability for that expedition. Note that whenever you launch an expedition, unplayed cards in your hand are made available for your opponents to"
54,Architects of the West Kingdom,Mid-Weight Strategy,,236457,130,7.70676,7.51214,2.7629427792915533,2018,1,5,4,1-5,12,10+,60,80,S J Macdonald | Shem Phillips,City Building | Economic | Medieval,Area Movement | Contracts | End Game Bonuses | Events | Kill Steal | Loans | Open Drafting | Solo / Solitaire Game | Static Capture | Tags | Take That | Track Movement | Variable Player Powers | Variable Set-up | Worker Placement,Crowdfunding: Kickstarter | History: Francia | Occupation: Architect | Religious: Monks/Abbots & Monasteries/Abbeys | Series: Medieval Trilogies (Garphill Games) | Series: The West Kingdom Trilogy (Garphill Games) | Theme: Construction,Lost Ruins of Arnak | Orléans | Tapestry | Five Tribes: The Djinns of Naqala | Viticulture Essential Edition | Ark Nova | Teotihuacan: City of Gods | Earth | Maracaibo | Paladins of the West Kingdom | Clans of Caledonia | Tzolk'in: The Mayan Calendar | Obsession | Revive | A Feast for Odin | Furnace | The White Castle | Yokohama | Raiders of the North Sea | The Castles of Burgundy | Caverna: The Cave Farmers | Grand Austria Hotel | Planet Unknown | Wingspan | Viscounts of the West Kingdom | Underwater Cities | Pirates of Maracaibo | Lorenzo il Magnifico,1.00,auto,"Architects of the West Kingdom is set at the end of the Carolingian Empire, circa 850 AD. As royal architects, players compete to impress their King and maintain their noble status by constructing various landmarks throughout his newly appointed domain. Players need to collect raw materials, hire apprentices, and keep a watchful eye on their workforce. These are treacherous times, and rival architects will stop at nothing to slow your progress. Will you remain virtuous, or be found in the company of thieves and black marketeers? The aim of Architects of the West Kingdom is to be the player wit"
55,Bora Bora,Mid-Weight Strategy,,127060,326,7.5577,7.17105,3.7254901960784315,2013,2,4,4,2-4,12,14+,60,120,Stefan Feld,Dice,Dice Rolling | Set Collection | Worker Placement | Worker Placement with Dice Workers,Islands: French Polynesia (France) | Region: Oceania | Series: Alea Big Box | Theme: Seashells,Trajan | AquaSphere | Amerigo | Bruges | Macao | The Oracle of Delphi | Mombasa | Rococo | Navegador | Heaven & Ale | Luna | In the Year of the Dragon | At the Gates of Loyang | Le Havre | Shipyard | Bruxelles 1893 | Carpe Diem | Troyes | Lancaster | Coimbra | Santa Maria | The Voyages of Marco Polo | Ora et Labora | Francis Drake | Notre Dame | La Isla | Lorenzo il Magnifico | Tzolk'in: The Mayan Calendar,1.00,auto,"Stake your fortunes in the mysterious island world of Bora Bora. Journey across islands, building huts where the resilient men and women of your tribes can settle, discovering fishing grounds and collecting shells. Send priests to the temples, and gather offerings to curry favor with the gods. In Bora Bora, players use dice to perform a variety of actions using careful insight and tactical planning. The heart of the game is its action resolution system in which 5-7 actions are available each round, the exact number depending on the number of players. Each player rolls three dice at the start o"
56,Brass: Lancashire,Mid-Weight Strategy,,28720,22,8.19826,7.95992,3.844380403458213,2007,2,4,4,2-4,14,14+,60,120,Martin Wallace,Age of Reason | Economic | Educational | Industry / Manufacturing | Post-Napoleonic | Transportation,Chaining | End Game Bonuses | Hand Management | Income | Loans | Market | Multi-Use Cards | Network and Route Building | Ownership | Tags | Tech Trees / Tech Tracks | Tile Placement | Turn Order: Stat-Based | Variable Set-up,"Cities: Manchester (England, UK) | Country: England | Crowdfunding: Spieleschmiede | History: Industrial Revolution | Theme: Canals",Food Chain Magnate | Hansa Teutonica | Dominant Species | Power Grid | Keyflower | Pax Pamir: Second Edition | Pipeline | Terra Mystica | Le Havre | Through the Ages: A New Story of Civilization | Concordia | Troyes | Barrage | Automobile | Brass: Birmingham | Ora et Labora | Imperial 2030 | The Gallerist | Chicago 1875: City of the Big Shoulders | Three Kingdoms Redux | Faiyum | Dominant Species: Marine | Great Western Trail | Gaia Project | Glory to Rome | El Grande | Tammany Hall | Container: 10th Anniversary Jumbo Edition!,1.00,auto,"Brass: Lancashire — first published as Brass — is an economic strategy game that tells the story of competing cotton entrepreneurs in Lancashire during the industrial revolution. You must develop, build and establish your industries and network so that you can capitalize on demand for iron, coal and cotton. The game is played over two halves: the canal phase and the rail phase. To win the game, score the most victory points (VPs), which are counted at the end of each phase. VPs are gained from your canals, rails, and established (flipped) industry tiles. Each round, players take turns accordin"
57,Bruges,Mid-Weight Strategy,,136888,386,7.42518,7.10189,2.755632582322357,2013,2,4,3,2-4,13,10+,60,60,Stefan Feld,Card Game | City Building | Economic | Renaissance,Dice Rolling | Hand Management | Multi-Use Cards,Cities: Bruges (Belgium) | Country: Belgium | Series: Bruges,Bora Bora | Rococo | Amerigo | Macao | In the Year of the Dragon | The Voyages of Marco Polo | Notre Dame | The Oracle of Delphi | Trajan | Village | Istanbul | Glen More | At the Gates of Loyang | Heaven & Ale | Mombasa | Isle of Skye: From Chieftain to King | Lancaster | Troyes | Carpe Diem | Santa Maria | Goa | Navegador | AquaSphere | Le Havre | La Isla | Caylus | Glass Road | Lewis & Clark: The Expedition,1.00,auto,"Bruges in the 15th century – culture and commerce flourish and make the Belgian Hanseatic city into one of the wealthiest cities in Europe. In Bruges (a.k.a. Brugge or Br&uuml;gge depending on the country in which you live), players assume the role of merchants who must maintain their relationships with those in power in the city while competing against one another for influence, power, and status. Dramatic events cast their shadows over the city, with players needing to worry about threats to their prosperity from more than just their opponents... The game includes 165 character cards, with e"
58,Castles of Mad King Ludwig,Mid-Weight Strategy,,155426,233,7.49905,7.3086,2.6460554371002134,2014,1,4,4,2-4,13,10+,90,90,Ted Alspach,Post-Napoleonic | Puzzle,"End Game Bonuses | Hidden Victory Points | I Cut, You Choose | Increase Value of Unchosen Resources | Pattern Building | Set Collection | Tile Placement | Turn Order: Progressive",Country: Germany | Crowdfunding: Wspieram | Occupation: Architect | Theme: Construction,Welcome To... | It's a Wonderful World | Space Base | Gizmos | Bunny Kingdom | Tokaido | Splendor | Azul: Summer Pavilion | Bärenpark | Tiny Towns | Evolution | Wingspan | Century: Spice Road | Viticulture | Azul | The Isle of Cats | Patchwork | Kingdomino | 7 Wonders: Architects | Aquatica | Splendor Duel | The Castles of Burgundy | King of Tokyo | 7 Wonders Duel | Dice Forge | Hadara | Santorini | Cartographers,1.00,auto,"In the tile-laying game Castles of Mad King Ludwig, players are tasked with building an amazing, extravagant castle for King Ludwig II of Bavaria...one room at a time. You see, the King loves castles, having built Neuschwanstein (the castle that inspired the Disney theme park castles) and others, but now he's commissioned you to build the biggest, best castle ever — subject, of course, to his ever-changing whims. Each player acts as a building contractor who is adding rooms to the castle he's building while also selling his services to other players. In the game, each player starts with a simp"
59,Caylus 1303,Mid-Weight Strategy,,284818,1015,7.40571,6.64543,2.8767123287671232,2019,2,5,4,2-5,12,10+,60,90,William Attia,City Building | Economic | Medieval,Action Queue | End Game Bonuses | Hidden Victory Points | Income | Open Drafting | Ownership | Resource to Move | Tags | Take That | Tile Placement | Turn Order: Claim Action | Turn Order: Pass Order | Variable Player Powers | Variable Set-up | Victory Points as a Resource | Worker Placement,Category: Combinatorial | Country: France,London (Second Edition) | Coimbra | Endeavor: Age of Sail | Troyes | Gùgōng | Trajan | Great Western Trail | Tzolk'in: The Mayan Calendar | Bonfire | Concordia | Isle of Skye: From Chieftain to King | Grand Austria Hotel | Le Havre | IKI | Glen More II: Chronicles | Pulsar 2849 | The Voyages of Marco Polo | Furnace | Mombasa | The Red Cathedral | Smartphone Inc. | Yokohama | Rajas of the Ganges | Keyflower | Anno 1800: The Board Game | Heaven & Ale | Blackout: Hong Kong | Lorenzo il Magnifico,1.00,auto,"A classic game is back! As one of the first worker placement games, Caylus stands among the true board game classics of the 2000s. The original designers' team, together with the Space Cowboys, have now created a revamped version! The mechanisms of Caylus 1303 have been streamlined and modernized for an intense and shorter game. Don't be fooled, though, as the game has kept both its depth and ease of play while a lot of new features have been added: Variability of the starting position for a virtual infinity of possibilities. No more pre-set strategies! Characters with special abilities, with "
60,Century: Eastern Wonders,Mid-Weight Strategy,,242574,900,7.09672,6.70573,2.108108108108108,2018,2,4,4,2-4,8,8+,30,45,Emerson Matsuuchi,Nautical,Contracts | Grid Movement | Modular Board | Pick-up and Deliver | Point to Point Movement | Set Collection,Region: Oceania,Century: A New World | Quadropolis | Kanagawa | Azul: Stained Glass of Sintra | Century: Spice Road | Isle of Skye: From Chieftain to King | Majesty: For the Realm | Istanbul | Reef | Port Royal | Sagrada | Oh My Goods! | Caverna: Cave vs Cave | Istanbul: The Dice Game | Dragon Castle | Cottage Garden | The Red Cathedral | Raiders of the North Sea | Stone Age | Dinosaur Island | Five Tribes: The Djinns of Naqala | Queendomino | Agricola: All Creatures Big and Small | Furnace | Ishtar: Gardens of Babylon | Kingsburg (Second Edition) | Coimbra | Clank!: A Deck-Building Adventure,1.00,auto,"Centuries ago, the lucrative spice trade compelled the prosperous nations of the world to explore alternate routes to the sources of these precious goods. These nations took to the seas to seek out exotic lands. This led to the discovery of the famed Spice Islands where the most valuable spices of the world were found. This discovery also led to further exploration, competition....and later, war! During this time of prosperity and opportunity, you find yourself traveling on the high seas in search of these exotic wonders. As a merchant and privateer representing your nation, you seek to contro"
61,Champions of Midgard,Mid-Weight Strategy,,172287,165,7.70351,7.41546,2.622916666666667,2015,2,4,4,2-4,10,10+,60,90,Ole Steiness,Adventure | Dice | Fantasy | Fighting | Medieval | Mythology,Dice Rolling | Set Collection | Variable Player Powers | Worker Placement,Crowdfunding: Spieleschmiede | Mythology: Norse | Theme: Vikings,Dinosaur Island | Roll Player | Raiders of the North Sea | Lords of Waterdeep | Clank!: A Deck-Building Adventure | Mission: Red Planet (Second/Third Edition) | Terraforming Mars: Ares Expedition | Blood Rage | Mystic Vale | Near and Far | Dead of Winter: A Crossroads Game | Clank! In! Space!: A Deck-Building Adventure | Roll for the Galaxy | Scythe | Dune: Imperium | Viticulture Essential Edition | Vindication | Mechs vs. Minions | Dwellings of Eldervale | Imperial Settlers: Empires of the North | Mosaic: A Story of Civilization | Steampunk Rally | Res Arcana | In the Hall of the Mountain King | Dice Throne: Season One | Atlantis Rising (Second Edition) | Furnace | Suburbia,1.00,auto,"Champions of Midgard is a middleweight, Viking-themed, worker placement game with dice rolling in which players are leaders of Viking clans who have traveled to an embattled Viking harbor town to help defend it against the threat of trolls, draugr, and other mythological Norse beasts. By defeating these epic creatures, players gain glory and the favor of the gods. When the game ends, the player who has earned the most glory earns the title of Jarl and is recognized as a champion of Midgard! Placing workers allows for the collection of resources and warriors, which players may then send on jour"
62,Charterstone,Mid-Weight Strategy,,197376,633,7.17531,6.88792,2.857142857142857,2017,1,6,6,2-6,14,10+,45,75,Jamey Stegmaier,City Building | Economic | Medieval,Catch the Leader | Hand Management | Legacy Game | Open Drafting | Scenario / Mission / Campaign Game | Solo / Solitaire Game | Worker Placement,Organizations: Automa Factory,Dinosaur Island | Near and Far | Above and Below | Mystic Vale | Roll Player | Lords of Waterdeep | Euphoria: Build a Better Dystopia | Terraforming Mars: Ares Expedition | Red Rising | Pandemic Legacy: Season 1 | Pandemic | Tapestry | Raiders of the North Sea | Roll for the Galaxy | Pandemic Legacy: Season 2 | Ex Libris | Clank! Legacy: Acquisitions Incorporated | Clank!: A Deck-Building Adventure | Champions of Midgard | Scythe | Between Two Castles of Mad King Ludwig | Wingspan | Atlantis Rising (Second Edition) | Dead of Winter: A Crossroads Game | Viticulture Essential Edition | Mechs vs. Minions | Photosynthesis | Between Two Cities,1.00,auto,"The prosperous Kingdom of Greengully, ruled for centuries by the Forever King, has issued a decree to its citizens to colonize the vast lands beyond its borders. In an effort to start a new village, the Forever King has selected six citizens for the task, each of whom has a unique set of skills they use to build their charter. In Charterstone, a competitive legacy game, you construct buildings and populate a shared village. Building stickers are permanently added to the game board and become action spaces for any player to use. Thus, you start off with simple choices and few workers, but soon "
63,Clank!,Mid-Weight Strategy,,201808,98,7.76225,7.59698,2.2316176470588234,2016,2,4,3,2-4,12,8+,30,60,Paul Dennen,Adventure | Fantasy,"Action Points | Deck, Bag, and Pool Building | Delayed Purchase | End Game Bonuses | Movement Points | Open Drafting | Player Elimination | Point to Point Movement | Push Your Luck | Variable Set-up",Category: Dungeon Crawler | Creatures: Dragons | Creatures: Goblins | Creatures: Monsters,Clank! In! Space!: A Deck-Building Adventure | Everdell | Terraforming Mars: Ares Expedition | Clank!: Catacombs | Dune: Imperium | Roll Player | Scythe | Res Arcana | Viticulture Essential Edition | The Search for Planet X | Pandemic | Clank! Legacy: Acquisitions Incorporated | Blood Rage | Lords of Waterdeep | Libertalia: Winds of Galecrest | Dinosaur Island | Alchemists | The Crew: The Quest for Planet Nine | Quacks | BANG! The Dice Game | Small World | Azul: Stained Glass of Sintra | Roll for the Galaxy | Sheriff of Nottingham | Raiders of the North Sea | 7 Wonders | 7 Wonders Duel | Terraforming Mars,1.00,override,"Burgle your way to adventure in the deck-building board game Clank! Sneak into an angry dragon's mountain lair to steal precious artifacts. Delve deeper to find more valuable loot. Acquire cards for your deck and watch your thievish abilities grow. Be quick and be quiet. One false step and CLANK! Each careless sound draws the attention of the dragon, and each artifact stolen increases its rage. You can enjoy your plunder only if you make it out of the depths alive! Clank! is a deck-building game. Each player has their own deck, and building yours up is part of playing the game. You start each "
64,Coimbra,Mid-Weight Strategy,,245638,262,7.59697,7.25329,3.2444444444444445,2018,2,4,3,2-4,14,12+,60,90,Flaminia Brasini | Virginio Gigli,Dice | Renaissance,Action Drafting | Auction / Bidding | Dice Rolling | End Game Bonuses | Income | Open Drafting | Point to Point Movement | Set Collection | Tech Trees / Tech Tracks | Turn Order: Stat-Based | Variable Set-up | Worker Placement with Dice Workers,Country: Portugal | History: Age of Discovery,Gùgōng | Rajas of the Ganges | Grand Austria Hotel | Altiplano | Trajan | Pulsar 2849 | Lorenzo il Magnifico | Santa Maria | Tzolk'in: The Mayan Calendar | Heaven & Ale | Yokohama | Blackout: Hong Kong | The Voyages of Marco Polo | Mombasa | Hallertau | Carpe Diem | Le Havre | Bonfire | Rococo | Paladins of the West Kingdom | Great Western Trail | Troyes | Boonlake | Glen More II: Chronicles | The Oracle of Delphi | Underwater Cities | Gentes | Isle of Skye: From Chieftain to King,1.00,auto,"In the 15th and 16th century, Portugal is thriving under its leading role during the Age of Discovery. Nestled in the heart of Portugal, the city of Coimbra serves as a cultural center of the country. As the head of one of Coimbra's oldest houses, you seek to earn prestige by deepening relationships with nearby monasteries or funding expeditions of the era. To reach this goal, you must vie for the favors of the city's most influential citizens, even if you must offer a bit of coin or some protective detail. Coimbra introduces an innovative new dice mechanism in which the dice players draft eac"
65,Dead Reckoning,Mid-Weight Strategy,,276182,362,8.14446,7.12826,3.435754189944134,2022,1,4,3,1-4,14,12+,90,150,John D. Clair,Exploration | Fighting | Pirates | Territory Building,"Area Majority / Influence | Area Movement | Cube Tower | Deck, Bag, and Pool Building | Layering | Modular Board | Scenario / Mission / Campaign Game",Crowdfunding: Kickstarter | Region: Caribbean Sea | Series: Card Crafting System (AEG) | Theme: Pirates,Dwellings of Eldervale | Andromeda's Edge | Wonderland's War | Vindication | Mosaic: A Story of Civilization | Last Light | Dune: Imperium | Return to Dark Tower | My Father's Work | Twilight Inscription | Expeditions | Scythe | Endless Winter: Paleoamericans | Unconscious Mind | The Great Wall | Perseverance: Castaway Chronicles – Episodes 1 & 2 | Skyrise | Rurik: Dawn of Kiev | Foundations of Rome | Blood Rage | Clank!: Catacombs | Ankh: Gods of Egypt | Dune: Imperium – Uprising | Monumental | The Age of Atlantis | Champions of Midgard | Merchants Cove | Xia: Legends of a Drift System,1.00,auto,"Dead Reckoning is a game of exploration, piracy, and influence based in a Caribbean-esque setting. Each player commands a ship and crew and seeks to amass the greatest fortune. They do this through pirating, trading, treasure hunting, and (importantly) capturing and maintaining control over the uninhabited but resource-rich islands of the region. During the game, you can: &bull; Customize your ship: Your ship is represented by a token on the board. The board starts mostly unexplored and will be revealed as you venture into uncharted waters. You also have a ship board where you load cargo and t"
66,Dominion,Mid-Weight Strategy,,36218,145,7.59759,7.47424,2.344357249626308,2008,2,4,3,2-4,13,10+,30,30,Donald X. Vaccarino,Card Game | Medieval,"Deck, Bag, and Pool Building | Delayed Purchase | Hand Management | Open Drafting | Take That | Variable Set-up",Crowdfunding: Wspieram,7 Wonders | Pandemic | Small World | Galaxy Trucker | Dominion: Intrigue | Bohnanza | Love Letter | Carcassonne | Agricola | Codenames | The Crew: The Quest for Planet Nine | Race for the Galaxy | Puerto Rico | Hanabi | Roll for the Galaxy | Istanbul | Catan | Lords of Waterdeep | The Castles of Burgundy | Camel Up | King of Tokyo | Clank!: A Deck-Building Adventure | Viticulture | Wingspan | Agricola: All Creatures Big and Small | Splendor | Quacks | Power Grid,1.00,auto,"""You are a monarch, like your parents before you, a ruler of a small pleasant kingdom of rivers and evergreens. Unlike your parents, however, you have hopes and dreams! You want a bigger and more pleasant kingdom, with more rivers and a wider variety of trees. You want a Dominion! In all directions lie fiefs, freeholds, and feodums. All are small bits of land, controlled by petty lords and verging on anarchy. You will bring civilization to these people, uniting them under your banner. But wait! It must be something in the air; several other monarchs have had the exact same idea. You must race "
67,Dune: Imperium,Mid-Weight Strategy,,316554,6,8.41334,8.22383,3.0764734534827083,2020,1,4,3-4,1-4,14,12+,60,120,Paul Dennen,Movies / TV / Radio theme | Novel-based | Political | Science Fiction,"Card Play Conflict Resolution | Deck, Bag, and Pool Building | Delayed Purchase | Force Commitment | Increase Value of Unchosen Resources | Multi-Use Cards | Open Drafting | Ownership | Race | Solo / Solitaire Game | Tags | Take That | Turn Order: Progressive | Variable Player Powers | Worker Placement",Books: Dune,Scythe | Dune: Imperium – Uprising | Terraforming Mars | Blood Rage | Viticulture Essential Edition | Spirit Island | Ark Nova | Terraforming Mars: Ares Expedition | Great Western Trail: Second Edition | Brass: Birmingham | Civilization: A New Dawn | Clank!: A Deck-Building Adventure | Anachrony | Beyond the Sun | Clank!: Catacombs | Twilight Inscription | Res Arcana | Lost Ruins of Arnak | Mosaic: A Story of Civilization | Gaia Project | Eclipse: Second Dawn for the Galaxy | Root | Obsession | Everdell | Wonderland's War | Great Western Trail | The Lord of the Rings: Duel for Middle-earth | Clank! In! Space!: A Deck-Building Adventure,1.00,auto,"Dune: Imperium is a game that uses deck building to add a hidden information angle to traditional worker placement. It finds inspiration in elements and characters from the Dune legacy, both the new film from Legendary Pictures and the seminal literary series from Frank Herbert, Brian Herbert, and Kevin J. Anderson. As a leader of one of the Great Houses of the Landsraad, raise your banner and marshal your forces and spies. War is coming, and at the center of the conflict is Arrakis – Dune, the desert planet. You start with a unique leader card, as well as a deck identical to those of your opp"
68,Dungeon Petz,Mid-Weight Strategy,,97207,371,7.38237,7.11615,3.6345381526104417,2011,2,4,4,2-4,13,12+,90,90,Vlaada Chvátil,Animals | Fantasy | Humor,Auction / Bidding | Hand Management | Selection Order Bid | Simultaneous Action Selection | Worker Placement,Creatures: Monsters | Theme: Excrements / Feces / Poop / Urine | Theme: Pets / Companion Animals | Theme: Villainy,Caverna: The Cave Farmers | Tzolk'in: The Mayan Calendar | Five Tribes: The Djinns of Naqala | Great Western Trail | The Castles of Burgundy | Roll for the Galaxy | Orléans | Alchemists | Beyond the Sun | Maracaibo | Scythe | Stone Age | Clans of Caledonia | Concordia | Terra Mystica | Deus | Tapestry | Terraforming Mars | Suburbia | Pulsar 2849 | Obsession | The Voyages of Marco Polo | La Granja | Viticulture Essential Edition | Imperial Settlers | Teotihuacan: City of Gods | Architects of the West Kingdom | Res Arcana,1.00,auto,"Become the leader of an imp family that has just started a new business – breeding and selling petz. Sound simple and safe? Well, we forgot to mention that those petz are for Dungeon Lords. This means magical, playful, sometimes angry monsters that constantly desire attention and at the very moment you want them to demonstrate their qualities to buyers they are sick or they poop. Sometimes you are even glad that you got rid of them – but the profit is unbelievable. Dungeon Petz is a standalone game set in the Dungeon Lords universe. The game consists of several rounds in which players use unus"
69,El Grande,Mid-Weight Strategy,,93,102,7.77079,7.59228,2.933521353746978,1995,2,5,5,3-5,12,12+,60,120,Wolfgang Kramer | Richard Ulrich,Medieval,Action Drafting | Area Majority / Influence | Auction / Bidding | Hand Management | Open Drafting | Selection Order Bid | Simultaneous Action Selection | Take That | Turn Order: Auction,Category: DIZED Tutorial | Containers: Tin/Metal Box | Country: Spain,Hansa Teutonica | Tigris & Euphrates | Concordia | Keyflower | Puerto Rico | Power Grid | Race for the Galaxy | Ra | Caylus | Chinatown | Tikal | The Castles of Burgundy | Glory to Rome | Agricola | Terra Mystica | For Sale | The Princes of Florence | Innovation | Troyes | In the Year of the Dragon | Brass: Lancashire | Modern Art | Imperial 2030 | Goa | Lancaster | The Quest for El Dorado | Ginkgopolis | Broom Service,1.00,auto,"In this award-winning game, players take on the roles of Grandes in medieval Spain. The king's power is flagging, and these powerful lords are vying for control of the various regions. To that end, you draft caballeros (knights) into your court and subsequently move them onto the board to help seize control of regions. After every third round, the regions are scored, and after the ninth round, the player with the most points is the winner. In each of the nine rounds, you select one of your 13 power cards to determine turn order as well as the number of caballeros you get to move from the provi"
70,Era: Medieval Age,Mid-Weight Strategy,,270971,1144,7.18682,6.57879,2.2612612612612613,2019,1,4,"2, 4",1-4,8,8+,45,60,Matt Leacock,City Building | Civilization | Dice | Medieval,Dice Rolling | Enclosure | End Game Bonuses | Grid Coverage | Income | Push Your Luck | Re-rolling and Locking | Simultaneous Action Selection | Solo / Solitaire Game | Square Grid | Take That | Tech Trees / Tech Tracks,Series: Roll Through the Ages (Matt Leacock) | Theme: City,Furnace | Roll Player | Dinosaur Island | Clank!: A Deck-Building Adventure | Terraforming Mars: Ares Expedition | The Search for Planet X | In the Hall of the Mountain King | Viticulture Essential Edition | Century: A New World | The Pursuit of Happiness | The Red Cathedral | Raiders of the North Sea | Sagrada | Alchemists | Cascadia | Pan Am | Suburbia | Dragon Castle | Between Two Castles of Mad King Ludwig | Fantastic Factories | Dune: Imperium | Azul: Stained Glass of Sintra | Five Tribes: The Djinns of Naqala | Quacks | Res Arcana | Dungeon Petz | Ecos: First Continent | Cubitos,1.00,auto,"Era: Medieval Age serves as the spiritual successor to Roll Through The Ages. While Roll Through The Ages was a pioneer for roll-and-write-style games, Era is a pioneer for roll-and-build! In Era, your dice represent different classes of medieval society as players attempt to build the most prosperous city. The ""build"" comes into play as players actually build their cities on their boards. You will use beautifully modeled three-dimensional components such as walls, keeps, farms, and other structures. By the end of the game, each player will have a unique city of their very own! Era: Medieval A"
71,Evolution,Mid-Weight Strategy,,155703,776,7.00378,6.78258,2.428790199081164,2014,2,6,4,2-6,12,10+,60,60,Dominic Crapuchettes | Dmitry Knorre | Sergey Machin,Animals | Card Game | Educational | Environmental | Prehistoric | Print & Play,Action Points | Hand Management | Push Your Luck | Simulation | Simultaneous Action Selection | Take That | Turn Order: Progressive,Animals: Dinosaurs | Crowdfunding: Kickstarter | Series: Evolution (North Star Games) | Theme: Biology | Theme: Evolution | Theme: Nature | Theme: Science,Castles of Mad King Ludwig | Splendor | King of Tokyo | 7 Wonders | Tokaido | Dice Forge | Viticulture | Welcome To... | It's a Wonderful World | Gizmos | Small World | Bunny Kingdom | Azul | Space Base | Love Letter | Ticket to Ride | Photosynthesis | Burgle Bros. | Wingspan | 7 Wonders Duel | Kingdomino | Santorini | Cartographers | Seasons | Libertalia | Roll for the Galaxy | Tiny Towns | The Castles of Burgundy,1.00,auto,"In Evolution, players adapt their species in a dynamic ecosystem where food is scarce and predators lurk. Traits like Hard Shell and Horns will protect your species from Carnivores, while a Long Neck will help them get food that others cannot reach. With over 4,000 ways to evolve your species, every game becomes a different adventure. Evolution is played in a variable number of rounds. Each round, players draw 3 Trait cards to enhance their species, create new species or feed their existing animals. Play continues until the Trait deck has been finished and needs to be reshuffled. Reshuffling t"
72,Five Tribes,Mid-Weight Strategy,,157354,95,7.76448,7.60831,2.838749233599019,2014,2,4,2,2-4,13,12+,40,80,Bruno Cathala,Arabian | Fantasy | Mythology,Auction / Bidding | Constrained Bidding | End Game Bonuses | Hidden Victory Points | Mancala | Modular Board | Set Collection | Square Grid | Take That | Turn Order: Auction | Variable Player Powers | Variable Set-up | Victory Points as a Resource,Animals: Camels | Mythology: Arabian | Region: Middle East,Orléans | The Castles of Burgundy | Architects of the West Kingdom | Stone Age | Century: Spice Road | Tzolk'in: The Mayan Calendar | Targi | 7 Wonders Duel | Caverna: The Cave Farmers | Concordia | Nidavellir | Res Arcana | Viticulture Essential Edition | The Voyages of Marco Polo | Great Western Trail | Deus | Istanbul | Jaipur | Lorenzo il Magnifico | Furnace | Imhotep | Hadara | Clans of Caledonia | Isle of Skye: From Chieftain to King | Lost Ruins of Arnak | Seasons | Roll for the Galaxy | Dungeon Petz,1.00,override,"Crossing into the Land of 1001 Nights, your caravan arrives at the fabled Sultanate of Naqala. The old sultan just died and control of Naqala is up for grabs! The oracles foretold of strangers who would maneuver the Five Tribes to gain influence over the legendary city-state. Will you fulfill the prophecy? Invoke the old Djinns and move the Tribes into position at the right time, and the Sultanate may become yours! Designed by Bruno Cathala, Five Tribes builds on a long tradition of German-style games that feature wooden meeples. Here, in a unique twist on the now-standard ""worker placement"" g"
73,Furnace,Mid-Weight Strategy,,318084,407,7.3862,7.08051,2.32013201320132,2020,2,4,3-4,2-4,12,10+,30,60,Ivan Lashin,Card Game | Economic | Industry / Manufacturing | Post-Napoleonic,Action Queue | Auction / Bidding | Auction Compensation | Auction: Fixed Placement | Auction: Multiple Lot | Constrained Bidding | Income | Multi-Use Cards | Open Drafting | Turn Order: Progressive | Variable Player Powers | Variable Set-up,Crowdfunding: Spieleschmiede | Series: Furnace,Viticulture Essential Edition | Smartphone Inc. | Whistle Mountain | Raiders of the North Sea | Architects of the West Kingdom | Five Tribes: The Djinns of Naqala | Terraforming Mars: Ares Expedition | Maglev Metro | Quacks | Earth | Orléans | Tapestry | Cascadia | Between Two Castles of Mad King Ludwig | Pulsar 2849 | Rajas of the Ganges | Paladins of the West Kingdom | Grand Austria Hotel | Sagrada | Obsession | IKI | Concordia | Ark Nova | Great Western Trail | Lost Ruins of Arnak | Cubitos | Fantastic Factories | Dinosaur Island,1.00,auto,"Furnace is an engine-building Eurogame in which players take on the roles of 19th-century capitalists building their industrial corporations and aspiring to make as much money as they can by purchasing companies, extracting resources, and processing them in the best combinations possible. Each player starts the game with a random start-up card, the resources depicted at the top of that card, and four colored discs valued 1-4. The game is played over four rounds, and each round consists of two phases: Auction and Production. During the auction, 6-8 company cards are laid out with their basic si"
74,Glen More II: Chronicles,Mid-Weight Strategy,,265188,205,7.85699,7.36172,3.0060240963855422,2019,2,4,3,2-4,12,12+,90,120,Matthias Cramer,City Building | Economic | Farming | Territory Building,Commodity Speculation | Grid Movement | Market | Set Collection | Tile Placement | Turn Order: Time Track,Animals: Cattle / Cows | Animals: Sheep | Country: Scotland | Crowdfunding: Kickstarter | Organizations: Automa Factory | Versions & Editions: Sequels,Underwater Cities | Pulsar 2849 | Bonfire | Grand Austria Hotel | Paladins of the West Kingdom | Anno 1800: The Board Game | Rajas of the Ganges | Endeavor: Age of Sail | Gùgōng | Evacuation | Viscounts of the West Kingdom | Fields of Arle | Woodcraft | Praga Caput Regni | Boonlake | Tiletum | Hallertau | Coimbra | IKI | Trickerion: Legends of Illusion | Skymines | Viticulture Essential Edition | Carnegie | Teotihuacan: City of Gods | Whistle Mountain | Kutná Hora: The City of Silver | The Red Cathedral | Clans of Caledonia,1.00,auto,"Glen More II: Chronicles is a sequel to Glen More, expanding the gameplay substantially compared to the original game. In Glen More II: Chronicles, each player represents the leader of a Scottish clan from the early medieval ages until the 19th century, a leader looking to expand their territory and wealth. The success of your clan depends on your ability to make the right decision at the right time, be it by creating a new pasture for your livestock, growing barley for whisky production, selling your goods on the various markets, or gaining control of special landmarks such as lochs and castl"
75,Grand Austria Hotel,Mid-Weight Strategy,,182874,67,7.96391,7.71516,3.1957894736842105,2015,2,4,2,2-3,12,12+,60,120,Virginio Gigli | Simone Luciani,Economic,Action Drafting | Contracts | Dice Rolling | End Game Bonuses | Hand Management | Set Collection | Turn Order: Progressive | Variable Set-up,"Cities: Vienna (Austria) | Country: Austria | Crowdfunding: Wspieram | Theme: Food / Cooking | Theme: Hotels, Inns, Lodgings",Rajas of the Ganges | Coimbra | Lorenzo il Magnifico | Yokohama | Underwater Cities | Tzolk'in: The Mayan Calendar | Pulsar 2849 | Glen More II: Chronicles | Hallertau | Gùgōng | The Red Cathedral | Clans of Caledonia | Marco Polo II: In the Service of the Khan | Le Havre | Praga Caput Regni | Trajan | Paladins of the West Kingdom | Orléans | Teotihuacan: City of Gods | The Voyages of Marco Polo | Bonfire | Heaven & Ale | Great Western Trail | Maracaibo | Architects of the West Kingdom | Woodcraft | Fields of Arle | Marrakesh,1.00,auto,"In the thick of the Viennese modern age, exquisite caf&eacute;s are competing for customers. Inspiring artists, important politicians, and tourists from all over the world are populating Vienna and in need of a hotel room. This is your opportunity to turn your little caf&eacute; into a world famous hotel. Hire staff, fulfill the wishes of your guests, and gain the emperor's favor. Only then will your caf&eacute; become the Grand Austria Hotel. The start player rolls the dice, sorting them by the rolled number and placing them on the corresponding action spaces. On a turn, a player chooses one "
76,Great Western Trail,Mid-Weight Strategy,,193738,20,8.1498,7.97517,3.6937203791469195,2016,2,4,3,2-4,12,12+,75,150,Alexander Pfister,American West | Animals,"Deck, Bag, and Pool Building | Hand Management | Ownership | Set Collection | Track Movement | Variable Set-up","Animals: Cattle / Cows | Cities: Kansas City (Missouri, USA) | Country: USA | Series: The Great Designers (Stronghold Games) | States: Texas",Tzolk'in: The Mayan Calendar | Concordia | Terra Mystica | Caverna: The Cave Farmers | Troyes | Orléans | A Feast for Odin | Gaia Project | The Voyages of Marco Polo | The Castles of Burgundy | Clans of Caledonia | Le Havre | Terraforming Mars | Beyond the Sun | Lorenzo il Magnifico | Through the Ages: A New Story of Civilization | Teotihuacan: City of Gods | Yokohama | Underwater Cities | Maracaibo | Keyflower | Pulsar 2849 | Endeavor: Age of Sail | Ark Nova | Scythe | Viticulture Essential Edition | Brass: Birmingham | Russian Railroads,1.00,auto,"America in the 19th century: You are a rancher and repeatedly herd your cattle from Texas to Kansas City, where you send them off by train. This earns you money and victory points. Needless to say, each time you arrive in Kansas City, you want to have your most valuable cattle in tow. However, the ""Great Western Trail"" not only requires that you keep your herd in good shape, but also that you wisely use the various buildings along the trail. Also, it might be a good idea to hire capable staff: cowboys to improve your herd, craftsmen to build your very own buildings, or engineers for the import"
77,Hadara,Mid-Weight Strategy,,269144,574,7.38188,6.94018,2.210280373831776,2019,2,5,4-5,2-5,10,10+,45,60,Benjamin Schwer,City Building | Civilization,End Game Bonuses | Memory | Open Drafting | Set Collection | Simultaneous Action Selection,,It's a Wonderful World | Century: Spice Road | Bunny Kingdom | Bärenpark | Nidavellir | Five Tribes: The Djinns of Naqala | Gizmos | Architects of the West Kingdom | Stone Age | Welcome To... | Knarr | Get on Board: New York & London | Orléans | Imhotep | Ancient Knowledge | Coal Baron | 7 Wonders Duel | Castles of Mad King Ludwig | Jaipur | The Great Split | Planet Unknown | Cacao | Tiny Towns | Splendor Duel | Azul: Summer Pavilion | The Castles of Burgundy | The Guild of Merchant Explorers | 7 Wonders: Architects,1.00,auto,"Hadara carries you off into the world of cultures and countries of this earth. Over three epochs, you will experience the transformation of your new world from a small settlement to a high culture. You want to populate this world with people who come from different cultures and continents as well as different ages. To bring glory and honor to your world, you should choose the persons and accomplishments skillfully. But you should not ignore agriculture, culture, and military power, otherwise one of your competitors might get bigger and more successful than you. Who will succeed first in creati"
78,Hansa Teutonica,Mid-Weight Strategy,,43015,147,7.75052,7.47086,3.0906976744186045,2009,2,5,5,3-5,12,12+,45,90,Andreas Steding,Medieval,Action Points | Area Majority / Influence | End Game Bonuses | Network and Route Building | Ownership | Take That | Tech Trees / Tech Tracks,Country: Germany | Occupation: Merchant | Theme: Hanseatic League,Keyflower | El Grande | Brass: Lancashire | Power Grid | Glory to Rome | Concordia | Troyes | Caylus | Tigris & Euphrates | Imperial 2030 | Tammany Hall | Faiyum | Race for the Galaxy | In the Year of the Dragon | Lancaster | Le Havre | Terra Mystica | The Princes of Florence | Puerto Rico | Ra | Goa | Dominant Species | Great Western Trail | Agricola | Chinatown | Food Chain Magnate | Brian Boru: High King of Ireland | Navegador,1.00,auto,"The players act as traders trying to get victory points for building a network of offices, controlling cities, collecting bonus markers, or when other traders use the cities they control. After controlling a line between two cities with your pawns, you can decide to build an office (and maybe also establish control and/or get a bonus marker) or to get a skill improvement from some of the cities. Players have to improve their traders' ""skills"" for the following effects: getting more VP from offices in their network, getting more available action points, increasing the number of available pawns,"
79,Imperial,Mid-Weight Strategy,,24181,368,7.58705,7.1201,3.558139534883721,2006,2,6,4,3-6,13,12+,120,180,Mac Gerdts,Economic | Nautical | Political | Post-Napoleonic,Advantage Token | Area Majority / Influence | Area Movement | Investment | Ownership | Rondel | Stock Holding | Victory Points as a Resource,Category: Combinatorial | Continents: Europe | Country: Austria-Hungary | Series: Rondel (Mac Gerdts),Die Macher | Automobile | Imperial 2030 | Dominant Species | Hansa Teutonica | Brass: Lancashire | Tigris & Euphrates | Power Grid | Container | Tammany Hall | Caylus | Glory to Rome | Steam | The Princes of Florence | Genoa | Age of Industry | Roads & Boats | Food Chain Magnate | Railways of the World | El Grande | Tribune: Primus Inter Pares | Twilight Struggle | 7 Empires | A Few Acres of Snow | Pax Pamir: Second Edition | Agricola | Lancaster | Panamax,1.00,auto,"From the rulebook: Europe in the age of imperialism. International investors try to achieve the greatest influence in Europe. With their bonds, they control the politics of the six imperial nations: Austria-Hungary, Italy, France, Great Britain, the German Empire, and Russia. The nations erect factories, build fleets, and deploy armies. The investors watch as their nations expand, wage wars, levy taxes, and collect the proceeds. Since the European nations are under the shifting influence of different investors, new strategic alliances and conflicts arise between them again and again! Each play"
80,Imperial Settlers,Mid-Weight Strategy,,154203,395,7.28615,7.09368,2.775553213909378,2014,1,4,2,1-4,10,10+,45,90,Ignacy Trzewiczek,Ancient | Card Game | City Building | Civilization,Closed Drafting | Contracts | End Game Bonuses | Hand Management | Income | Multi-Use Cards | Open Drafting | Solo / Solitaire Game | Take That | Turn Order: Progressive | Variable Player Powers,Ancient: Egypt | Ancient: Rome | Country: Japan,51st State: Master Set | Roll for the Galaxy | Stone Age | Res Arcana | 7 Wonders Duel | Caverna: The Cave Farmers | Dungeon Petz | Five Tribes: The Djinns of Naqala | Seasons | The Castles of Burgundy | Terraforming Mars | Century: Spice Road | New Frontiers | Abyss | Small World | It's a Wonderful World | Orléans | Architects of the West Kingdom | Lost Ruins of Arnak | 7 Wonders | Splendor | Takenoko | Tapestry | Viticulture | Hadara | Wingspan | Tzolk'in: The Mayan Calendar | Castles of Mad King Ludwig,1.00,auto,"Settlers from four major powers of the world have discovered new lands, with new resources and opportunities. Romans, Barbarians, Egyptians and Japanese all at once move there to expand the boundaries of their empires. They build new buildings to strengthen their economy, they found mines and fields to gather resources, and they build barracks and training grounds to train soldiers. Soon after they discover that this land is far too small for everybody, then the war begins... Imperial Settlers is a card game that lets players lead one of the four factions and build empires by placing buildings"
81,Innovation,Mid-Weight Strategy,,63888,380,7.32033,7.10799,2.7807276302851522,2010,2,5,2,2-3,12,12+,20,60,Carl Chudyk,Card Game | Civilization,Follow | Hand Management | Layering | Melding and Splaying | Sudden Death Ending | Tags | Take That | Tech Trees / Tech Tracks,,Race for the Galaxy | Keyflower | Glory to Rome | Watergate | For Sale | Arboretum | El Grande | Concordia | Sidereal Confluence | The Castles of Burgundy | Beyond the Sun | Quantum | Irish Gauge | Crokinole | Ginkgopolis | Hansa Teutonica | Roll for the Galaxy | Terra Mystica | Cat in the Box: Deluxe Edition | Power Grid | Innovation Ultimate | Ra | Pax Pamir: Second Edition | Mottainai | New Frontiers | Stockpile | Res Arcana | The Crew: Mission Deep Sea,1.00,auto,"Innovation is Carl Chudyk's tableau-builder of infinite possibilities, taking you on a journey from pre-history all the way to the present...and the near future! In this game, you build a civilization using only cards; there's no map, no tokens, no dice, no pieces. The game's 105 innovations — or in the fourth edition, 115 innovations — are each represented by a card with a unique effect, organized into ten (or eleven) ages. Each innovation's effect is tied thematically to its identity, allowing you to either elevate your society or attack your opponents. In addition to directly affecting your"
82,Kingdom Builder,Mid-Weight Strategy,,107529,779,6.93228,6.78073,2.0710479573712255,2011,2,4,4,2-4,8,8+,45,45,Donald X. Vaccarino,Medieval | Territory Building,Area Majority / Influence | Chaining | Enclosure | Grid Movement | Hexagon Grid | Modular Board | Network and Route Building | Pattern Building | Tile Placement | Variable Set-up,Series: Yellow Wave Box (Queen),"Alhambra | Stone Age | Tikal | The Castles of Burgundy | Targi | Tobago | Imhotep | Lost Cities | Thurn and Taxis | 7 Wonders | Five Tribes: The Djinns of Naqala | Century: Spice Road | Take 5 | Jaipur | Istanbul | Zooloretto | Orléans | Love Letter | Bärenpark | Azul | Saint Petersburg | My City | Isle of Skye: From Chieftain to King | 7 Wonders Duel | The Voyages of Marco Polo | Hadara | Puerto Rico | Hey, That's My Fish!",1.00,auto,"In Kingdom Builder, the players create their own kingdoms by skillfully building their settlements, aiming to earn the most gold at the end of the game. Nine different kinds of terrain are on the variable game board, including locations and castles. During his turn, a player plays his terrain card and builds three settlements on three hexes of this kind. If possible, a new settlement must be built next to one of that player&rsquo;s existing settlements. When building next to a location, the player may seize an extra action tile that he may use from his next turn on. These extra actions allow e"
83,Kingsburg,Mid-Weight Strategy,,27162,544,7.16594,6.96217,2.4209284028324154,2007,2,5,4,2-5,13,10+,90,90,Andrea Chiarvesio | Luca Iennaco,City Building | Dice | Fantasy | Medieval,Dice Rolling | Tech Trees / Tech Tracks | Turn Order: Random | Worker Placement with Dice Workers,,Alien Frontiers | Colosseum | Lords of Waterdeep | Istanbul | Notre Dame | Shadows over Camelot | Galaxy Trucker | Agricola | The Pillars of the Earth | Airlines Europe | Suburbia | The Manhattan Project | Puerto Rico | Stone Age | Trains | Dominion | Village | Endeavor | San Juan | Agricola: All Creatures Big and Small | Small World | Elysium | Snow Tails | 7 Wonders | Quadropolis | Rococo | Fresco | Euphoria: Build a Better Dystopia,1.00,auto,"In Kingsburg, players are Lords sent from the King to administer frontier territories. The game takes place over five years, a total of 20 turns. In every year, there are 3 production seasons for collecting resources, building structures, and training troops. Every fourth turn is the winter, in which all the players must fight an invading army. Each player must face the invaders, so this is not a cooperative game. The resources to build structures and train troops are collected by influencing the advisers in the King's Council. Players place their influence dice on members of the Council. The "
84,Le Havre,Mid-Weight Strategy,,35677,80,7.83511,7.65789,3.708584686774942,2008,1,5,3,1-4,12,12+,30,150,Uwe Rosenberg,City Building | Economic | Industry / Manufacturing | Nautical,Automatic Resource Growth | End Game Bonuses | Increase Value of Unchosen Resources | Loans | Ownership | Solo / Solitaire Game | Worker Placement,Cities: Le Havre (France) | Country: France | Region: Normandy (France) | Series: Harvest (Uwe Rosenberg),Trajan | Troyes | Great Western Trail | Ora et Labora | Tzolk'in: The Mayan Calendar | Fields of Arle | Concordia | Mombasa | Keyflower | Hallertau | Grand Austria Hotel | Lorenzo il Magnifico | The Voyages of Marco Polo | At the Gates of Loyang | Terra Mystica | Yokohama | Clans of Caledonia | Caverna: The Cave Farmers | The Gallerist | A Feast for Odin | Coimbra | Gùgōng | Carnegie | Heaven & Ale | Glass Road | Pulsar 2849 | Russian Railroads | Orléans,1.00,auto,"In Le Havre, a player's turn consists of two parts: First, distribute newly supplied goods onto the offer spaces; then take an action. As an action, players may choose either to take all goods of one type from an offer space or to use one of the available buildings. Building actions allow players to upgrade goods, sell them or use them to build their own buildings and ships. Buildings are both an investment opportunity and a revenue stream, as players must pay an entry fee to use buildings that they do not own. Ships, on the other hand, are primarily used to provide the food that is needed to "
85,Lewis & Clark,Mid-Weight Strategy,,140620,332,7.43036,7.16903,3.317780580075662,2013,1,5,3,1-4,14,12+,120,120,Cédrick Chaboussit,Age of Reason | American West | Exploration,"Action Retrieval | Deck, Bag, and Pool Building | Delayed Purchase | Hand Management | Multi-Use Cards | Open Drafting | Race | Resource to Move | Solo / Solitaire Game | Track Movement | Worker Placement",Historical Figures: Lewis & Clark | History: Oregon Trail | Theme: Native Americans / First Peoples,The Voyages of Marco Polo | Tzolk'in: The Mayan Calendar | Stone Age | Russian Railroads | The Castles of Burgundy | Deus | Village | Newton | Orléans | Great Western Trail | Concordia | Istanbul | Lorenzo il Magnifico | In the Year of the Dragon | La Granja | Trajan | Troyes | Five Tribes: The Djinns of Naqala | Isle of Skye: From Chieftain to King | Glass Road | Maracaibo | Le Havre | Terra Mystica | Caverna: The Cave Farmers | Rajas of the Ganges | Praga Caput Regni | Coimbra | Clans of Caledonia,1.00,override,"On November 30, 1803, the United States purchased Louisiana from Napoleon. U.S. President Thomas Jefferson decided to send two explorers – Meriwether Lewis and William Clark – to discover this huge terra incognita. Lewis & Clark is a board game in which each player manages an expedition intended to cross the North American continent. Their goal is to be the first to reach the Pacific. Each one has his own Corps of Discovery that will be completed by the Native Americans and the trappers met during the journey. He has to cleverly manage his characters and also the resources he finds along the w"
86,Lords of Waterdeep,Mid-Weight Strategy,,110327,107,7.72987,7.58215,2.4490301279405697,2012,2,5,3-4,2-5,12,10+,60,120,Peter Lee | Rodney Thompson,City Building | Fantasy,Contracts | Hidden Roles | Increase Value of Unchosen Resources | Ownership | Set Collection | Take That | Turn Order: Claim Action | Worker Placement,Setting: Dungeons & Dragons | Versions & Editions: Board Game Versions of Role-Playing Games,Dinosaur Island | Galaxy Trucker | Roll for the Galaxy | Alien Frontiers | Champions of Midgard | Suburbia | Scythe | Clank!: A Deck-Building Adventure | Small World | Euphoria: Build a Better Dystopia | Raiders of the North Sea | Roll Player | Shadows over Camelot | Pandemic | Mystic Vale | Kingsburg | Terraforming Mars: Ares Expedition | Dune: Imperium | Dead of Winter: A Crossroads Game | Viticulture Essential Edition | Near and Far | Charterstone | Istanbul | Steampunk Rally | Sheriff of Nottingham | Dominion | 7 Wonders | Clank! In! Space!: A Deck-Building Adventure,1.00,auto,"Waterdeep, the City of Splendors – the most resplendent jewel in the Forgotten Realms, and a den of political intrigue and shady back-alley dealings. In Lords of Waterdeep, a strategy board game for 2-5 players, you take on the role of one of the masked Lords of Waterdeep, secret rulers of the city. Through your agents, you recruit adventurers to go on quests on your behalf, earning rewards and increasing your influence over the city. Expand the city by purchasing new buildings that open up new actions on the board, and hinder – or help – the other lords by playing intrigue cards to enact your"
87,Lost Ruins of Arnak,Mid-Weight Strategy,,312484,30,8.0823,7.91511,2.931090613130765,2020,1,4,3,1-4,12,10+,30,120,Elwen | Mín,Adventure | Card Game | Exploration | Fantasy,"Area Movement | Contracts | Deck, Bag, and Pool Building | Delayed Purchase | End Game Bonuses | Hand Management | Multi-Use Cards | Once-Per-Game Abilities | Open Drafting | Resource to Move | Solo / Solitaire Game | Track Movement | Turn Order: Progressive | Worker Placement",Creatures: Monsters | Islands: Fictional | Occupation: Adventurer / Explorer | Theme: Archaeology / Paleontology | Theme: Temple | Theme: Tropical | Theme: Tropical Islands,Ark Nova | Planet Unknown | The White Castle | Architects of the West Kingdom | Revive | Obsession | Earth | Tapestry | Viticulture Essential Edition | Wingspan | Terraforming Mars | Great Western Trail: Second Edition | Heat: Pedal to the Metal | Distilled | 7 Wonders Duel | Darwin's Journey | Apiary | Orléans | Everdell | A Feast for Odin | Cascadia | Dune: Imperium | Terraforming Mars: Ares Expedition | Pirates of Maracaibo | Beyond the Sun | Res Arcana | Underwater Cities | The Vale of Eternity,1.00,auto,"On an uninhabited island in uncharted seas, explorers have found traces of a great civilization. Now you will lead an expedition to explore the island, find lost artifacts, and face fearsome guardians, all in a quest to learn the island's secrets. Lost Ruins of Arnak combines deck-building and worker placement in a game of exploration, resource management, and discovery. In addition to traditional deck-builder effects, cards can also be used to place workers, and new worker actions become available as players explore the island. Some of these actions require resources instead of workers, so bu"
88,Maracaibo,Mid-Weight Strategy,,276025,87,7.94306,7.63379,3.91731843575419,2019,1,4,3,1-4,12,14+,30,120,Alexander Pfister,Economic | Exploration | Nautical | Pirates,Contracts | End Game Bonuses | Events | Hand Management | Income | Movement Points | Multi-Use Cards | Narrative Choice / Paragraph | Point to Point Movement | Scenario / Mission / Campaign Game | Set Collection | Solo / Solitaire Game | Stock Holding | Tech Trees / Tech Tracks | Track Movement | Variable Set-up,Cities: Maracaibo (Venezuela) | Region: Caribbean Sea | Theme: Colonial,Teotihuacan: City of Gods | Praga Caput Regni | Clans of Caledonia | Tzolk'in: The Mayan Calendar | Darwin's Journey | Underwater Cities | Lorenzo il Magnifico | Carnegie | Orléans | Revive | Yokohama | Newton | A Feast for Odin | Caverna: The Cave Farmers | Marco Polo II: In the Service of the Khan | Anachrony | Architects of the West Kingdom | Great Western Trail | La Granja | Ark Nova | Gaia Project | Obsession | Grand Austria Hotel | Pirates of Maracaibo | Skymines | Age of Innovation | The Voyages of Marco Polo | Beyond the Sun,1.00,auto,"Maracaibo, a strategy game for 1-4 players by Alexander Pfister, is set in the Caribbean during the 17th century. The players try to increase their influence in three nations in four rounds with a play time of 40 minutes per player. The players sail on a round course through the Caribbean, e.g., you have city tiles where you are able to perform various actions or deliver goods to. One special feature is an implemented quest mode over more and various tiles, which tells the player, who chase after it, a little story. As a player, you move with your ship around the course, managing it by using c"
89,Marco Polo,Mid-Weight Strategy,,2280,29032,5.28165,5.47772,1.7777777777777777,1983,2,4,2,2-3,8,6–14,60,60,Tom Kremer,Adventure | Arabian | Economic | Exploration | Transportation,Pick-up and Deliver | Roll / Spin and Move | Set Collection | Trading,Theme: Silk Road,Castles | Scruples: Millennium Edition | Furor Barbarus | Let's Do Lunch! | Canossa | Postcard from the Revolution | King | Uppsala: Città d'Italia | Map It! World Edition | Blood of Noble Men: The Alamo | Lupus in Tabula | Tressette | Smiles & Daggers | Sbam! | Squillo | Machiavelli | Plagio,1.00,auto,"Players start in Venice with 240 besants (or 1200 Reales) each, trying to make it to Khanbalik, capital of Kublai Khan's kingdom. Each player has to acquire 3 gifts worth 80 besants (or 400 Reales) each for Kublai Khan. Then the player receive a mission (going to a city and receiving a secret invention). After receiving the secret invention, players has to make it back to Venice, with the mission card, and enough money (depending on the number of players), to win the game. The rule-booklet also includes a brief description of Marco Polo and his life, and references to other Danish books about "
90,Marco Polo II: In the Service of the Khan,Mid-Weight Strategy,,283948,201,7.92092,7.36218,3.3784722222222223,2019,2,4,3,2-4,12,12+,60,120,Simone Luciani | Daniele Tascini,Dice | Economic | Medieval | Travel,Contracts | Dice Rolling | Point to Point Movement | Resource to Move | Turn Order: Stat-Based | Variable Player Powers | Worker Placement | Worker Placement with Dice Workers,Animals: Camels | Cities: Baghdad (Iraq) | Cities: Beijing (China) | Country: China | Region: Middle East | Theme: Silk Road | Versions & Editions: Sequels,Praga Caput Regni | Lorenzo il Magnifico | Clans of Caledonia | Maracaibo | Newton | Teotihuacan: City of Gods | Grand Austria Hotel | Yokohama | Carnegie | Tzolk'in: The Mayan Calendar | Darwin's Journey | Orléans | The Voyages of Marco Polo | Skymines | Messina 1347 | La Granja | Revive | Architects of the West Kingdom | Age of Innovation | Underwater Cities | Nucleum | Great Western Trail: Argentina | Caverna: The Cave Farmers | A Feast for Odin | Coimbra | Bonfire | Tiletum | Great Western Trail: New Zealand,1.00,auto,"The journeys of Marco Polo continue in Marco Polo II: In the Service of the Khan, an epic follow-up to The Voyages of Marco Polo. After traveling to Beijing, your travels now take you back to the West in the service of the Khan, sending you to the farthest reaches of his empire in search of wealth and fame. Marco Polo II is a standalone game based on The Voyages of Marco Polo, and you don't need the original game to play this one. This new journey will present unique challenges, with new and different actions, new scoring rules, and a new good: rare and valuable Chinese jade. Retread old paths"
91,Nations,Mid-Weight Strategy,,126042,271,7.5902,7.2429,3.5400271370420624,2013,1,5,3-4,1-5,14,14+,40,200,Rustan Håkansson | Nina Håkansson | Einar Rosén | Robert Rosén,Card Game | Civilization | Economic,Contracts | End Game Bonuses | Events | Hidden Victory Points | Income | Open Drafting | Tags | Turn Order: Stat-Based | Variable Player Powers | Variable Set-up | Worker Placement,Historical Figures: Various,Mombasa | Le Havre | Troyes | Trajan | Great Western Trail | Archipelago | London (Second Edition) | At the Gates of Loyang | Endeavor: Age of Sail | Fields of Arle | Pulsar 2849 | Gentes | Ora et Labora | The Manhattan Project: Energy Empire | Dominant Species | Tzolk'in: The Mayan Calendar | Blackout: Hong Kong | Terra Mystica | Through the Ages: A New Story of Civilization | Gaia Project | Alien Frontiers | The Voyages of Marco Polo | Vinhos | Agricola | Yedo | Gùgōng | In the Year of the Dragon | The Manhattan Project,1.00,auto,"From the humble beginnings of civilization through the historical ages of progress, mankind has lived, fought, and built together in nations. Great nations protect and provide for their own, while fighting and competing against both other nations and nature itself. Nations must provide food and stability as the population increases. They must build a productive economy. And all the while, they must amaze the world with their great achievements to build up their heritage as the greatest nations in the history of mankind! Nations is an intense historical board game for 1–5 players that takes 40 "
92,Nidavellir,Mid-Weight Strategy,,293014,254,7.55239,7.26574,2.117808219178082,2020,2,5,3,2-5,10,10+,45,45,Serge Laget,Card Game | Fantasy | Mythology,Auction / Bidding | Auction: Multiple Lot | Auction: Sealed Bid | Constrained Bidding | End Game Bonuses | Selection Order Bid | Set Collection | Simultaneous Action Selection,Creatures: Dwarves & Gnomes | Mythology: Norse,Res Arcana | It's a Wonderful World | The Vale of Eternity | Five Tribes: The Djinns of Naqala | Abyss | Bunny Kingdom | 7 Wonders Duel | Knarr | Hadara | Ancient Knowledge | Architects of the West Kingdom | Planet Unknown | Splendor Duel | Point Salad | Jaipur | Welcome To... | Century: Spice Road | Dice Forge | 7 Wonders: Architects | Tiny Towns | Aquatica | Earth | The Isle of Cats | Lost Ruins of Arnak | Kingdomino | Wingspan | Furnace | Takenoko,1.00,auto,"Nidavellir, the Dwarf Kingdom, is threatened by the dragon Fafnir. As a venerable Elvaland, you have been appointed by the King. Search through every tavern in the kingdom, hire the most skillful dwarves, recruit the most prestigious heroes, and build the best battalion you can to defeat your mortal enemy! Each turn in Nidavellir, bid a coin on each tavern. In descending order, choose a character and add this character to your army. Each dwarf class has its own scoring way: blacksmith, hunter, warrior, explorer, and miner. A meticulous recruitment will allow you to attract a powerful hero to y"
93,Notre Dame,Mid-Weight Strategy,,25554,464,7.30823,7.03118,2.7397610921501707,2007,2,5,3-4,2-5,10,10+,45,75,Stefan Feld,Economic | Renaissance,Area Majority / Influence | Closed Drafting | Point to Point Movement,Animals: Rats | Cities: Paris (France) | Country: France | Series: Alea Big Box | Theme: Plague Epidemic,In the Year of the Dragon | Bruges | Glen More | Macao | The Princes of Florence | Kingsburg | Caylus | Amerigo | Lancaster | San Juan | Bora Bora | Fresco | Thebes | The Pillars of the Earth | Istanbul | Colosseum | Goa | Village | Vikings | Rococo | Trajan | At the Gates of Loyang | Puerto Rico | Airlines Europe | Tobago | Endeavor | The Voyages of Marco Polo | Tikal,1.00,auto,"Rio Grande Games' description: The players take on the roles of the heads of influential families in Paris at the end of the 14th century. In the shadow of the Notre Dame cathedral, the players compete for prosperity and reputation. Each family controls one of the 3–5 boroughs that surround the site of Notre Dame. As head of his family, each player tries, through clever use of his action cards, to advance the power and prestige of his family, but penalties are assessed on those who do not take care of the health of the people who live in their borough. The player with the most prestige at the "
94,Orléans,Mid-Weight Strategy,,164928,36,8.04732,7.8589,3.011579818031431,2014,2,5,4,2-4,12,12+,90,90,Reiner Stockhausen,Medieval | Religious | Travel,"Contracts | Deck, Bag, and Pool Building | End Game Bonuses | Events | Kill Steal | Point to Point Movement | Simultaneous Action Selection | Tech Trees / Tech Tracks | Turn Order: Progressive | Variable Set-up | Worker Placement, Different Worker Types",Cities: Orléans (France) | Country: France | Crowdfunding: Kickstarter | Crowdfunding: Wspieram | Religious: Monks/Abbots & Monasteries/Abbeys,Tzolk'in: The Mayan Calendar | The Castles of Burgundy | Five Tribes: The Djinns of Naqala | Clans of Caledonia | Architects of the West Kingdom | Concordia | Caverna: The Cave Farmers | Lorenzo il Magnifico | Great Western Trail | The Voyages of Marco Polo | Teotihuacan: City of Gods | A Feast for Odin | Maracaibo | Yokohama | Beyond the Sun | La Granja | Viticulture Essential Edition | Ark Nova | Glass Road | Troyes | Lost Ruins of Arnak | Grand Austria Hotel | Obsession | Terraforming Mars | Tapestry | Terra Mystica | Russian Railroads | Stone Age,1.00,human_confirmed,"During the medieval goings-on around Orl&eacute;ans, you must assemble a following of farmers, merchants, knights, monks, etc. to gain supremacy through trade, construction and science in medieval France. In Orl&eacute;ans, you will recruit followers and put them to work to make use of their abilities. Farmers and Boatmen supply you with money and goods; Knights expand your scope of action and secure your mercantile expeditions; Craftsmen build trading stations and tools to facilitate work; Scholars make progress in science; Traders open up new locations for you to use your followers; and last"
95,Pandemic Legacy: Season 0,Mid-Weight Strategy,,314040,59,8.33761,7.73744,3.1783783783783783,2020,2,4,4,2-4,14,12+,45,60,Rob Daviau | Matt Leacock,Medical | Spies / Secret Agents,Action Points | Cooperative Game | Hand Management | Legacy Game | Point to Point Movement | Scenario / Mission / Campaign Game | Set Collection | Tags | Trading | Variable Player Powers,Decades: The 1960's | History: Cold War | Medical: Diseases | Occupation: Medic / Doctor / Nurses | Occupation: Researcher / Scientist | Theme: Alternate History | Theme: Retro | Versions & Editions: Legacy Versions of Non-Legacy Games,Pandemic Legacy: Season 2 | Pandemic Legacy: Season 1 | Chronicles of Crime | T.I.M.E Stories | Sleeping Gods | Ticket to Ride Legacy: Legends of the West | The Search for Planet X | Spirit Island | Clank! Legacy: Acquisitions Incorporated | Gloomhaven: Jaws of the Lion | Sherlock Holmes Consulting Detective: The Thames Murders & Other Cases | Detective: A Modern Crime Board Game | Robinson Crusoe: Adventures on the Cursed Island | Detective: City of Angels | Forgotten Waters | The Crew: The Quest for Planet Nine | Pandemic | Iberia | Gloomhaven | The 7th Continent | Destinies | Dune: Imperium | Dead of Winter: A Crossroads Game | Charterstone | Mechs vs. Minions | Clank!: A Deck-Building Adventure | Twilight Inscription | Codenames: Duet,1.00,human_confirmed,"1962 — The Cold War continues as a new threat looms on the horizon, a deadly new Soviet bioweapon, something called ""Project MEDUSA"". You and your fellow medical graduates have been recruited by the CIA for the critical mission of investigating and preventing its development. Travel the world using carefully constructed aliases to move swiftly between Allied, Neutral, and Soviet cities. Your missions will require you to neutralize enemy agents, acquire specific targets, and set up other CIA agents on location to execute your operations without a hitch. As you complete objectives over the cours"
96,Planet Unknown,Mid-Weight Strategy,,258779,168,7.76226,7.41108,2.2492917847025495,2022,1,6,4,1-6,10,10+,60,80,Ryan Lambert | Adam Rehberg,City Building | Industry / Manufacturing | Puzzle | Science Fiction | Space Exploration | Territory Building,End Game Bonuses | Events | Grid Coverage | Grid Movement | Hidden Victory Points | Map Addition | Neighbor Scope | Network and Route Building | Open Drafting | Pattern Building | Rondel | Simultaneous Action Selection | Solo / Solitaire Game | Square Grid | Sudden Death Ending | Tags | Tech Trees / Tech Tracks | Tile Placement | Turn Order: Progressive | Variable Player Powers,Crowdfunding: Kickstarter | Space: Colonization / Extraterrestrial Colonisation,Earth | Lost Ruins of Arnak | Apiary | Forest Shuffle | Wingspan | Distilled | The Vale of Eternity | Knarr | River of Gold | The Isle of Cats | PARKS | Let's Go! To Japan | Aquatica | Tapestry | Ark Nova | Cartographers | The White Castle | Architects of the West Kingdom | It's a Wonderful World | Obsession | Cascadia | Harmonies | Heat: Pedal to the Metal | Ancient Knowledge | Revive | 7 Wonders Duel | Nidavellir | The Guild of Merchant Explorers,1.00,auto,"Our planet has run out of resources, and we are forced to move. We have discovered a series of planets and sent our rovers to test their environment with the hope of colonization. Our rovers have confirmed 1-6 viable colonization options. Planet Unknown is a competitive game for 1-6 players in which players attempt to develop the best planet. Each round, each player places one polyomino-shaped, dual-resource tile on their planet. Each resource represents the infrastructure needed to support life on the planet. Every tile placement is important to cover your planet efficiently and also to build"
97,Puerto Rico,Mid-Weight Strategy,,3076,55,7.89905,7.7537,3.266445811642215,2002,3,5,4,2-5,12,12+,90,150,Andreas Seyfarth,City Building | Economic | Farming,Action Drafting | End Game Bonuses | Follow | Hidden Victory Points | Increase Value of Unchosen Resources | Turn Order: Progressive | Variable Phase Order,Country: Puerto Rico | Series: Alea Big Box | Theme: Colonial,Agricola | Terra Mystica | Power Grid | The Castles of Burgundy | Race for the Galaxy | Caylus | Concordia | 7 Wonders | Tzolk'in: The Mayan Calendar | Great Western Trail | Through the Ages: A New Story of Civilization | Russian Railroads | Through the Ages: A Story of Civilization | Stone Age | El Grande | Keyflower | Terraforming Mars | Istanbul | Shogun | Dominion | Tikal | In the Year of the Dragon | Le Havre | Steam | The Voyages of Marco Polo | Caverna: The Cave Farmers | Viticulture | Orléans,1.00,auto,"In Puerto Rico, players assume the roles of colonial governors on the island of Puerto Rico. The aim of the game is to amass victory points by shipping goods to Europe or by constructing buildings. Each player uses a separate small board with spaces for city buildings, plantations, and resources. Shared between the players are three ships, a trading house, and a supply of resources and doubloons. The resource cycle of the game is that players grow crops which they exchange for points or doubloons. Doubloons can then be used to buy buildings, which allow players to produce more crops or give th"
98,Ra,Mid-Weight Strategy,,12,115,7.71269,7.55121,2.306443679291687,1999,2,5,3-4,3-5,12,10+,45,60,Reiner Knizia,Ancient | Mythology,Auction / Bidding | Auction: Once Around | Closed Economy Auction | Constrained Bidding | Hidden Victory Points | Push Your Luck | Set Collection,Ancient: Egypt | Crowdfunding: Gamefound | Mythology: Egyptian | Series: Alea Big Box | Series: Book Box (DiceTree) | Series: Euro Classics (Reiner Knizia),High Society | Modern Art | Through the Desert | Zoo Vadis | SCOUT | Chinatown | No Thanks! | For Sale | El Grande | Ethnos | The Quest for El Dorado | Yellow & Yangtze | Brian Boru: High King of Ireland | Biblios | Hansa Teutonica | Lords of Vegas | Crokinole | Medici | QE | Broom Service | Cascadero | Fast Sloths | Cat in the Box: Deluxe Edition | Magical Athlete | Keyflower | Concordia | The King Is Dead: Second Edition | Calimala,1.00,auto,"Ra is an auction and set-collection game with an Ancient Egyptian theme. Each turn players are able to purchase lots of tiles with their bidding tiles (suns). Once a player has used up his or her suns, the other players continue until they do likewise, which may set up a situation with a single uncontested player bidding on tiles before the end of the round occurs. Tension builds because the round may end before all players have had a chance to win their three lots for the epoch. The various tiles either give immediate points, prevent negative points for not having certain types at the end of "
99,Raiders of Scythia,Mid-Weight Strategy,,301880,397,7.69108,7.09131,2.7725631768953067,2020,1,4,3,1-4,12,12+,60,80,Shem Phillips,Ancient,"Contracts | Dice Rolling | Hand Management | Open Drafting | Solo / Solitaire Game | Variable Player Powers | Worker Placement | Worker Placement, Different Worker Types",Country: Russia | Country: Ukraine | Series: Ancient Anthology (Garphill Games),Viscounts of the West Kingdom | Paladins of the West Kingdom | Terraforming Mars: Ares Expedition | Wayfarers of the South Tigris | Endless Winter: Paleoamericans | Circadians: First Light | Terraforming Mars: The Dice Game | Viticulture Essential Edition | Underwater Cities | Bot Factory | Scholars of the South Tigris | Ezra and Nehemiah | Architects of the West Kingdom | Glen More II: Chronicles | Lost Ruins of Arnak | Dune: Imperium | Great Western Trail: Argentina | Raiders of the North Sea | Clank!: Catacombs | The Red Cathedral | World Wonders | SETI: Search for Extraterrestrial Intelligence | Tapestry | Ark Nova | Expeditions | The Castles of Burgundy: Special Edition | Mosaic: A Story of Civilization | Obsession,1.00,auto,"Many centuries ago, the Greek, Persian and Assyrian empires controlled vast amounts of land and riches. Yet, despite their fortifications and imposing armies, rumours began spreading of a formidable foe in the lands above the Black Sea. They came on horseback. Fierce warriors, both male and female. Skilled with the sword, axe and bow. But they weren&rsquo;t mindless savages. Their artisans were renowned for their ability to craft detailed trinkets of gold. They fashioned leather armour and improvised the recurve bow. They trained eagles for hunting and war. Some even believe they inspired the "
100,Raiders of the North Sea,Mid-Weight Strategy,,170042,134,7.72006,7.50032,2.5725490196078433,2015,2,4,3,2-4,12,10+,60,80,Shem Phillips,Medieval | Nautical,"Contracts | Dice Rolling | Hand Management | Worker Placement | Worker Placement, Different Worker Types",Crowdfunding: Kickstarter | Crowdfunding: Wspieram | History: Viking Expansion | Region: North Sea | Series: Medieval Trilogies (Garphill Games) | Series: The North Sea Trilogy (Garphill Games) | Theme: Vikings,Terraforming Mars: Ares Expedition | Viticulture Essential Edition | Dinosaur Island | Furnace | Paladins of the West Kingdom | Architects of the West Kingdom | Champions of Midgard | Tapestry | Roll Player | Whistle Mountain | Earth | Lords of Waterdeep | Viscounts of the West Kingdom | Quacks | Quadropolis | Clank!: A Deck-Building Adventure | Fantastic Factories | Five Tribes: The Djinns of Naqala | Smartphone Inc. | Pulsar 2849 | Istanbul | Lost Ruins of Arnak | Suburbia | Scythe | Last Will | Dune: Imperium | Explorers of the North Sea | Endless Winter: Paleoamericans,1.00,auto,"Raiders of the North Sea is set in the central years of the Viking Age. As Viking warriors, players seek to impress the Chieftain by raiding unsuspecting settlements. To do so, players need to assemble a crew, collect provisions, and journey north to plunder gold, iron and livestock. Glory can be found in battle, even at the hands of the Valkyrie, so gather your warriors because it's raiding season! To impress the Chieftain, you need victory points (VPs), with those being acquired primarily by raiding settlements, taking plunder, and making offerings to the Chieftain. How you use your plunder "
101,Roll for the Galaxy,Mid-Weight Strategy,,132531,172,7.56399,7.40347,2.7840796019900496,2014,2,5,3-4,2-5,13,10+,45,45,Wei-Hwa Huang | Thomas Lehmann,Civilization | Dice | Economic | Science Fiction | Space Exploration,"Action Retrieval | Contracts | Deck, Bag, and Pool Building | Dice Rolling | Die Icon Resolution | Follow | Hand Management | Race | Simultaneous Action Selection | Tags | Tile Placement | Variable Phase Order | Variable Player Powers | Variable Set-up | Worker Placement with Dice Workers",Crowdfunding: Wspieram | Versions & Editions: Dice Versions of Non-Dice Games,Res Arcana | New Frontiers | Race for the Galaxy | The Castles of Burgundy | Galaxy Trucker | Lords of Waterdeep | Scythe | Small World | 7 Wonders | Beyond the Sun | Five Tribes: The Djinns of Naqala | Caverna: The Cave Farmers | Great Western Trail | Suburbia | Roll Player | Orléans | Viticulture | Terraforming Mars | Viticulture Essential Edition | Wingspan | Tapestry | Clank!: A Deck-Building Adventure | Dungeon Petz | Targi | Dune: Imperium | Dinosaur Island | Terraforming Mars: Ares Expedition | The Crew: The Quest for Planet Nine,1.00,auto,"Game description from the publisher: Roll for the Galaxy is a dice game of building space empires for 2–5 players. Your dice represent your populace, whom you direct to develop new technologies, settle worlds, and ship goods. The player who best manages his workers and builds the most prosperous empire wins! This dice version of Race for the Galaxy takes players on a new journey through the Galaxy, but with the feel of the original game."
102,Root,Mid-Weight Strategy,,237182,34,8.07118,7.88101,3.8401206636500755,2018,2,4,4,3-4,14,12+,60,90,Cole Wehrle,Animals | Fantasy | Negotiation | Territory Building | Wargame,Action Points | Action Queue | Action Retrieval | Area Majority / Influence | Area Movement | Dice Rolling | Hand Management | Multi-Use Cards | Negotiation | Point to Point Movement | Race | Sudden Death Ending | Take That | Variable Player Powers | Variable Set-up,Animals: Beavers | Animals: Birds | Animals: Cats | Animals: Foxes | Animals: Mice | Animals: Rabbits / Hares | Animals: Raccoons | Crowdfunding: Kickstarter | Crowdfunding: Modian | Theme: Animal Battles | Theme: Anthropomorphic Animals | Theme: Nature | War Level of Command: Grand Strategy,Arcs | Twilight Imperium: Fourth Edition | Scythe | Dune: Imperium | Dune: Imperium – Uprising | Spirit Island | Eclipse: Second Dawn for the Galaxy | Hegemony: Lead Your Class to Victory | Oath | Blood Rage | Inis | Rising Sun | Brass: Birmingham | Dune | Oceans | Ankh: Gods of Egypt | Terraforming Mars | Blood on the Clocktower | Sidereal Confluence | Cosmic Encounter | Captain Sonar | Clank!: Catacombs | The King's Dilemma | Heat: Pedal to the Metal | A War of Whispers | Galaxy Trucker (Second Edition) | The Lord of the Rings: Duel for Middle-earth | Kemet: Blood and Sand,1.00,auto,"Root is a game of adventure and war in which 2 to 4 (1 to 6 with the 'Riverfolk' expansion, 2-6 with the 'Underworld', or 'Marauder' expansions) players battle for control of a vast wilderness. Like Vast: The Crystal Caverns, each player in Root has unique capabilities and a different victory condition. Now, with the aid of gorgeous, multi-use cards, a truly asymmetric design has never been more accessible. The nefarious Marquise de Cat has seized the great woodland, intent on harvesting its riches. Under her rule, the many creatures of the forest have banded together. This Alliance will seek "
103,Scythe,Mid-Weight Strategy,,169786,26,8.10179,7.9461,3.4531293463143253,2016,1,5,4,1-5,14,12+,115,115,Jamey Stegmaier,Economic | Fighting | Science Fiction | Territory Building,Area Majority / Influence | Card Play Conflict Resolution | Contracts | End Game Bonuses | Force Commitment | Grid Movement | Hexagon Grid | King of the Hill | Movement Points | Narrative Choice / Paragraph | Solo / Solitaire Game | Take That | Tech Trees / Tech Tracks | Variable Player Powers | Variable Set-up | Victory Points as a Resource | Zone of Control,Category: Autonomous simulation | Category: DIZED Tutorial | Continents: Europe | Crowdfunding: Kickstarter | Decades: The 1920's | Organizations: Automa Factory | Theme: Alternate History | Theme: Dieselpunk | Theme: Mech Warfare,Dune: Imperium | Terraforming Mars | Blood Rage | Viticulture Essential Edition | Ark Nova | Spirit Island | Beyond the Sun | Anachrony | Gaia Project | Great Western Trail | Dune: Imperium – Uprising | Great Western Trail: Second Edition | Brass: Birmingham | Tapestry | Root | A Feast for Odin | Clank!: A Deck-Building Adventure | Obsession | Roll for the Galaxy | Terra Mystica | Eclipse: Second Dawn for the Galaxy | Terraforming Mars: Ares Expedition | Through the Ages: A New Story of Civilization | Lost Ruins of Arnak | Alchemists | Res Arcana | Civilization: A New Dawn | Everdell,1.00,auto,"It is a time of unrest in 1920s Europa. The ashes from the first great war still darken the snow. The capitalistic city-state known simply as &ldquo;The Factory&rdquo;, which fueled the war with heavily armored mechs, has closed its doors, drawing the attention of several nearby countries. Scythe is an engine-building game set in a 1920s era, alternate-history. It is a time of farming and war, broken hearts and rusted gears, innovation and valor. In Scythe, each player controls one of five factions of Eastern Europe, all of which are attempting to earn their fortunes and claim their stakes in "
104,Seasons,Mid-Weight Strategy,,108745,349,7.33305,7.14475,2.7844660194174757,2012,2,4,2,2-3,14,12+,60,60,Régis Bonnessée,Card Game | Fantasy,Closed Drafting | Dice Rolling | Die Icon Resolution | Hand Management | Open Drafting | Tags | Take That | Turn Order: Progressive | Victory Points as a Resource,Creatures: Fairies / Elves / Pixies | Setting: Kingdom of Xidit,Res Arcana | Five Tribes: The Djinns of Naqala | 7 Wonders Duel | The Castles of Burgundy | 7 Wonders | It's a Wonderful World | Small World | Century: Spice Road | Stone Age | Lords of Xidit | Roll for the Galaxy | Dice Forge | Splendor | Nidavellir | Orléans | Libertalia | Abyss | Bunny Kingdom | Hadara | Imperial Settlers | Takenoko | Viticulture | Love Letter | Santorini | Beyond the Sun | Deus | Castles of Mad King Ludwig | Dungeon Petz,1.00,auto,"The greatest sorcerers of the kingdom have gathered at the heart of the Argos forest, where the legendary tournament of the 12 seasons is taking place. At the end of the three year competition, the new archmage of the kingdom of Xidit will be chosen from among the competitors. Take your place, wizard! Equip your ancestral magical items, summon your most faithful familiars to your side and be ready to face the challenge! Seasons is a tactical game of cards and dice which takes place in two phases: The first phase ""Prelude"" consists of a card draft: the goal during this phase will be to establis"
105,Shadows Over Camelot,Mid-Weight Strategy,,15062,592,7.09894,6.92646,2.5688209176122347,2005,3,7,5-7,4-7,10,10+,60,90,Bruno Cathala | Serge Laget,Adventure | Bluffing | Deduction | Fantasy | Medieval | Mythology,Communication Limits | Cooperative Game | Dice Rolling | Hand Management | Player Elimination | Semi-Cooperative Game | Set Collection | Sudden Death Ending | Take That | Team-Based Game | Trading | Traitor Game | Tug of War | Variable Player Powers,Theme: King Arthur / The Knights of the Round Table / Camelot,Lords of Waterdeep | Galaxy Trucker | Small World | Ghost Stories | Kingsburg | Alien Frontiers | Dead of Winter: A Crossroads Game | Space Alert | Cosmic Encounter | Pandemic | Tales of the Arabian Nights | Dominion | Battlestar Galactica: The Board Game | Sheriff of Nottingham | Libertalia | Colosseum | Escape: The Curse of the Temple | King of New York | The Grizzled | RoboRally | 7 Wonders | Captain Sonar | Nuns on the Run | Pandemic Legacy: Season 1 | Forbidden Desert | Clank!: A Deck-Building Adventure | Cyclades | Roll for the Galaxy,1.00,auto,"Shadows over Camelot is a cooperative/semi-cooperative hand-management and deduction-based board game for 3–7 players. Each player represents a knight of the Round Table and they must collaborate to overcome a number of quests, ranging from defeating the Black Knight to the search for the Holy Grail. Completed quests place white swords on the Round Table; failed quests add black swords and/or siege engines around Camelot. The knights are trying to build a majority of white swords on the Table before Camelot falls. On each knight's turn, the knight takes a ""heroic action"", such as moving to a n"
106,Steampunk Rally,Mid-Weight Strategy,,162007,912,7.13083,6.70155,2.6228070175438596,2015,2,8,3-4,2-6,14,10+,45,60,Orin Bishop,Dice | Racing | Science Fiction,"Closed Drafting | Deck, Bag, and Pool Building | Dice Rolling | Modular Board | Race | Resource to Move | Simultaneous Action Selection | Track Movement | Variable Player Powers | Worker Placement with Dice Workers",Crowdfunding: Kickstarter | Crowdfunding: Wspieram | Organizations: The Game Artisans of Canada | Theme: Mad Science / Mad Scientist | Theme: Steampunk,Lords of Waterdeep | Sheriff of Nottingham | Clank!: A Deck-Building Adventure | Champions of Midgard | Raptor | Galaxy Trucker | Near and Far | Dinosaur Island | Adrenaline | Dead of Winter: A Crossroads Game | Queendomino | Kemet | Roll for the Galaxy | Clank! In! Space!: A Deck-Building Adventure | Tiny Epic Galaxies | Welcome to the Dungeon | Mission: Red Planet (Second/Third Edition) | Small World | Cyclades | Roll Player | Evolution: Climate | Mechs vs. Minions | Above and Below | Blood Rage | FUSE | Suburbia | Super Motherload | King of New York,1.00,auto,"Steampunk Rally is a strategy game that incorporates steampunk as more than just a bit of chrome. Using a unique dice-placement mechanism, players take on the roles of famous inventors from the turn of the last century like Nikola Tesla and Marie Curie, constructing fantastical contraptions that make use of steam, heat and electricity in an attempt to win a no-holds-barred race through the Swiss alps. Each round starts with a card draft in which players carefully select machine parts to add to their invention and one-shot boost cards to aid them or hinder opponents. Players also have the optio"
107,Stone Age,Mid-Weight Strategy,,34635,188,7.51125,7.38085,2.456218274111675,2008,2,4,4,2-4,10,10+,60,90,Bernd Brunnhofer,Dice | Economic | Prehistoric,Contracts | Dice Rolling | End Game Bonuses | Set Collection | Turn Order: Progressive | Worker Placement,,The Castles of Burgundy | Century: Spice Road | Alhambra | Five Tribes: The Djinns of Naqala | Istanbul | 7 Wonders | Imhotep | Kingdom Builder | Orléans | Targi | Tobago | 7 Wonders Duel | Tzolk'in: The Mayan Calendar | Splendor | Jaipur | Hadara | The Voyages of Marco Polo | Isle of Skye: From Chieftain to King | Lewis & Clark: The Expedition | Concordia | Puerto Rico | Architects of the West Kingdom | Viticulture | Caverna: The Cave Farmers | Bärenpark | Carcassonne | Takenoko | Wingspan,1.00,auto,"The ""Stone Age"" times were hard indeed. In their roles as hunters, collectors, farmers, and tool makers, our ancestors worked with their legs and backs straining against wooden plows in the stony earth. Of course, progress did not stop with the wooden plow. People always searched for better tools and more productive plants to make their work more effective. In Stone Age, the players live in this time, just as our ancestors did. They collect wood, break stone and wash their gold from the river. They trade freely, expand their village and so achieve new levels of civilization. With a balance of "
108,Suburbia,Mid-Weight Strategy,,123260,247,7.45559,7.27832,2.757373929590866,2012,1,4,3,1-4,8,10+,60,90,Ted Alspach,City Building | Economic,Auction: Dutch | Catch the Leader | End Game Bonuses | Hexagon Grid | Income | Open Drafting | Set Collection | Solo / Solitaire Game | Tile Placement,Theme: City,Lords of Waterdeep | Roll for the Galaxy | Viticulture Essential Edition | Five Tribes: The Djinns of Naqala | Great Western Trail | Terraforming Mars: Ares Expedition | Clank!: A Deck-Building Adventure | Istanbul | Dinosaur Island | Galaxy Trucker | Roll Player | Raiders of the North Sea | The Castles of Burgundy | Isle of Skye: From Chieftain to King | Furnace | Tzolk'in: The Mayan Calendar | Dungeon Petz | Alien Frontiers | Caverna: The Cave Farmers | Orléans | Small World | Scythe | Smartphone Inc. | Res Arcana | Quadropolis | Agricola: All Creatures Big and Small | Stone Age | Terraforming Mars,1.00,auto,"Plan, build, and develop a small town into a major metropolis. Use hex-shaped building tiles to add residential, commercial, civic, and industrial areas, as well as special points of interest that provide benefits and take advantage of the resources of nearby towns. Your goal is to have your borough thrive and end up with a greater population than any of your opponents. Suburbia is a tile-laying game in which each player tries to build up an economic engine and infrastructure that will be initially self-sufficient, and eventually become both profitable and encourage population growth. As your "
109,Tapestry,Mid-Weight Strategy,,286096,296,7.438,7.20815,2.9700956937799043,2019,1,5,3,1-4,12,12+,90,120,Jamey Stegmaier,Civilization | Territory Building,Area Majority / Influence | Card Play Conflict Resolution | Contracts | Dice Rolling | Die Icon Resolution | Events | Grid Coverage | Hand Management | Hexagon Grid | Income | Map Addition | Multiple Maps | Once-Per-Game Abilities | Open Drafting | Push Your Luck | Solo / Solitaire Game | Square Grid | Tags | Take That | Tech Trees / Tech Tracks | Tile Placement | Variable Player Powers | Variable Set-up,Organizations: Automa Factory,Architects of the West Kingdom | Earth | Lost Ruins of Arnak | Obsession | Ark Nova | Viticulture Essential Edition | A Feast for Odin | Revive | Apiary | Wingspan | Planet Unknown | Distilled | Paladins of the West Kingdom | Scythe | Orléans | Anachrony | Underwater Cities | Terraforming Mars: Ares Expedition | Teotihuacan: City of Gods | Terraforming Mars | Beyond the Sun | Maracaibo | Caverna: The Cave Farmers | Raiders of the North Sea | Hadrian's Wall | Furnace | Dinosaur Island | Clans of Caledonia,1.00,auto,"Tapestry is a two-hour game for 1-5 players designed by Jamey Stegmaier. Create the civilization with the most storied history, starting at the beginning of humankind and reaching into the future. The paths you choose will vary greatly from real-world events or people — your civilization is unique! In Tapestry, you start from nothing and advance on any of the four advancement tracks (science, technology, exploration, and military) to earn progressively better benefits. You can focus on a specific track or take a more balanced approach. You will also improve your income, build your capital city"
110,Terra Mystica,Mid-Weight Strategy,,120677,35,8.0333,7.86045,3.972076215505913,2012,2,5,4,2-5,12,12+,60,150,Jens Drögemüller | Helge Ostertag,Civilization | Economic | Fantasy | Territory Building,Chaining | End Game Bonuses | Hexagon Grid | Income | Increase Value of Unchosen Resources | Network and Route Building | Tech Trees / Tech Tracks | Turn Order: Pass Order | Variable Player Powers | Variable Set-up | Victory Points as a Resource,Category: Combinatorial | Creatures: Dwarves & Gnomes | Creatures: Mermaids | Series: Terra Mystica | Theme: Witches,Through the Ages: A New Story of Civilization | Great Western Trail | Agricola | Concordia | Gaia Project | Caverna: The Cave Farmers | Tzolk'in: The Mayan Calendar | Terraforming Mars | Puerto Rico | Race for the Galaxy | The Castles of Burgundy | Keyflower | Beyond the Sun | A Feast for Odin | Troyes | Russian Railroads | Power Grid | Barrage | Orléans | Age of Innovation | Le Havre | Clans of Caledonia | Brass: Birmingham | Scythe | The Voyages of Marco Polo | Ark Nova | Great Western Trail: Second Edition | La Granja,1.00,auto,"In the land of Terra Mystica dwell 14 different peoples in seven landscapes, and each group is bound to its own home environment, so to develop and grow, they must terraform neighboring landscapes into their home environments in competition with the other groups. Terra Mystica is a full information game, without any luck, that rewards strategic planning. Each player governs one of the 14 groups. With subtlety and craft, the player must attempt to rule as great an area as possible and to develop that group's skills. There are also four religious cults in which you can progress. To do all that, "
111,Terraforming Mars,Mid-Weight Strategy,,167791,9,8.33852,8.18745,3.2709635697348567,2016,1,5,3,1-4,12,12+,120,120,Jacob Fryxelius,Civilization | Economic | Environmental | Industry / Manufacturing | Science Fiction | Space Exploration | Territory Building,Closed Drafting | Contracts | End Game Bonuses | Hand Management | Hexagon Grid | Income | Solo / Solitaire Game | Tags | Take That | Tile Placement | Turn Order: Progressive | Variable Player Powers | Variable Set-up,Category: DIZED Tutorial | Occupation: Engineer | Series: Terraforming Mars | Setting: Future Timeline (Fryxgames) | Space: Colonization / Extraterrestrial Colonisation | Space: Earth's Solar System | Space: Jupiter | Space: Mars | Theme: Science,Scythe | Ark Nova | Dune: Imperium | Great Western Trail: Second Edition | Gaia Project | Great Western Trail | Terra Mystica | Beyond the Sun | Lost Ruins of Arnak | Viticulture Essential Edition | Caverna: The Cave Farmers | Through the Ages: A New Story of Civilization | A Feast for Odin | Brass: Birmingham | The Castles of Burgundy | Tzolk'in: The Mayan Calendar | Orléans | Anachrony | Obsession | Concordia | Tapestry | Underwater Cities | Viticulture | 7 Wonders Duel | Architects of the West Kingdom | Res Arcana | Age of Innovation | Wingspan,1.00,auto,"In the 2400s, mankind begins to terraform the planet Mars. Giant corporations, sponsored by the World Government on Earth, initiate huge projects to raise the temperature, the oxygen level, and the ocean coverage until the environment is habitable. In Terraforming Mars, you play one of those corporations and work together in the terraforming process, but compete for getting victory points that are awarded not only for your contribution to the terraforming, but also for advancing human infrastructure throughout the solar system, and doing other commendable things. As a player, you acquire uniqu"
112,The Castles of Burgundy,Mid-Weight Strategy,,271320,15,8.45441,8.00732,2.915904936014625,2019,1,4,2,1-4,12,12+,70,120,Stefan Feld,Dice | Medieval | Territory Building,Dice Rolling | End Game Bonuses | Grid Coverage | Hexagon Grid | Pattern Building | Set Collection | Solo / Solitaire Game | Team-Based Game | Tile Placement | Turn Order: Stat-Based | Variable Set-up,Animals: Cattle / Cows | Animals: Chickens / Roosters | Animals: Pigs | Animals: Sheep | Country: France | Region: Burgundy (France) | Series: Alea Revised Big Box | Versions & Editions: Big Box Versions of Individual Games,Everdell | 7 Wonders (Second Edition) | Great Western Trail: Second Edition | The Castles of Burgundy: Special Edition | Istanbul: Big Box | Cascadia | Ticket to Ride: Europe – 15th Anniversary | Agricola (Revised Edition) | The Lord of the Rings: Duel for Middle-earth | Viticulture Essential Edition | Ticket to Ride: Europe | Lost Ruins of Arnak | Terraforming Mars: The Dice Game | Ark Nova | Terraforming Mars | 7 Wonders Duel | Puerto Rico 1897 | Brass: Birmingham | Dune: Imperium – Uprising | The White Castle | Citadels | Terraforming Mars: Ares Expedition | Sky Team | Clank!: Catacombs | Wingspan | Wingspan Asia | Azul: Queen's Garden | Dominion: Second Edition,1.00,auto,"The Castles of Burgundy is set in the Burgundy region of High Medieval France. Each player takes on the role of an aristocrat, originally controlling a small princedom. While playing, they aim to build settlements and powerful castles, practice trade along the river, exploit silver mines, and use the knowledge of travelers. The game is about players taking settlement tiles from the game board and placing them into their princedom, which is represented by the player board. Every tile has a function that starts when the tile is placed in the princedom. The princedom itself consists of several re"
113,The Estates,Mid-Weight Strategy,,249381,823,7.42716,6.751,2.311688311688312,2018,2,5,4,3-5,10,10+,40,60,Klaus Zoch,City Building | Negotiation,Auction / Bidding | Auction: Once Around | Closed Economy Auction | Investment | Square Grid | Take That | Turn Order: Progressive,Crowdfunding: Kickstarter | Series: Simply Complex line (Capstone Games) | Theme: City | Theme: Construction,Bus | Sol: Last Days of a Star | Iberian Gauge | Ride the Rails | Fresh Fish | Northern Pacific | Babylonia | Bear Raid | Irish Gauge | Wabash Cannonball | Ra | Zoo Vadis | The Great Zimbabwe | Modern Art | Yellow & Yangtze | Stephenson's Rocket | Container: 10th Anniversary Jumbo Edition! | Santiago | High Society | Container | Age of Rail: South Africa | Tammany Hall | Medici | Ponzi Scheme | Rise & Fall | Tigris & Euphrates | Through the Desert | Pax Pamir: Second Edition,1.00,auto,"The City Council recently approved the zoning map for a new urban development — The Estates — featuring high-end infrastructure and a modern atmosphere for its citizens. Soon after, the banks awarded millions of dollars in loans to six real estate investment firms to help develop this new area. The zoning map for The Estates calls for two rows of four buildings each, located between the River and Main Street. The meadows on the other side of the River are to remain a recreational area for the City. But, with hopes of larger profits, investors and building tycoons entirely ignore the City Counc"
114,Through the Desert,Mid-Weight Strategy,,503,537,7.18673,6.96716,2.163238221632382,1998,2,5,3,2-5,10,8+,45,45,Reiner Knizia,Abstract Strategy | Animals | Arabian,Chaining | Connections | Enclosure | End Game Bonuses | Hexagon Grid | Hidden Victory Points | Network and Route Building | Variable Set-up,Animals: Camels | Category: Combinatorial | Region: Middle East | Region: North Africa | Series: Euro Classics (Reiner Knizia) | Series: Fantasy Flight Silver Line | Series: Tile-Laying Trilogy (Reiner Knizia) | Theme: Deserts,Medici | Ra | High Society | Nightmare Productions | Blue Lagoon | Samurai | Cascadero | Money! | Botswana | Renature | Yellow & Yangtze | Cosmolancer | Modern Art | Mexica | Babylonia | Royal Visit | Zoo Vadis | Whale Riders | Tigris & Euphrates | Circus Flohcati | Condottiere | For Sale | No Thanks! | Biblios | Ratzia | Lords of Vegas | Fast Sloths | Butterfly Garden,1.00,auto,"Each player attempts to score the most points by snaking caravan routes through the desert, trying to reach oases and blocking off sections of the desert. Many people feel that it is reminiscent of Go. Publisher's Description From the award-winning game designer Reiner Knizia comes a game of strategy, patience, and cool plastic camels! The desert is still treacherous, mysterious, and without mercy. But for those willing to risk the dangers of the shifting, sun-baked sands, the desert holds riches beyond compare. In Through the Desert, two to five players each control a tribe of nomads vying fo"
115,Troyes,Mid-Weight Strategy,,73439,140,7.70313,7.48914,3.375,2010,1,4,3,2-4,12,12+,90,90,Sébastien Dujardin | Xavier Georges | Alain Orban,Dice | Economic | Medieval,"Area Majority / Influence | Dice Rolling | End Game Bonuses | Events | Hidden Victory Points | Income | Ownership | Set Collection | Slide / Push | Solo / Solitaire Game | Turn Order: Progressive | Variable Set-up | Worker Placement with Dice Workers | Worker Placement, Different Worker Types",Cities: Troyes (France) | Country: France,Keyflower | Concordia | Great Western Trail | Tzolk'in: The Mayan Calendar | Le Havre | Trajan | The Voyages of Marco Polo | Lorenzo il Magnifico | Clans of Caledonia | Orléans | Terra Mystica | Mombasa | La Granja | Yokohama | The Castles of Burgundy | Glass Road | Caverna: The Cave Farmers | Russian Railroads | Fields of Arle | Gaia Project | Gùgōng | Beyond the Sun | Maracaibo | Teotihuacan: City of Gods | A Feast for Odin | Pulsar 2849 | Coimbra | Hansa Teutonica,1.00,auto,"In Troyes (pronounced like the word 'trois'), players recreate four centuries of history of this famous city of the Champagne region of France. Each player manages their segment of the population (represented by a horde of dice) and their hand of cards, which represent the three primary domains of the city: religious, military, and civil. Players can also offer cash to their opponents' populace in order to get a little moonlighting out of them — anything for more fame! Make your underlings: work on the cathedral combat misfortune bustle about the city and other such tasks that are below your f"
116,Tzolk'in: The Mayan Calendar,Mid-Weight Strategy,,126163,73,7.84667,7.68346,3.664439140811456,2012,2,4,4,2-4,13,12+,90,90,Simone Luciani | Daniele Tascini,Ancient | Civilization | Economic | Farming | Mythology,Bias | End Game Bonuses | Once-Per-Game Abilities | Track Movement | Turn Order: Claim Action | Worker Placement,Country: Guatemala | Country: Mexico | Series: T games (Daniele Tascini) | Theme: Mayans | Theme: Native Americans / First Peoples | Theme: Tropical,Great Western Trail | Orléans | The Voyages of Marco Polo | Lorenzo il Magnifico | Concordia | Clans of Caledonia | Caverna: The Cave Farmers | The Castles of Burgundy | Teotihuacan: City of Gods | Maracaibo | Troyes | La Granja | Yokohama | Russian Railroads | Terra Mystica | Le Havre | Five Tribes: The Djinns of Naqala | A Feast for Odin | Trajan | Grand Austria Hotel | Praga Caput Regni | Architects of the West Kingdom | Underwater Cities | Pulsar 2849 | Terraforming Mars | Beyond the Sun | Lewis & Clark: The Expedition | Newton,1.00,auto,"Tzolkin: The Mayan Calendar presents a new game mechanism: dynamic worker placement. Players representing different Mayan tribes place their workers on giant connected gears, and as the gears rotate they take the workers to different action spots. During a turn, players can either (a) place one or more workers on the lowest visible spot of the gears or (b) pick up one or more workers. When placing workers, they must pay corn, which is used as a currency in the game. When they pick up a worker, they perform certain actions depending on the position of the worker. Actions located ""later"" on the "
117,Undaunted: Stalingrad,Mid-Weight Strategy,,354570,720,8.53683,6.82883,2.6785714285714284,2022,2,2,2,2,14,14+,45,75,Trevor Benjamin | David Thompson (I),Wargame | World War II,"Deck, Bag, and Pool Building | Dice Rolling | Hexagon Grid | Modular Board | Scenario / Mission / Campaign Game | Simulation",Cities: Volgograd (Russia) | Country: Germany | Country: Russia | Country: Soviet Union | History: World War II (Eastern Front) | Series: Undaunted (Osprey Games),Undaunted: Normandy | Undaunted: North Africa | Undaunted: Battle of Britain | Undaunted 2200: Callisto | War of the Ring: Second Edition | Star Wars: Rebellion | Dune: War for Arrakis | Sniper Elite: The Board Game | Dune | War Room | Twilight Imperium: Fourth Edition | General Orders: World War II | Black Orchestra | Star Wars: Battle of Hoth | Blitzkrieg!: World War Two in 20 Minutes | Bloodstones | War of the Ring: The Card Game | A War of Whispers | Twilight Struggle | Clash of Cultures: Monumental Edition | Eclipse: Second Dawn for the Galaxy | Memoir '44 | The Last Kingdom Board Game | The Lord of the Rings: Fate of the Fellowship | Arcs | UBOOT: The Board Game | 878 Vikings: Invasions of England | Root,1.00,auto,"Stalingrad, 1942. Before you awaits a grueling conflict in this cornerstone battleground. As the bullets and bombs tear the city asunder, only through wits and valor can you seize the cornerstone of the entire Eastern Front and change the course of history. A heavy burden rests on your shoulders. Every casualty suffered in battle will weaken your forces for the entire campaign. Every bomb blast and mortar shell leaves the very ground for which you are fighting in further ruin. Every inch lost to the enemy brings you closer to the jaws of defeat. Over the course of up to fifteen branching scena"
118,Village,Mid-Weight Strategy,,104006,246,7.48429,7.28343,3.0612569610182976,2011,2,4,4,2-4,12,12+,60,90,Inka Brand | Markus Brand,Economic | Farming | Medieval,"Area Majority / Influence | Contracts | Set Collection | Turn Order: Claim Action | Worker Placement | Worker Placement, Different Worker Types",,Istanbul | Rococo | Isle of Skye: From Chieftain to King | The Voyages of Marco Polo | Fresco | Mombasa | Bruges | Lewis & Clark: The Expedition | Trajan | The Pillars of the Earth | Santa Maria | Rajas of the Ganges | Tzolk'in: The Mayan Calendar | Heaven & Ale | Great Western Trail | Coimbra | Le Havre | Altiplano | AquaSphere | Bora Bora | At the Gates of Loyang | Port Royal | In the Year of the Dragon | Notre Dame | Russian Railroads | Grand Austria Hotel | Stone Age | Pulsar 2849,1.00,auto,"Life in the village is hard – but life here also allows the inhabitants to grow and prosper as they please. One villager might want to become a friar. Another might feel ambitious and strive for a career in public office. A third one might want to seek his luck in distant lands. Each player will take the reins of a family and have them find fame and glory in many different ways. There is one thing you must not forget, however: Time will not stop for anyone and with time people will vanish. Those who will find themselves immortalized in the village chronicles will bring honor to their family an"
119,Viscounts of the West Kingdom,Mid-Weight Strategy,,296151,195,7.79745,7.36919,3.4551148225469728,2020,1,4,3,1-4,12,12+,60,90,S J Macdonald | Shem Phillips,Medieval,"Area Majority / Influence | Deck, Bag, and Pool Building | End Game Bonuses | Hand Management | King of the Hill | Modular Board | Rondel | Set Collection | Solo / Solitaire Game | Variable Player Powers",Crowdfunding: Kickstarter | History: Francia | Series: Medieval Trilogies (Garphill Games) | Series: The West Kingdom Trilogy (Garphill Games),Paladins of the West Kingdom | Wayfarers of the South Tigris | Endless Winter: Paleoamericans | Underwater Cities | Scholars of the South Tigris | Ezra and Nehemiah | Raiders of Scythia | Architects of the West Kingdom | Glen More II: Chronicles | Woodcraft | Boonlake | Bitoku | Tekhenu: Obelisk of the Sun | Pulsar 2849 | Whistle Mountain | Grand Austria Hotel | Evacuation | SETI: Search for Extraterrestrial Intelligence | The Red Cathedral | Viticulture Essential Edition | Raiders of the North Sea | Tapestry | Revive | Mosaic: A Story of Civilization | Tiletum | Terraforming Mars: Ares Expedition | Ark Nova | Praga Caput Regni,1.00,auto,"Viscounts of the West Kingdom is set at a time when the King&rsquo;s reign began to decline, circa 980 AD. Choosing peace over prosperity, our once strong King began offering our enemies gold and land to lay down their axes. But peace is a tenuous affair. As poverty spread, many people lost faith in his ability to lead and sought independence from the crown. Since finding favour in his courts, our future has also become uncertain. As viscounts, we must be wise and decisive. Loyalty is to be upheld, but gaining favour among the people must be our priority, should there be a sudden shift in powe"
120,Viticulture,Mid-Weight Strategy,,128621,318,7.47317,7.18278,2.9526748971193415,2013,2,6,3-4,2-5,13,12+,90,90,Jamey Stegmaier | Alan Stone,Economic | Farming,Contracts | Hand Management | Income | Race | Turn Order: Progressive | Worker Placement,Country: Italy | Crowdfunding: Kickstarter | Food & Drink: Wine,The Castles of Burgundy | 7 Wonders | Wingspan | Orléans | Terraforming Mars | Castles of Mad King Ludwig | Caverna: The Cave Farmers | 7 Wonders Duel | Heat: Pedal to the Metal | Five Tribes: The Djinns of Naqala | Roll for the Galaxy | Splendor | Viticulture Essential Edition | Ark Nova | Stone Age | Beyond the Sun | Terra Mystica | Architects of the West Kingdom | Small World | A Feast for Odin | Lost Ruins of Arnak | Scythe | Great Western Trail | Tzolk'in: The Mayan Calendar | Concordia | Century: Spice Road | Pandemic | Tapestry,1.00,auto,"In Viticulture, the players find themselves in the roles of people in rustic, pre-modern Tuscany who have inherited meager vineyards. They have a few plots of land, an old crushpad, a tiny cellar, and three workers. They each have a dream of being the first to call their winery a true success. The players are in the position of determining how they want to allocate their workers throughout the year. Every season is different on a vineyard, so the workers have different tasks they can take care of in the summer and winter. There's competition over those tasks, and often the first worker to get "
121,Wingspan,Mid-Weight Strategy,,266192,38,8.00031,7.84742,2.479731543624161,2019,1,5,3,1-4,10,10+,40,70,Elizabeth Hargrave,Animals | Card Game | Educational,Action Queue | Dice Rolling | End Game Bonuses | Hand Management | Once-Per-Game Abilities | Open Drafting | Set Collection | Solo / Solitaire Game | Turn Order: Progressive,Animals: Birds | Animals: Crows / Ravens / Magpies | Animals: Ducks | Animals: Eagles | Animals: Geese | Animals: Owls | Animals: Turkeys | Organizations: Automa Factory | Theme: Biology | Theme: Ecology | Theme: Nature,PARKS | Earth | The Isle of Cats | Cascadia | Lost Ruins of Arnak | Azul | Planet Unknown | 7 Wonders Duel | Quacks | Heat: Pedal to the Metal | Everdell | Viticulture Essential Edition | Tapestry | Sagrada | Space Base | Ark Nova | Splendor | Patchwork | Tiny Towns | Calico | Architects of the West Kingdom | Photosynthesis | My City | Viticulture | Point Salad | Cartographers | Welcome To... | Forest Shuffle,1.00,auto,"Wingspan is a competitive, medium-weight, card-driven, engine-building board game from Stonemaier Games. It's designed by Elizabeth Hargrave and features 180 birds illustrated by Natalia Rojas and Ana Maria Martinez. You are bird enthusiasts—researchers, bird watchers, ornithologists, and collectors—seeking to discover and attract the best birds to your network of wildlife preserves. Each bird extends a chain of powerful combinations in one of your habitats (actions). These habitats focus on several key aspects of growth: Gain food tokens via custom dice in a birdfeeder dice tower Lay eggs usi"
122,Wingspan: Asia,Mid-Weight Strategy,,366161,89,8.2183,7.62646,2.647887323943662,2022,1,2,2,1-2,10,10+,40,70,Elizabeth Hargrave,Animals | Economic | Educational,Dice Rolling | End Game Bonuses | Hand Management | Open Drafting | Push Your Luck | Set Collection | Solo / Solitaire Game,Animals: Birds | Continents: Asia | Organizations: Automa Factory | Theme: Nature | Versions & Editions: Two-Player Versions of More-Player Games,Wyrmspan | Finspan | Everdell Farshore | The Castles of Burgundy: Special Edition | Everdell | Cascadia | Wingspan | Calico | Everdell: The Complete Collection | Expeditions | PARKS | Flamecraft | Earth | Ticket to Ride Legacy: Legends of the West | Libertalia: Winds of Galecrest | Azul: Queen's Garden | The Castles of Burgundy | Honey Buzz | Parks (Second Edition) | Viticulture Essential Edition | Terraforming Mars: Ares Expedition | Quacks | Cartographers Heroes | Meadow | Dinosaur Island: Rawr 'n Write | Azul: Stained Glass of Sintra | Sagrada | Clank!: Catacombs,1.00,auto,"Wingspan: Asia introduces the diverse and vibrant birds of the Asian continent. As always, the objective is to earn the most points by playing birds, achieving objectives, and laying eggs across your habitats. This release serves multiple roles within the Wingspan universe! Wingspan: Asia is several different things: - a stand-alone game for 1 or 2 players - a new Duet mode for 2 players that can be combined with the base game or other expansions - For 1-5 players, new bird and bonus cards to add to the original Wingspan and its other expansions - For 6-7 players, a new Flock mode (which also "
123,Yokohama,Mid-Weight Strategy,,196340,156,7.79038,7.44067,3.275395033860045,2016,2,4,3,2-4,14,12+,90,90,Hisashi Hayashi,Economic,"Contracts | End Game Bonuses | Grid Movement | Modular Board | Network and Route Building | Set Collection | Variable Set-up | Worker Placement | Worker Placement, Different Worker Types",Cities: Yokohama (Japan) | Country: Japan | Crowdfunding: Kickstarter | Occupation: Merchant | Organizations: Forgenext,Clans of Caledonia | Lorenzo il Magnifico | Teotihuacan: City of Gods | Tzolk'in: The Mayan Calendar | Grand Austria Hotel | A Feast for Odin | Carnegie | Orléans | Maracaibo | Praga Caput Regni | Great Western Trail | Gùgōng | Underwater Cities | Concordia | Coimbra | Troyes | Newton | Pulsar 2849 | Marco Polo II: In the Service of the Khan | Ark Nova | Architects of the West Kingdom | Le Havre | Caverna: The Cave Farmers | Glass Road | Trajan | La Granja | Boonlake | The Voyages of Marco Polo,1.00,auto,"Once Yokohama was just a fishing village, but now at the beginning of the Meiji era it's becoming a harbor open to foreign countries and one of the leading trade cities of Japan. As a result, many Japanese products such as copper and raw silk are collected in Yokohama for export to other countries. At the same time, the city is starting to incorporate foreign technology and culture, with even the streets becoming more modernized. In the shadow of this development was the presence of many Yokohama merchants. In YOKOHAMA, each player is a merchant in the Meiji period, trying to gain fame from a "
124,Azul: Queen's Garden,Family,,346965,672,7.43835,6.8591,2.925438596491228,2021,2,4,2,2-4,10,12+,45,60,Michael Kiesling,Abstract Strategy | Puzzle | Renaissance,End Game Bonuses | Pattern Building | Set Collection | Tile Placement | Turn Order: Claim Action,Country: Portugal | Theme: Art,Calico | Azul: Stained Glass of Sintra | Cascadia | Meadow | Earth | Sagrada | World Wonders | Point City | Between Two Castles of Mad King Ludwig | Everdell Farshore | Everdell | Wingspan | PARKS | Project L | Furnace | The Isle of Cats | Honey Buzz | Quacks | Lost Ruins of Arnak | First Rat | Wyrmspan | Libertalia: Winds of Galecrest | Architects of the West Kingdom | Viticulture Essential Edition | Santa Monica | Terraforming Mars: Ares Expedition | Bot Factory | Art Society,1.00,auto,"Welcome back to the palace of Sintra! King Manuel I has commissioned the best garden designers of Portugal to construct the most extraordinary garden for his wife, Queen Maria of Aragon. In Azul: Queen's Garden, players are tasked with arranging a magnificent garden for the King's lovely wife by arranging beautiful plants, trees, and ornamental features. Using an innovative drafting mechanism, the signature of the Azul series, players must carefully select colorful tiles to decorate their garden. Only the most incredible garden designers will flourish and win the Queen's blessing. —description"
125,Azul: Stained Glass of Sintra,Family,,256226,511,7.28288,6.99346,2.01294498381877,2018,2,4,3,2-4,8,8+,30,45,Michael Kiesling,Abstract Strategy | Puzzle | Renaissance,End Game Bonuses | Modular Board | Open Drafting | Pattern Building | Set Collection | Tile Placement | Turn Order: Claim Action,Country: Portugal | Theme: Art | Theme: Stained Glass,Sagrada | Calico | Azul: Queen's Garden | Reef | Cascadia | Quacks | Between Two Castles of Mad King Ludwig | Queendomino | Everdell | Wingspan | Meadow | Project L | Clank!: A Deck-Building Adventure | The Isle of Cats | Takenoko | Point Salad | Century: Spice Road | Cubitos | PARKS | Terraforming Mars: Ares Expedition | Santa Monica | Photosynthesis | Earth | Libertalia: Winds of Galecrest | Jaipur | Azul | Viticulture Essential Edition | Patchwork,1.00,auto,"Azul: Stained Glass of Sintra challenges players to carefully select glass panes to complete their windows while being careful not to damage or waste supplies in the process. The window panels are double-sided, providing players with a dynamic player board that affords nearly infinite variability! Gameplay is similar to Azul. Players draft colored glass tiles to their player board. Later in the round, players score points based on how they've placed their window pane pieces pieces. Extra points are scored for specific patterns and completing sets. There's also a new Colour Bonus mechanic at th"
126,Blokus,Family,,2453,893,6.86079,6.70956,1.7312572087658593,2000,2,4,4,"2, 4",7,6+,30,30,Bernard Tavitian,Abstract Strategy | Territory Building,Chaining | Enclosure | Grid Coverage | Hand Management | Player Elimination | Square Grid | Tile Placement,Category: Combinatorial | Series: World's Smallest (Super Impulse) | Versions & Editions: Travel Versions of Non-Travel Games,Telestrations | SET | Codenames | Qwirkle | Catan | Ticket to Ride | Mahjong | Rummikub | Forbidden Island | Carcassonne | Blokus Duo | Sushi Go! | Pandemic | Wits & Wagers | Dixit | Pit | Bohnanza | Tsuro | Dominion | Chess | Bananagrams | Splendor | Love Letter | Hanabi | Kalah | Scrabble | Codenames: Pictures | Sushi Go Party!,1.00,auto,"Blokus (officially pronounced ""Block us"") is an abstract strategy game with transparent, Tetris-shaped, colored pieces that players are trying to play onto the board. The only caveat to placing a piece is that it may not lie adjacent to your other pieces, but instead must be placed touching at least one corner of your pieces already on the board. There is a solitaire variation where one player tries to get rid of all the pieces in a single sitting. Goal of the Game: Each player has to fit as many of his/her 21 pieces on the board as possible. Components: Blokus Game Board (400 squares) 84 game"
127,Bunny Kingdom,Family,,184921,382,7.40862,7.10635,2.303030303030303,2017,2,4,3-4,2-4,12,10+,40,60,Richard Garfield,Animals | Medieval | Territory Building,Area Majority / Influence | Closed Drafting | End Game Bonuses | Grid Coverage | Hand Management | Simultaneous Action Selection | Square Grid,Animals: Rabbits / Hares | Theme: Anthropomorphic Animals,It's a Wonderful World | Welcome To... | 7 Wonders: Architects | Tiny Towns | Gizmos | Splendor Duel | Azul: Summer Pavilion | Bärenpark | Castles of Mad King Ludwig | Get on Board: New York & London | Nidavellir | Hadara | Space Base | Kingdomino | Aquatica | Knarr | Cartographers | Dice Forge | Potion Explosion | Patchwork | Point Salad | The Isle of Cats | Azul | Jaipur | 7 Wonders Duel | Takenoko | Harmonies | Tokaido,1.00,auto,"Peace has come at last to the great Bunny Kingdom! Lead your clan of rabbits to glory by gathering resources and building new cities across the land! Draft cards and pick the right ones to position your warrens on the 100 squares of the board, provide resources to your colonies, build new cities to increase your influence, and plan your strategy to score big at the end of the game. Settle in lakesides or fields to collect water and grow carrots, gather mushrooms in the green forest, and climb the highest mountains to discover rare and precious resources... Secretly rally rabbit lords and recru"
128,Camel Up,Family,,153938,640,7.03052,6.87732,1.5010060362173039,2014,2,8,4-5,3-7,8,8+,20,30,Steffen Bogen,Animals | Arabian | Dice | Racing,Betting and Bluffing | End Game Bonuses | Roll / Spin and Move | Track Movement | Variable Set-up,Animals: Camels | Country: Egypt | Theme: Deserts,Bohnanza | Machi Koro | Colt Express | Port Royal | Love Letter | Dominion | That's Pretty Clever! | Hanabi | Codenames | Carcassonne | The Crew: The Quest for Planet Nine | Istanbul | Quacks | Magic Maze | Pandemic | 7 Wonders | The Game | Fabled Fruit | Isle of Skye: From Chieftain to King | Twice as Clever! | Dixit | Love Letter: Premium Edition | Alhambra | Just One | Take 5 | Catan | Spyfall | Codenames: Pictures,1.00,auto,"In Camel Up, up to eight players bet on five racing camels, trying to suss out which will place first and second in a quick race around a pyramid. The earlier you place your bet, the more you can win — should you guess correctly, of course. Camels don't run neatly, however, sometimes landing on top of another one and being carried toward the finish line. Who's going to run when? That all depends on how the dice come out of the pyramid dice shaker, which releases one die at a time when players pause from their bets long enough to see who's actually moving! Players roll all 5 dice to setup the s"
129,Catan,Family,,13,617,7.09116,6.9038,2.2825248392752777,1995,3,4,4,3-4,10,8+,60,120,Klaus Teuber,Economic | Negotiation,Chaining | Dice Rolling | Hand Management | Hexagon Grid | Hidden Victory Points | Income | Market | Modular Board | Network and Route Building | Race | Random Production | Take That | Trading | Variable Set-up,Animals: Sheep | Islands: Fictional | Promotional: Board Games | Series: World's Smallest (Super Impulse) | Theme: Colonial,Carcassonne | Ticket to Ride: Europe | Pandemic | Codenames | Ticket to Ride | Dominion | Bohnanza | 7 Wonders | Sushi Go! | Dixit | Hanabi | Sushi Go Party! | Splendor | Love Letter | Coup | Codenames: Pictures | Azul | Wingspan | Photosynthesis | Blokus | King of Tokyo | The Crew: The Quest for Planet Nine | Forbidden Island | Love Letter | Small World | Take 5 | Camel Up | 7 Wonders Duel,1.00,auto,"In CATAN (formerly The Settlers of Catan), players try to be the dominant force on the island of Catan by building settlements, cities and roads. On each turn dice are rolled to determine which resources the island produces. Players build structures by 'spending' resources (sheep, wheat, wood, brick and ore) which are represented by the relevant resource cards; each land type, with the exception of the unproductive desert, produces a specific resource: hills produce brick, forests produce wood, mountains produce ore, fields produce wheat, and pastures produce sheep. Set-up includes randomly pl"
130,Catan: Cities & Knights,Family,,926,,7.45163,7.15128,2.896362388469458,1998,3,4,4,3-4,12,12+,90,150,Klaus Teuber,Expansion for Base-game | Medieval | Negotiation,Dice Rolling | Hand Management | Memory | Modular Board | Network and Route Building | Trading,,Rivals for Catan | Catan | Catan Card Game | Catan: Starfarers | Catan Histories: Rise of the Inkas | Catan Histories: Settlers of America – Trails to Rails | Carcassonne Big Box 6 | Dominion: Intrigue | Catan Dice Game | Ticket to Ride: Rails & Sails | Dominion: Second Edition | Risk | Ticket to Ride: Europe | Carcassonne | Dominion | Bohnanza | The Settlers of the Stone Age | Rummikub | Carcassonne Big Box 5 | Scotland Yard | Carcassonne: 20th Anniversary Edition | The Castles of Burgundy | Exploding Kittens | Bohnanza: 25th Anniversary Edition | Wingspan Asia | Ticket to Ride: Europe – 15th Anniversary | Catan: Dawn of Humankind | Machi Koro Legacy,1.00,auto,"Adds several new aspects to Settlers of Catan but the two major ones are creating knights to protect the land from invading barbarians and building city improvements that confer benefits upon that city's owner. Adds tactical complexity to the game and game length. Belongs to the Catan Series. The game changes the base game in three main ways: First, there are 3 new commodities in the game, distinct from resources - paper, cloth, and coins, which can be acquired from Forest, Meadow, and Mountain spaces, respectively. Cities that would normally produce two of one of those resources instead produ"
131,Clue,Family,,1294,10993,5.6858,5.5737,1.6421052631578947,1949,2,6,4-5,3-6,8,8+,45,45,Anthony E. Pratt,Deduction | Movies / TV / Radio theme | Murder / Mystery,Deduction | Grid Movement | Memory | Roll / Spin and Move | Square Grid,"Animals: Dogs | Books: Mystery Novels | Books: Sherlock Holmes | Celebrities: Alfred Hitchcock | Cities: Barcelona (Spain) | Cities: Bilbao (Spain) | Cities: Munich (Bavaria, Germany) | Cities: Seville (Spain) | Cities: Vienna (Austria) | Comic Books: Asterix | Constructions: Louvre (France) | Region: Andalusia (Spain) | Series: Games to go (Parker) | Series: Nostalgia (Hasbro) | Sports Teams: Barcelona | Sports Teams: Feyenoord | Sports Teams: VfL Wolfsburg | Theme: Mystery / Crime | TV Shows: Hanna-Barbera | TV Shows: Scooby-Doo! | TV Shows: The Golden Girls | TV Shows: The Simpsons",The Game of Life | Monopoly | Scrabble | Mastermind | Battleship | Risk | Pictionary | Stratego | UNO | Pass the Pigs | Jenga | Dominoes | Connect Four | Trivial Pursuit: Genus Edition | Boggle | Twister | Guess Who? | Pachisi | Mouse Trap | Yahtzee | Operation | Cranium | Trouble | Chinese Checkers | Bingo | Chutes and Ladders | Ker Plunk | Sorry!,1.00,auto,"For versions of Clue that feature the new character Dr. Orchid, please use this Clue page. The classic detective game! A game for those who enjoy reasoning and thinking things out. In Clue, players move from room to room in a mansion to solve the mystery of: who done it, with what, and where? Players are dealt character, weapon, and location cards after the top card from each card type is secretly placed in the confidential file in the middle of the board. Players must move to a room and then make a suggestion against a character saying they did it in that room with a specific weapon. The play"
132,Deep Sea Adventure,Family,,169654,933,6.86802,6.69016,1.185031185031185,2014,2,6,4,3-6,8,8+,30,30,Jun Sasaki | Goro Sasaki,Dice | Exploration | Nautical | Party Game,Pick-up and Deliver | Push Your Luck | Roll / Spin and Move,Theme: Submarines | Theme: Treasure Diving,A Fake Artist Goes to New York | That's Not a Hat | Cryptid | Skull | The Mind | Decrypto | Project L | Hanabi | Diamant | SCOUT | KLASK | Las Vegas Royale | Celestia | Ready Set Bet | Codenames | Kites | The Crew: The Quest for Planet Nine | Cockroach Poker | Love Letter | Codenames: Pictures | Quacks | Dixit | No Thanks! | QE | Survive: Escape from Atlantis! | Magic Maze | Sushi Go Party! | Just One,1.00,auto,"A group of poor explorers hoping to get rich quickly heads out to recover treasures from some undersea ruins. They're all rivals, but their budgets force them all to share a single rented submarine. In the rented submarine, they all have to share a single tank of air, as well. If they don't get back to the sub before they run out of air, they'll drop all their treasure. Now it's time to see who can bring home the greatest riches. Game Objective The game takes place over 3 rounds, and the player to gain the most points over the 3 rounds is the winner. In order to gain points, you must bring the"
133,Disney Villainous,Family,,256382,949,6.91075,6.67959,2.4817813765182186,2018,2,6,3,2-4,10,10+,45,120,Aaron Donogh | Prospero Hall | Brian Kirk,Card Game | Fantasy | Medieval | Movies / TV / Radio theme | Mythology | Novel-based | Pirates,Hand Management | Take That | Variable Player Powers,Series: Villainous | Authors: Charles Perrault | Books: Alice in Wonderland | Brands: Disney | Creatures: Fairies / Elves / Pixies | Folk Tales & Fairy Tales: Aladdin | Folk Tales & Fairy Tales: Peter Pan | Folk Tales & Fairy Tales: Robin Hood | Folk Tales & Fairy Tales: Sleeping Beauty | Folk Tales & Fairy Tales: The Little Mermaid | Theme: Villainy | Theme: Witches,Mysterium Park | Marvel Villainous: Infinite Power | Disney Villainous: Evil Comes Prepared | Harry Potter: Hogwarts Battle | Mysterium | Codenames: Disney – Family Edition | Betrayal at House on the Hill: 3rd Edition | Horrified | Sheriff of Nottingham: 2nd Edition | Hues and Cues | One Night Ultimate Werewolf | Obscurio | Flamecraft | Wyrmspan | Betrayal at House on the Hill | King of Monster Island | Sushi Go Party! | Camel Up (Second Edition) | Tsuro | 5-Minute Marvel | Forbidden Island | Stardew Valley: The Board Game | Horrified: American Monsters | Exploding Kittens | Trails | Love Letter | Splendor: Marvel | Star Wars Villainous: Power of the Dark Side,1.00,override,"In Villainous, each player takes control of one of six Disney characters, each one a villain in a different Disney movie. Each player has their own villain deck, fate deck, player board, and 3D character. On a turn, the active player moves their character to a different location on their player board, takes one or more of the actions visible on that space (often by playing cards from their hand), then refills their hand to four cards. Cards are allies, items, effects, conditions, and (for some characters) curses. You need to use your cards to fulfill your unique win condition. One of the actio"
134,Downforce,Family,,215311,509,7.25552,6.99362,1.7353846153846153,2017,2,6,"3, 6",2-6,10,8+,20,40,Rob Daviau | Justin D. Jacobson | Wolfgang Kramer,Racing | Sports,Auction / Bidding | Betting and Bluffing | Hand Management | Moving Multiple Units | Predictive Bid | Track Movement | Variable Player Powers,Series: Auto Racing card system (Wolfgang Kramer) | Sports: Auto Racing | Sports: Formula 1,Santorini | King of Tokyo | Jaipur | Space Base | Diamant | Splendor | Imhotep | Kingdomino | Lost Cities | Century: Spice Road | Photosynthesis | Azul | Patchwork | Point Salad | Takenoko | Bärenpark | For Sale | Pandemic | Love Letter | Dice Forge | Arboretum | Welcome To... | Bunny Kingdom | My City | Targi | Five Tribes: The Djinns of Naqala | Tiny Towns | Gizmos,1.00,auto,"High-stakes bidding on million-dollar race cars. Frantic bets placed in secret even as the cars race around the track. And to the victor, the biggest purse of all. But in the world of motor racing, the margin between victory and defeat can be a single moment: a steep banked turn, tires screaming and spitting out smoke, and the downforce, pressing you down in your seat and keeping you on the track as you make your move inside to pull ahead. Downforce is a card-driven bidding, racing, and betting game for 2-6 players based on Top Race, the award-winning design by the legendary Wolfgang Kramer. P"
135,Dungeon Mayhem,Family,,260300,1857,6.86094,6.3,1.1517857142857142,2018,2,4,4,2-4,8,6+,10,10,Jordan Comar | Roscoe Wetlaufer,Card Game | Fantasy | Fighting,Hand Management | Income | Player Elimination | Take That | Variable Player Powers,Setting: Dungeons & Dragons,Dungeon Mayhem: Monster Madness | Sheriff of Nottingham: 2nd Edition | Betrayal at House on the Hill: 3rd Edition | Machi Koro 2 | Disney Villainous: The Worst Takes it All | Betrayal at House on the Hill | Fire Tower | One Night Ultimate Werewolf | Bristol 1350 | Stardew Valley: The Board Game | Boss Monster: The Dungeon Building Card Game | Coup | Ramen Fury | Exploding Kittens | The Night Cage | Hues and Cues | Zombie Dice | Tsuro | Here to Slay | Forbidden Island | Betrayal at Baldur's Gate | Camel Up (Second Edition) | Trash Pandas | Trails | Love Letter | Poetry for Neanderthals | King of Monster Island | Forbidden Sky,1.00,auto,"In the action-packed Dungeons & Dragons card game Dungeon Mayhem, you win by being the last adventurer standing. Play as one of four brave, quirky characters — barbarian, paladin, rogue, or wizard — battling it out in a dungeon full of treasure! With magic missiles flinging, dual daggers slinging, and spiked shields dinging, it's up to you to prove your adventurer has the guts to bring home the glory! Illustrations created by Kyle Ferrin in the four decks of cards represent Sutha the Skullcrusher (barbarian), Azzan the Mystic (wizard), Lia the Radiant (paladin), and Oriax the Clever (rogue). P"
136,Everdell,Family,,199792,42,7.98309,7.80837,2.8334152334152334,2018,1,4,3,1-4,10,10+,40,80,James A. Wilson,Animals | Card Game | City Building | Fantasy,Contracts | End Game Bonuses | Hand Management | Income | Open Drafting | Ownership | Set Collection | Solo / Solitaire Game | Tags | Variable Set-up | Worker Placement,Animals: Badgers | Animals: Bats | Animals: Birds | Animals: Foxes | Animals: Hedgehogs / Porcupines | Animals: Lizards | Animals: Mice | Animals: Moles | Animals: Owls | Animals: Skunks | Animals: Squirrels / Chipmunks | Animals: Turtles | Category: DIZED Tutorial | Crowdfunding: Kickstarter | Theme: Anthropomorphic Animals | Theme: Nature | Theme: Trees and Forests,Cascadia | Wingspan | Terraforming Mars: Ares Expedition | Clank!: A Deck-Building Adventure | Quacks | Viticulture Essential Edition | Libertalia: Winds of Galecrest | Lost Ruins of Arnak | Clank!: Catacombs | The Lord of the Rings: Duel for Middle-earth | Earth | Clank! In! Space!: A Deck-Building Adventure | Calico | Dune: Imperium | Ark Nova | PARKS | Sky Team | Heat: Pedal to the Metal | 7 Wonders Duel | Scythe | Sagrada | Wyrmspan | Azul: Stained Glass of Sintra | Terraforming Mars | Ticket to Ride Legacy: Legends of the West | Planet Unknown | Spirit Island | The Isle of Cats,1.00,auto,"Within the charming valley of Everdell, beneath the boughs of towering trees, among meandering streams and mossy hollows, a civilization of forest critters is thriving and expanding. From Everfrost to Bellsong, many a year have come and gone, but the time has come for new territories to be settled and new cities established. You will be the leader of a group of critters intent on just such a task. There are buildings to construct, lively characters to meet, events to host—you have a busy year ahead of yourself. Will the sun shine brightest on your city before the winter moon rises? Everdell is"
137,Flamme Rouge,Family,,199478,288,7.47758,7.21678,1.700952380952381,2016,2,4,4,2-4,8,8+,30,45,Asger Aleksandrov Granerud,Racing | Sports,Catch the Leader | Hand Management | Modular Board | Programmed Movement | Race | Simulation | Simultaneous Action Selection | Track Movement,Country: France | Sports: Bicycling / Cycling | Theme: Retro,"Jamaica | Blitzkrieg!: World War Two in 20 Minutes | Fall of Rome | The Grizzled | The Crew: The Quest for Planet Nine | The Quest for El Dorado | Perudo | Raptor | Galaxy Trucker | Crokinole | Pandemic | Air, Land, & Sea | Deep Sea Adventure | PitchCar | Whitehall Mystery | Quacks | Cryptid | Codenames | Diamant | Skull | Clank!: A Deck-Building Adventure | Hanabi | BANG! The Dice Game | QE | Carcassonne | Heat: Pedal to the Metal | 7 Wonders | K2",1.00,auto,"The excitement in the air is electric as the leaders round the last corner and head for the finish line. Each team has used cunning and skill to position their sprinter for this moment, but only one has done enough to pull off the win! Will your team lead from the front and risk exhaustion? Should you play it safe in the middle of the pack? Could you surprise everyone by striking from the back? Can you time your move perfectly? Anyone can race, few become champions! Flamme Rouge is a fast-paced, tactical bicycle racing game where each player controls a team of two riders: a Rouleur and a Sprin"
138,Forbidden Sky,Family,,245271,3092,6.36289,6.01177,2.53125,2018,2,5,3-4,1-5,10,8+,60,60,Matt Leacock,Adventure | Electronic | Fantasy | Science Fiction,Action Points | Cooperative Game | Grid Coverage | Grid Movement | Hand Management | Map Reduction | Modular Board | Network and Route Building | Pick-up and Deliver | Set Collection | Solo / Solitaire Game | Square Grid | Tile Placement | Variable Player Powers,Series: Forbidden Games (Gamewright) | Theme: Floating islands in the sky,Forbidden Desert | Forbidden Island | Tsuro | Forbidden Jungle | Horrified | Zombie Dice | Betrayal at House on the Hill | Planet | Pandemic: Hot Zone – North America | Tsuro of the Seas | Pandemic: Rapid Response | Ticket to Ride: New York | Guillotine | Trails | Horrified: American Monsters | Pandemic | Castle Panic | Choose Your Own Adventure: House of Danger | The Captain Is Dead | Harry Potter: Hogwarts Battle | Above and Below | Flash Point: Fire Rescue | Disney Villainous: The Worst Takes it All | Bob Ross: Art of Chill Game | Betrayal Legacy | Mysterium | Lanterns: The Harvest Festival | Call to Adventure,1.00,auto,"Soar to dizzying heights in the electrifying cooperative adventure. Work as a team to explore a mysterious platform that floats at the center of a savage storm. Connect a circuit of cables to launch a secret rocket — all before you are struck by lightning or blown off to the depths below. It's a high-wire act that will test your team's capacity for courage and cooperation. One false step and you all could be grounded&hellip;permanently! This latest installment in the Forbidden... game series takes you to new heights with several novel challenges, including collectively planning a terrain using"
139,Formula D,Family,,37904,770,6.98525,6.7874,1.9654350417163289,2008,2,10,5-8,3-10,8,8+,60,60,Laurent Lavaur | Eric Randall,Racing | Sports,Dice Rolling | Different Dice Movement | Grid Movement | Movement Points | Player Elimination | Push Your Luck | Race | Roll / Spin and Move | Simulation | Turn Order: Stat-Based,Country: Monaco | Sports: Auto Racing | Sports: Formula 1,King of Tokyo | Castles of Mad King Ludwig | Burgle Bros. | Downforce | Evolution | Love Letter | Space Base | Splendor | 7 Wonders | Pandemic | Ticket to Ride | Kingdomino | Small World | Santorini | It's a Wonderful World | Heat: Pedal to the Metal | Welcome To... | Azul | Libertalia | Carcassonne | Bunny Kingdom | Dice Forge | Stone Age | Sushi Go! | Rallyman: GT | Tokaido | Potion Explosion | Patchwork,1.00,auto,"Formula D is a high stakes Formula One type racing game where the players race simulated cars with the hope of crossing the finish line first. This is a re-release of Formula Dé with several changes from the original format. Whilst old tracks can be used with the updated Formula D rules, the new game features boards that have an F1 track and a Street Track on the other side. These street tracks each have a novel inclusion or two to add greater theme - The game mechanisms are a simple race, get to the finish line first! However, players have to use a significant amount of planning, and rely on "
140,Galaxy Trucker,Family,,31481,315,7.32288,7.18449,2.3283489096573207,2007,2,4,4,2-4,10,10+,60,60,Vlaada Chvátil,Real-time | Science Fiction | Space Exploration | Transportation,Dice Rolling | Events | Grid Coverage | Open Drafting | Pattern Building | Push Your Luck | Real-Time | Relative Movement | Square Grid | Team-Based Game | Tile Placement | Track Movement | Variable Set-up,Creatures: Aliens / Extraterrestrials | Occupation: Astronaut,Small World | Lords of Waterdeep | Roll for the Galaxy | Pandemic | Dominion | 7 Wonders | Space Alert | Race for the Galaxy | Pandemic Legacy: Season 1 | Clank!: A Deck-Building Adventure | Suburbia | Cosmic Encounter | Shadows over Camelot | The Grizzled | Agricola | Love Letter | Dead of Winter: A Crossroads Game | Scythe | The Crew: The Quest for Planet Nine | Sheriff of Nottingham | Alien Frontiers | Ghost Stories | Escape: The Curse of the Temple | Istanbul | Captain Sonar | Star Realms | King of Tokyo | Eclipse: New Dawn for the Galaxy,1.00,auto,"In a galaxy far, far away... they need sewer systems, too. Corporation Incorporated builds them. Everyone knows their drivers -- the brave men and women who fear no danger and would, if the pay was good enough, even fly through Hell. Now you can join them. You will gain access to prefabricated spaceship components cleverly made from sewer pipes. Can you build a space ship durable enough to weather storms of meteors? Armed enough to defend against pirates? Big enough to carry a large crew and valuable cargo? Fast enough to get there first? Of course you can. Become a Galaxy Trucker. It's loads "
141,Ingenious,Family,,9674,634,7.09494,6.88761,1.9048295454545454,2004,1,4,2,2-4,8,8+,30,45,Reiner Knizia,Abstract Strategy,Hand Management | Hexagon Grid | Highest-Lowest Scoring | Pattern Building | Team-Based Game | Tile Placement,,Coloretto | Bohnanza | Lost Cities | No Thanks! | Mamma Mia! | Torres | The Quest for El Dorado | El Grande | Tobago | For Sale | Las Vegas | The Downfall of Pompeii | Through the Desert | Thebes | Amun-Re | Take 5 | The Rose King | Tikal | Kahuna | Alhambra | Diamant | Carcassonne | Battle Line | Chinatown | Kingdom Builder | Manhattan | Perudo | Hive,1.00,auto,"In Ingenious, a.k.a. Einfach Genial, players take turns placing colored domino-style tiles on a game board, scoring for each line of colored symbols that they enlarge. The trick, however, is that a player's score is equal to their worst-scoring color, not their best, so they need to score for all colors instead of specializing in only one or two. In more detail, the game includes 120 domino-style tiles, each consisting of two conjoined hexes; each hex has one of six colors in it, with most tiles having different-colored hexes. Each player has a rack with six tiles on it, and on a turn a player"
142,Karuba,Family,,183251,667,7.16252,6.86374,1.4233576642335766,2015,2,4,4,2-4,8,6+,30,40,Rüdiger Dorn,Exploration | Puzzle,Bingo | Connections | Grid Movement | Network and Route Building | Simultaneous Action Selection | Tile Placement,Occupation: Adventurer / Explorer | Series: Family Games (HABA) | Theme: Archaeology / Paleontology | Theme: Tropical,Reef | NMBR 9 | Quadropolis | Silver & Gold | Adventure Land | Jamaica | My Farm Shop | Sagrada | Quacks | Gingerbread House | Lanterns: The Harvest Festival | Imhotep | Queendomino | Isle of Skye: From Chieftain to King | Drop It | Fabled Fruit | FUSE | Illusion | Azul: Stained Glass of Sintra | Port Royal | Majesty: For the Realm | Corinth | Cottage Garden | Bad Company | Imhotep: The Duel | Ex Libris | Junk Art | Cat Lady,1.00,auto,"This is a tile-laying race game with players starting with boards that are identical, and one player drawing tiles that they all will use. They race to get their explorers to temples first and earn points. Along the way they can collect additional points by collecting items off the paths they create. The game ends when one player gets all of their explorers to their corresponding temples or whenever the last tile is drawn and placed. Most points wins. Description from the English Ruleset: Many moons have come and gone since your boats departed on the journey to Karuba. Once you arrive on the i"
143,King of New York,Family,★,160499,998,6.86018,6.65353,1.8687872763419484,2014,2,6,4,3-6,10,8+,40,40,Richard Garfield,Dice | Fighting | Movies / TV / Radio theme | Science Fiction,Dice Rolling | Die Icon Resolution | King of the Hill | Open Drafting | Player Elimination | Push Your Luck | Re-rolling and Locking | Tags | Take That,"Cities: New York (New York, USA) | Country: USA | Creatures: Monsters | Theme: Kaiju | Theme: Villainy",Sheriff of Nottingham | Small World | Pandemic | Dead of Winter: A Crossroads Game | BANG! The Dice Game | King of Tokyo | Galaxy Trucker | Welcome to the Dungeon | Forbidden Desert | Ca$h 'n Guns: Second Edition | Lords of Waterdeep | Clank!: A Deck-Building Adventure | Mysterium | The Grizzled | Escape: The Curse of the Temple | Photosynthesis | Spyfall | Love Letter | Forbidden Island | Codenames: Pictures | Jamaica | The Resistance | Shadows over Camelot | Flick 'em Up! | Sushi Go Party! | 7 Wonders | Dominion | Steampunk Rally,1.00,auto,"There's always something happening in the city that never sleeps. Maybe it's the lights, maybe it's the energy, or maybe it's the giant monsters trying to demolish the place! King of New York is a standalone game from designer Richard Garfield that keeps the core ideas of King of Tokyo while introducing new ways to play. As in KoT, your goal is to be the first monster to collect 20 victory points (VPs) or to be the last monster standing. On your turn, you roll six dice up to three times, then carry out the actions on those dice. Claws cause damage to other monsters, hearts heal damage to yours"
144,Labyrinth,Family,,1219,2095,6.40958,6.23367,1.3439412484700122,1986,2,4,4,2-4,8,6+,20,20,Max J. Kobbert,Children's Game | Maze | Puzzle,Map Deformation | Modular Board | Network and Route Building | Point to Point Movement | Slide / Push | Square Grid,Animals: Cats | Animals: Dinosaurs | Books: Harry Potter | Brands: Disney | Characters: Hello Kitty | Characters: Minions | Characters: Naruto | Comic Books: Asterix | Comic Books: One Piece | Movies: Avatar | Movies: Jurassic Park | Movies: Star Wars | Promotional: Board Games | Theme: Wizards | TV Shows: SpongeBob SquarePants | Video Game Theme: Nintendo | Video Game Theme: Pokémon | Video Game Theme: Super Mario Bros.,Scotland Yard | Jenga | Rummikub | Qwirkle | UNO | Scrabble | Mastermind | Pass the Pigs | Stratego | Risk | Guess Who? | Spot it! | Connect Four | Blokus | Loopin' Louie | Monopoly | Forbidden Island | Minecraft: Builders & Biomes | Catan | Skip-Bo | Clue | Chess | Twister | Tri-Ominos | Pick Up Sticks | Exploding Kittens | Memory | Camel Up,1.00,auto,"Labyrinth (formerly The aMAZEing Labyrinth) has spawned a whole line of Labyrinth games. The game board has a set of tiles fixed solidly onto it; the remaining tiles that make up the labyrinth slide in and out of the rows created by the tiles that are locked in place. One tile always remains outside the labyrinth, and players take turns taking this extra tile and sliding it into a row of the labyrinth, moving all those tiles and pushing one out the other side of the board; this newly removed tile becomes the piece for the next player to add to the maze. Players move around the shifting paths o"
145,Lanterns: The Harvest Festival,Family,,160851,1104,6.85624,6.59678,1.5431654676258992,2015,2,4,4,2-4,8,8+,30,30,Christopher Chung,Abstract Strategy,Hand Management | Pattern Building | Set Collection | Tile Placement,Country: China | Crowdfunding: Kickstarter | Organizations: The Game Artisans of Canada | Rivers: Yangtze,Sushi Roll | Silver & Gold | Reef | Sagrada | Planet | Karuba | World's Fair 1893 | Lotus | NMBR 9 | Raccoon Tycoon | Cat Lady | New York Slice | Between Two Cities | Ex Libris | Azul: Stained Glass of Sintra | Quadropolis | Corinth | New York 1901 | FUSE | Queendomino | Forbidden Desert | Gingerbread House | Imhotep | Adventure Land | Forbidden Island | Tsuro | Bad Company | Archaeology: The New Expedition,1.00,auto,"The harvest is in, and the artisans are hard at work preparing for the upcoming festival. Decorate the palace lake with floating lanterns and compete to become the most honored artisan when the festival begins. In Lanterns: The Harvest Festival, players have a hand of tiles depicting various color arrangements of floating lanterns, as well as an inventory of individual lantern cards of specific colors. When you place a tile, all players (you and your opponents) receive a lantern card corresponding to the color on the side of the tile facing them. Place carefully to earn cards and other bonuses"
146,Love Letter,Family,,129622,366,7.22649,7.12298,1.1850594227504245,2012,2,4,4,3-4,10,8+,20,20,Seiji Kanai,Card Game | Deduction | Renaissance,Deduction | Hand Management | Player Elimination | Score-and-Reset Game | Take That,Card Games: Draw and Discard | Characters: Pummeleinhorn / Pummel & Friends | Containers: Drawstring Bag | Holidays: Christmas | Series: 5 Minute Fun (AEG) | Series: Big in Japan (AEG) | Series: Pocket Game (AEG) | Setting: Tempest Shared World | Theme: Love / Romance,Hanabi | Splendor | King of Tokyo | Carcassonne | 7 Wonders | Pandemic | The Crew: The Quest for Planet Nine | Santorini | Small World | Codenames | Azul | 7 Wonders Duel | Patchwork | Kingdomino | Takenoko | Sushi Go! | Photosynthesis | Dominion | Diamant | Jaipur | Century: Spice Road | Lost Cities | Take 5 | The Castles of Burgundy | Downforce | Wingspan | Just One | Stone Age,1.00,auto,"All of the eligible young men (and many of the not-so-young) seek to woo the princess of Tempest. Unfortunately, she has locked herself in the palace, and you must rely on others to take your romantic letters to her. Will yours reach her first? Love Letter is a game of risk, deduction, and luck for 2–4 players. Your goal is to get your love letter into Princess Annette's hands while deflecting the letters from competing suitors. From a deck with only sixteen cards, each player starts with only one card in hand; one card is removed from play. On a turn, you draw one card, and play one card, try"
147,Marvel United,Family,,298047,334,7.53905,7.16781,1.8429003021148036,2020,1,4,3,1-4,14,8+,40,40,Andrea Chiarvesio | Eric M. Lang,Card Game | Comic Book / Strip | Fighting,Cooperative Game | Hand Management | Modular Board | Solo / Solitaire Game | Variable Player Powers,Comic Books: Marvel Universe | Crowdfunding: Kickstarter | Theme: Chibis | Theme: Superheroes,Marvel United: X-Men | Horrified | Star Wars: The Clone Wars | Unmatched Adventures: Tales to Amaze | Infinity Gauntlet: A Love Letter Game | Star Wars: The Deckbuilding Game | Marvel Dice Throne | King of Monster Island | Unmatched Game System | Marvel Dice Throne: Scarlet Witch v. Thor v. Loki v. Spider-Man | Marvel Zombies: Heroes' Resistance | Disney Lorcana | Marvel Zombies: A Zombicide Game | Horrified: American Monsters | Splendor: Marvel | Dinosaur World | 5-Minute Marvel | Comic Hunters | Destinies | Harry Potter: Hogwarts Battle | Stranger Things: Upside Down | Thunder Road: Vendetta | Cthulhu: Death May Die | Red Rising | Invincible: The Hero-Building Game | Tidal Blades: Heroes of the Reef | Unmatched Adventures: Teenage Mutant Ninja Turtles | Dead Men Tell No Tales,1.00,auto,"In Marvel United, you take the role of iconic Marvel Heroes cooperating to stop the master plan of a powerful Villain controlled by the game. Each Villain unveils their unique master plan, with cards that trigger different effects, and threats that pose challenges across the locations. Heroes must choose carefully the cards to play from their unique decks, that not only offer different actions and superpowers to use, but also combine with the actions of other Heroes to do the impossible. Build your storyline, unite your powers, save the day! You&rsquo;ll build a Storyline by drawing the Villai"
148,Mysterium Kids: Captain Echo's Treasure,Family,,367206,6909,6.71791,5.67239,1.125,2022,2,6,3,2-6,6,5+,21,21,Antonin Boccara | Yves Hirschfeld,Children's Game | Deduction | Horror,Communication Limits | Cooperative Game,Creatures: Ghosts,Quacks & Co.: Quedlinburg Dash | Magic Mountain | Magic Keys | MicroMacro: Kids – Crazy City Park | Dragomino | That's Pretty Clever! Kids | Dragon's Breath | Andor: The Family Fantasy Game | Cascadia Junior | Valley of the Vikings | Hedgehog Roll | Concept Kids: Animals | My First Stone Age | Unlock! Kids: Detective Stories | Zombie Teenz Evolution | Funny Bunny | Spinderella | Da ist der Wurm drin | Dodo | Kids Chronicles: Quest for the Moon Stones | SOS Dino | First Orchard | Lecker Lava | Toriki: The Castaway Island | Zombie Kidz Evolution | Whoowasit? | Welcome to Everdell | Unlock! Kids: Stories from the Past,1.00,human_confirmed,"Legend has it that the old mansion on the outskirts of the city is home to a fabulous treasure! Hoping to find it, you decide to spend the night there. You are about to give up when the ghost of Captain Echo appears to help you find his treasure. He isn&rsquo;t much of a talker, but he plays a mean tambourine, and he&rsquo;s going to use it to tell you which rooms to search in! Players cooperate to find Captain&rsquo;s treasure before the moon has traveled across the sky and the night is over. Each round, one player becomes the Ghost of Captain Echo. The Ghost must use a tambourine to give clu"
149,New York 1901,Family,★,174660,1511,6.78342,6.42501,2.0542986425339365,2015,2,4,4,2-4,8,8+,30,60,Chénier La Salle,City Building,Area Majority / Influence | Once-Per-Game Abilities | Open Drafting | Tile Placement,"Cities: New York (New York, USA) | Country: USA | Series: Europe Collection (Blue Orange Games) | Theme: Construction",Quadropolis | Oceanos | Lanterns: The Harvest Festival | Reef | Ex Libris | Century: A New World | Karuba | Honshū | Last Will | Tides of Time | Via Nebula | Majesty: For the Realm | Adventure Land | Treasure Hunter | Century: Eastern Wonders | Dice City | Medieval Academy | World's Fair 1893 | Between Two Cities | The Castles of Burgundy: The Card Game | Steam Park | Imhotep | Kanagawa | Yamataï | Blueprints | Islebound | NMBR 9 | Discoveries: The Journals of Lewis & Clark,1.00,auto,"Relive the dawn of modern New York City, the historic years that made it what it is today. Build bigger and higher skyscrapers on some of Lower Manhattan's most iconic streets. Raise one of four legendary skyscrapers — the Park Row, the Singer, the Metropolitan Life, or the majestic Woolworth — and make one of them the crown jewel of your real estate empire! In New York 1901, the players are building skyscrapers on a map of New York's Financial District. Players take location cards from a card's display and then use 2-3 of those location cards to place Tetris-shaped building tiles on the board"
150,New York Zoo,Family,★,300877,929,7.00351,6.69226,1.9673469387755103,2020,1,5,3,1-4,10,8+,30,60,Uwe Rosenberg,Abstract Strategy | Animals | Puzzle,Automatic Resource Growth | Grid Coverage | Modular Board | Race | Rondel | Tile Placement,"Animals: Birds | Animals: Elephants | Animals: Foxes | Animals: Kangaroos | Animals: Meerkat | Animals: Penguins | Category: Combinatorial | Theme: Zoos, Aquaria, Safari Parks",Tiny Towns | Azul: Summer Pavilion | Mountain Goats | The Isle of Cats | Welcome To... | Forest Shuffle | The Guild of Merchant Explorers | Get on Board: New York & London | Harmonies | Verdant | Bärenpark | Bonsai | On Tour | Gizmos | Trekking the World | Let's Go! To Japan | Paint the Roses | Diced Veggies | 7 Wonders: Architects | Point Salad | Habitats | Villagers | Beer & Bread | Canvas | Aquatica | Nova Luna | Evergreen | Bunny Kingdom,1.00,auto,"Puzzling and animal breeding: Designer Uwe Rosenberg is at his best! In New York Zoo, you are constructing an animal park. Build animal enclosures, introduce new animals and raise their offspring. The game play is straight forward as you have only two turn options: Puzzle a new enclosure tile into your zoo area or gain new animals to populate your animal encounters. But be sure to time your actions well since you want your zoo to participate in as many animal breedings as possible. —description from the publisher"
151,Parks,Family,,266524,176,7.61666,7.39756,2.1241655540720963,2019,1,5,3,1-4,10,10+,30,60,Henry Audubon,Animals | Economic | Environmental | Travel,Contracts | End Game Bonuses | Events | Modular Board | Solo / Solitaire Game | Track Movement | Turn Order: Claim Action | Variable Set-up | Worker Placement,Country: USA | Crowdfunding: Kickstarter | Series: PARKS | Theme: Hiking | Theme: Nature | Theme: US National Parks,The Isle of Cats | Wingspan | Earth | Cascadia | Calico | Planet Unknown | Sagrada | Tiny Towns | Quacks | Canvas | Point Salad | Space Base | Project L | Everdell | Meadow | Forest Shuffle | Caper: Europe | Libertalia: Winds of Galecrest | Dinosaur Island: Rawr 'n Write | Azul | Lost Ruins of Arnak | Cartographers | The Search for Lost Species | My City | Aquatica | Heat: Pedal to the Metal | Let's Go! To Japan | Flip 7,1.00,auto,"PARKS is a celebration of the US National Parks featuring illustrious art from Fifty-Nine Parks. In PARKS, players will take on the role of two hikers as they trek through different trails across four seasons of the year. While on the trail, these hikers will take actions and collect memories of the places your hikers visit. These memories are represented by various resource tokens like mountains and forests. Collecting these memories in sets will allow players to trade them in to visit a National Park at the end of each hike. Each trail represents one season of the year, and each season, the "
152,Photosynthesis,Family,,218603,808,6.92797,6.76376,2.2669172932330826,2017,2,4,3,2-4,10,10+,30,60,Hjalmar Hach,Abstract Strategy | Economic,Action Points | Area Majority / Influence | Bias | End Game Bonuses | Hexagon Grid | Income | Turn Order: Progressive,Category: Combinatorial | Theme: Biology | Theme: Nature | Theme: Science | Theme: Trees and Forests,Santorini | Splendor | Tokaido | King of Tokyo | Takenoko | Wingspan | Pandemic | Dice Forge | Century: Spice Road | 7 Wonders | Azul | Kingdomino | Love Letter | Sushi Go! | Sushi Go Party! | Downforce | Sagrada | Ticket to Ride | The Isle of Cats | Hanabi | Space Base | 7 Wonders Duel | Tiny Towns | Point Salad | Onitama | Patchwork | Azul: Stained Glass of Sintra | Carcassonne,1.00,auto,"The sun shines brightly on the canopy of the forest, and the trees use this wonderful energy to grow and develop their beautiful foliage. Sow your crops wisely and the shadows of your growing trees could slow your opponents down, but don't forget that the sun revolves around the forest. Welcome to the world of Photosynthesis, the green strategy board game!"
153,Planet,Family,,252929,1883,6.62904,6.29383,1.584,2018,2,4,4,2-4,8,6+,30,45,Urtis Šulinskas,Environmental | Puzzle | Science Fiction,Open Drafting | Tile Placement | Turn Order: Progressive,Theme: Ecology | Theme: Nature,Forbidden Island | Tsuro | Raccoon Tycoon | Sushi Roll | Sagrada | Trails | Mariposas | Lanterns: The Harvest Festival | Silver & Gold | Reef | Forbidden Desert | Queendomino | Cat Lady | Azul: Stained Glass of Sintra | Photosynthesis | Calico | Ticket to Ride: New York | Between Two Castles of Mad King Ludwig | New York Slice | Project L | Sonora | Century: Golem Edition | Juicy Fruits | Karuba | ICECOOL | Flamecraft | The Grimm Forest | FUSE,1.00,auto,"The spark of life is about to jump from your hands to spread out in the world. Deploy your mountain ranges and your deserts, spread out your oceans and your glaciers. Handle wisely your continents to form environments suitable for the apparition of animal life and maybe you'll manage to create the most densely populated planet! In Planet, each player receives a planet core without anything on it. Each turn, players choose a tile with mountain/ice/forest/desert on it and place it on the planet. Then the player who fulfills the most conditions for the appearance of certain animals gains its card"
154,Potion Explosion,Family,,180974,595,7.12156,6.92349,1.7788235294117647,2015,2,4,3,2-4,8,8+,30,45,Stefano Castelli | Andrea Crespi | Lorenzo Silva,Fantasy | Puzzle,Contracts | Open Drafting | Pattern Recognition | Physical Removal | Set Collection | Take That | Variable Set-up,Category: DIZED Tutorial | Theme: Alchemy | Theme: Wizards,Takenoko | 7 Wonders: Architects | Azul | Kingdomino | Patchwork | Welcome To... | Azul: Summer Pavilion | Draftosaurus | Splendor Duel | Bunny Kingdom | Dice Forge | Bärenpark | Point Salad | Gizmos | Tokaido | Jaipur | Santorini | Tiny Towns | 7 Wonders Duel | It's a Wonderful World | Splendor | Cartographers | Stella: Dixit Universe | The Isle of Cats | Get on Board: New York & London | Space Base | Canvas | Railroad Ink: Deep Blue Edition,1.00,auto,"Potion Explosion is a game for 2 to 4 players by Horrible Games. It was designed by Lorenzo Silva, Andrea Crespi and Stefano Castelli. Dear students, it's time for the final exams of the Potions class! The rules are always the same: Take an ingredient marble from the dispenser and watch the others fall. If you connect marbles of the same color, they explode and you can take them, too! Complete your potions using the marbles you collect, and drink them to unleash their magical power. Remember, though, that to win the Student of the Year award, being quick won't be enough: you'll also need to br"
155,Scotland Yard,Family,,438,1715,6.5071,6.34508,1.944980694980695,1983,2,6,"2, 5",2-6,10,8+,45,45,Manfred Burggraf | Dorothy Garrels | Wolf Hoermann | Fritz Ifland | Werner Scheerer | Werner Schlegel,Deduction | Travel,Hidden Movement | Point to Point Movement | Secret Unit Deployment | Team-Based Game,"Characters: Mister X | Cities: London (England, UK) | Containers: Tin/Metal Box | Country: England | Theme: Police",Labyrinth | Camel Up | Catan | Bohnanza | The Game | Robo Rally | Inkognito | Niagara | Taboo | Colt Express | Heimlich & Co. | You're Bluffing! | Dixit | Wizard | Carcassonne | Qwirkle | Rivals for Catan | Codenames | Loopin' Louie | Rummikub | Risk | Pictures | Stratego | Concept | Magic Maze | Dominion | The Lord of the Rings | Legends of Andor,1.00,auto,"In Scotland Yard, one of the players takes on the role of Mr. X. His job is to move from point to point around the map of London taking taxis, buses or subways. The detectives – that is, the remaining players acting in concert – move around similarly in an effort to move into the same space as Mr. X. But while the criminal's mode of transportation is nearly always known, his exact location is only known intermittently throughout the game. The 125 fare tickets are 5 black, 23 pink underground, 43 green bus, 54 yellow taxi. Similar to The Fury of Dracula Clue: The Great Museum Caper Ghost Chase "
156,Space Base,Family,,242302,225,7.54075,7.32328,2.1295454545454544,2018,2,5,3-4,2-5,14,10+,60,60,John D. Clair,Dice | Science Fiction | Space Exploration,Dice Rolling | Open Drafting | Random Production,,Gizmos | Tiny Towns | The Isle of Cats | Welcome To... | Castles of Mad King Ludwig | Wingspan | Aquatica | Bunny Kingdom | Tokaido | Downforce | Azul | Point Salad | On Tour | Dice Forge | PARKS | It's a Wonderful World | Paint the Roses | Santorini | Caper: Europe | Bärenpark | Splendor | Planet Unknown | Patchwork | Azul: Summer Pavilion | King of Tokyo | Canvas | Kingdomino | 7 Wonders: Architects,1.00,auto,"In Space Base, players assume the roles of Commodores of a small fleet of ships. Ships begin docked at their stations and are then deployed to sectors as new ships are commissioned under your command. Use cargo vessels to engage in trade and commerce; mining vessels to build reoccurring base income; and carriers to spread your influence. Establish new colonies for a new Commodore in a sector to gain even more influence. Gain enough influence and you can be promoted to Admiral! Space Base is a quick-to-learn, quick-to-play dice game using the core ""I roll, everyone gets stuff"" mechanism seen in"
157,That's Pretty Clever!,Family,,244522,203,7.55102,7.362,1.8518518518518519,2018,1,4,2,1-4,8,8+,30,30,Wolfgang Warsch,Dice | Number,Dice Rolling | Paper-and-Pencil | Re-rolling and Locking | Solo / Solitaire Game,Series: Klein & Fein (Schmidt Spiele),Twice as Clever! | Clever Cubed | The Taverns of Tiefenthal | Cascadia | Quacks | Clever 4Ever | Port Royal | The Crew: The Quest for Planet Nine | Camel Up | Targi | Sky Team | Ohanami | Codenames: Duet | The Game | My City | Rajas of the Ganges: The Dice Charmers | Everdell | Just One | 7 Wonders Duel | Isle of Skye: From Chieftain to King | Trails of Tucana | Wingspan | Fantasy Realms | Dorfromantik: The Board Game | Point Salad | NMBR 9 | The Quest for El Dorado | Viticulture Essential Edition,1.00,auto,"Choose your dice cleverly in Ganz sch&ouml;n clever (German for ""That's Pretty Clever"") to enter them into the matching colored areas on your score sheet, putting together tricky chain-scoring opportunities, and racking up the points! The dice you don't use are as important as those you do, because every die with a lower value than the chosen one can be used by the other players, keeping everyone in the game at all times."
158,N.Y. Chase,Family,★,534,6716,6.41117,5.68098,1.9811320754716981,1999,3,6,"4, 6",4-6,10,10+,45,45,Projekt Team III,Deduction | Transportation,Hand Management | Hidden Movement | Point to Point Movement | Secret Unit Deployment | Team-Based Game,"Characters: Mister X | Cities: New York (New York, USA) | Country: USA",Monopoly Hotels | Ovo | Golf the Perfect Game | Monopoly Junior: Toy Story | Fleet Commander: 1 – Ignition | Riombo | Monopoly City | Careers | Rummikub | Monopoly Empire | Mastermind | Scotland Yard | Ticket to Ride: Rails & Sails | Break the Safe | Risk | Splendor: Marvel | Catan: Starfarers | Monopoly: Super Mario Bros | Clue,1.00,auto,"This is a revision of an older game called Scotland Yard with some added features and a new map. One person plays Mr. X who is attempting to avoid capture in downtown Manhattan while the rest of the players are attempting to locate and apprehend Mr. X. The game seems more balanced to the detectives. The detectives get to use road blocks and a helicopter, can share their tickets and do not pass their used tickets to Mr X. The map shows downtown Manhattan, from Central Park down. Mr X has to work for his freedom... Re-implements: Scotland Yard"
159,The Quest for El Dorado,Family,,217372,122,7.71717,7.53564,1.9411057692307692,2017,2,4,"2, 4",2-4,10,8+,30,60,Reiner Knizia,Adventure | Exploration | Racing,"Deck, Bag, and Pool Building | Delayed Purchase | Grid Movement | Hand Management | Hexagon Grid | Modular Board | Multi-Use Cards | Once-Per-Game Abilities | Open Drafting | Race | Resource to Move | Variable Set-up | Zone of Control",Continents: South America | Occupation: Adventurer / Explorer | Region: Amazon Rainforest | Theme: Tropical,"Quacks | Ethnos | Caesar!: Seize Rome in 20 Minutes! | For Sale | No Thanks! | Ra | Targi | Isle of Skye: From Chieftain to King | Crokinole | Biblios | Lost Cities | Cascadia | Broom Service | My City | Cubitos | Air, Land, & Sea | Libertalia: Winds of Galecrest | Mille Fiori | SCOUT | Bohnanza | Viticulture Essential Edition | Azul: Stained Glass of Sintra | Diamant | Jaipur | Chinatown | Smartphone Inc. | Caesar's Empire | Furnace",1.00,auto,"In The Quest for El Dorado, players take the roles of expedition leaders who have embarked on a search for the legendary land of gold in the dense jungles of South America. Each player assembles and equips their own team, hiring various helpers from the scout to the scientist to the aborigine. All of them have one goal in mind: Reaching the golden border first and winning all of the riches for themselves. Whoever chooses the best tactics will be rewarded! Each player starts with a face-down deck of 8 cards— his or her expedition —to draw from. You start each turn with 4 cards in your hand. Use"
160,"Unmatched: Battle of Legends, Volume One",Family,,274637,294,7.67737,7.21041,1.9408866995073892,2019,2,4,2,"2, 4",9,10+,20,40,Rob Daviau | Justin D. Jacobson,Card Game | Fantasy | Fighting | Mythology | Novel-based,Action Points | Card Play Conflict Resolution | Hand Management | Line of Sight | Player Elimination | Point to Point Movement | Team-Based Game | Variable Player Powers,Books: Alice in Wonderland | Category: Two-Player Fighting Games | Mythology: Arabian | Mythology: Greek | Theme: King Arthur / The Knights of the Round Table / Camelot,"Unmatched: Cobble & Fog | Unmatched: Robin Hood vs. Bigfoot | Unmatched: Battle of Legends, Volume Two | Unmatched: Little Red Riding Hood vs. Beowulf | Unmatched Game System | Unmatched Adventures: Tales to Amaze | Unmatched: Houdini vs. The Genie | Unmatched: Jurassic Park – InGen vs Raptors | Unmatched: Slings and Arrows | Galaxy Trucker (Second Edition) | Unmatched: Jurassic Park – Dr. Sattler vs. T. Rex | Unmatched: Sun's Origin | The Lord of the Rings: Duel for Middle-earth | 7 Wonders (Second Edition) | Citadels | Beast | Radlands | King of Tokyo: Dark Edition | Cosmic Encounter: 42nd Anniversary Edition | Cyclades: Legendary Edition | Clank!: Catacombs | War Chest | Blood Rage | Love Letter | Project: ELITE | Clank!: A Deck-Building Adventure | Destinies | Unfathomable",1.00,human_confirmed,"In battle, there are no equals. Unmatched is a highly asymmetrical miniature fighting game for two or four players. Each hero is represented by a unique deck designed to evoke their style and legend. Tactical movement and no-luck combat resolution create a unique play experience that rewards expertise, but just when you've mastered one set, new heroes arrive to provide all new match-ups. Battle of Legends, Volume One features four heroes. King Arthur sacrifices cards to power up his attacks and gets some timely assistance from Merlin's magic. Alice is back from Wonderland with a giant vorpal b"
161,7 Wonders,Gateway Strategy,,68448,116,7.66295,7.54947,2.314342557424489,2010,2,7,4-5,3-7,10,10+,30,30,Antoine Bauza,Ancient | Card Game | City Building | Civilization | Economic,Closed Drafting | End Game Bonuses | Hand Management | Melding and Splaying | Multi-Use Cards | Neighbor Scope | Once-Per-Game Abilities | Score-and-Reset Game | Set Collection | Simultaneous Action Selection | Tags | Tech Trees / Tech Tracks | Variable Player Powers | Variable Set-up,Ancient: Babylon | Ancient: Egypt | Ancient: Greece | Category: DIZED Tutorial | Constructions: Lighthouses | Constructions: Pyramids | Constructions: The Hanging Gardens of Babylon,Small World | Dominion | Love Letter | Pandemic | Splendor | Hanabi | The Castles of Burgundy | Stone Age | Carcassonne | King of Tokyo | 7 Wonders Duel | Viticulture | The Crew: The Quest for Planet Nine | Roll for the Galaxy | Wingspan | Puerto Rico | Galaxy Trucker | Photosynthesis | Race for the Galaxy | Agricola | Terraforming Mars | Century: Spice Road | Codenames | Takenoko | Five Tribes: The Djinns of Naqala | Clank!: A Deck-Building Adventure | Santorini | Res Arcana,1.00,auto,"You are the leader of one of the 7 great cities of the Ancient World. Gather resources, develop commercial routes, and affirm your military supremacy. Build your city and erect an architectural wonder which will transcend future times. 7 Wonders lasts three ages. In each age, players receive seven cards from a particular deck, choose one of those cards, then pass the remainder to an adjacent player. Players reveal their cards simultaneously, paying resources if needed or collecting resources or interacting with other players in various ways. (Players have individual boards with special powers "
162,7 Wonders Architects,Gateway Strategy,,346703,811,7.03187,6.76198,1.371824480369515,2021,2,7,4,2-7,8,6+,25,25,Antoine Bauza,Ancient,Neighbor Scope | Open Drafting | Set Collection | Variable Player Powers,Constructions: Lighthouses | Constructions: Pyramids,Splendor Duel | Welcome To... | Azul: Summer Pavilion | It's a Wonderful World | Kingdomino | Bunny Kingdom | Harmonies | Potion Explosion | Azul | Get on Board: New York & London | Draftosaurus | Stella: Dixit Universe | Gizmos | Cartographers | Turing Machine | Point Salad | Akropolis | Patchwork | Dice Forge | Takenoko | Tiny Towns | 7 Wonders Duel | Splendor | Jaipur | Forest Shuffle | Knarr | Bärenpark | Sea Salt & Paper,1.00,auto,"In 7 Wonders: Architects, 2-7 players race to become a leader of the ancient world by completing an architectural wonder that will last through the ages. Players receive an unconstructed wonder at the beginning of the game and must collect resources to build their society, develop military might to navigate conflicts, oversee resource management, research science improvements, and collect civil victory points as they race to leave their mark on world history."
163,Azul,Gateway Strategy,,230802,96,7.71622,7.60664,1.77487091222031,2017,2,4,2,2-4,8,8+,30,45,Michael Kiesling,Abstract Strategy | Renaissance,Chaining | End Game Bonuses | Grid Coverage | Open Drafting | Pattern Building | Set Collection | Square Grid | Tile Placement | Turn Order: Claim Action,Country: Portugal | Theme: Art | Versions & Editions: Travel Versions of Non-Travel Games,Patchwork | Jaipur | Kingdomino | Splendor | 7 Wonders Duel | Santorini | Azul: Summer Pavilion | Splendor Duel | Wingspan | Point Salad | Welcome To... | 7 Wonders: Architects | Sea Salt & Paper | Potion Explosion | Heat: Pedal to the Metal | Carcassonne | Tiny Towns | Takenoko | Cartographers | My City | Sushi Go! | Hanabi | Space Base | King of Tokyo | Wandering Towers | Arboretum | It's a Wonderful World | Harmonies,1.00,auto,"Introduced by the Moors, azulejos (originally white and blue ceramic tiles) were fully embraced by the Portuguese when their king Manuel I, on a visit to the Alhambra palace in Southern Spain, was mesmerized by the stunning beauty of the Moorish decorative tiles. The king, awestruck by the interior beauty of the Alhambra, immediately ordered that his own palace in Portugal be decorated with similar wall tiles. As a tile-laying artist, you have been challenged to embellish the walls of the Royal Palace of Evora. In the game Azul, players take turns drafting colored tiles from suppliers to their"
164,Azul: Summer Pavilion,Gateway Strategy,,287954,240,7.56822,7.29819,2.073809523809524,2019,2,4,2-3,2-4,8,8+,30,45,Michael Kiesling,Abstract Strategy | Puzzle,End Game Bonuses | Open Drafting | Pattern Building | Set Collection | Tile Placement | Turn Order: Claim Action,Country: Portugal | Theme: Art | Versions & Editions: Travel Versions of Non-Travel Games,Splendor Duel | Welcome To... | Tiny Towns | Patchwork | Azul | Harmonies | 7 Wonders: Architects | New York Zoo | Forest Shuffle | Cartographers | Bunny Kingdom | Nova Luna | Bärenpark | It's a Wonderful World | Gizmos | Kingdomino | Get on Board: New York & London | Point Salad | The Isle of Cats | Railroad Ink: Deep Blue Edition | Verdant | Potion Explosion | Jaipur | Knarr | The Guild of Merchant Explorers | Castles of Mad King Ludwig | 7 Wonders Duel | Beer & Bread,1.00,auto,"At the turn of the 16th Century, King Manuel I commissioned Portugal's greatest artisans to construct grandiose buildings. After completing the Palaces of Evora and Sintra, the king sought to build a summer pavilion to honor the most famous members of the royal family. This construction was intended for the most talented artisans — whose skills meet the splendor that the royal family deserves. Sadly, King Manuel I died before construction ever began. In Azul: Summer Pavilion, players return to Portugal to accomplish the task that never began. As a master artisan, you must use the finest materi"
165,Between Two Cities,Gateway Strategy,,168435,897,6.96726,6.70699,1.8141361256544504,2015,1,7,5-6,3-7,14,8+,25,25,Matthew O'Malley | Ben Rosset,City Building | Negotiation,Closed Drafting | Highest-Lowest Scoring | Neighbor Scope | Set Collection | Simultaneous Action Selection | Solo / Solitaire Game | Tile Placement,Crowdfunding: Kickstarter | Organizations: Automa Factory | Theme: City,FUSE | Photosynthesis | Ex Libris | NMBR 9 | Between Two Castles of Mad King Ludwig | Euphoria: Build a Better Dystopia | Paperback | Lords of Waterdeep | Mystic Vale | Above and Below | Reef | Sagrada | Quadropolis | Near and Far | Quacks | New York Slice | Century: Spice Road | The Networks: Primetime | Charterstone | Foundations of Rome | Imhotep | Dinosaur Island | Sheriff of Nottingham | Last Will | Furnace | Pandemic | Raccoon Tycoon | Lanterns: The Harvest Festival,1.00,auto,"It is the early 1800s, a time of immense construction and urbanization. You are a world-renowned master city planner who has been asked to redesign two different cities. Projects of such significance require the expertise of more than one person, so for each assignment you are paired with a partner with whom to discuss and execute your grandiose plans. Will your planning and collaborative skills be enough to design the most impressive city in the world? Between Two Cities is a partnership-driven tile-drafting game in which each tile represents part of a city: factory, shop, park, landmarks, et"
166,Carcassonne,Gateway Strategy,,822,239,7.41632,7.29866,1.8852705991424268,2000,2,5,2,2-5,7,8+,30,45,Klaus-Jürgen Wrede,Medieval | Territory Building,Area Majority / Influence | Enclosure | Kill Steal | Map Addition | Pattern Building | Square Grid | Tile Placement,Category: DIZED Tutorial | Cities: Carcassonne (France) | Containers: Tin/Metal Box | Country: France | Occupation: Farmer | Region: Languedoc (France) | Religious: Monks/Abbots & Monasteries/Abbeys,Love Letter | Catan | Pandemic | Hanabi | Azul | 7 Wonders | Splendor | Ticket to Ride: Europe | Sushi Go! | Take 5 | Patchwork | Codenames | 7 Wonders Duel | King of Tokyo | Santorini | Bohnanza | Dominion | Jaipur | Wingspan | Ticket to Ride | Small World | Kingdomino | The Crew: The Quest for Planet Nine | Stone Age | Takenoko | Sushi Go Party! | Dixit | Diamant,1.00,auto,"Carcassonne is a tile placement game in which the players draw and place a tile with a piece of southern French landscape represented on it. The tile might feature a city, a road, a cloister, grassland or some combination thereof, and it must be placed adjacent to tiles that have already been played, in such a way that cities are connected to cities, roads to roads, et cetera. Having placed a tile, the player can then decide to place one of their meeples in one of the areas on it: in the city as a knight, on the road as a robber, in the cloister as a monk, or in the field as a farmer. When tha"
167,Cartographers,Gateway Strategy,,263918,180,7.55578,7.39126,1.8887587822014051,2019,1,100,3-4,1-8,10,8+,30,45,Jordy Adan,Fantasy | Territory Building,Bingo | Enclosure | End Game Bonuses | Grid Coverage | Paper-and-Pencil | Pattern Building | Simultaneous Action Selection | Solo / Solitaire Game | Square Grid | Take That | Variable Set-up,Category: DIZED Tutorial | Setting: World of Ulos,Forest Shuffle | Welcome To... | 7 Wonders Duel | Azul: Summer Pavilion | It's a Wonderful World | Splendor Duel | Azul | Patchwork | Harmonies | Tiny Towns | Planet Unknown | Welcome to the Moon | 7 Wonders: Architects | Nova Luna | The Guild of Merchant Explorers | Turing Machine | Kingdomino | Bunny Kingdom | Wingspan | Railroad Ink: Deep Blue Edition | My City | Knarr | The Isle of Cats | Point Salad | Sea Salt & Paper | Next Station: London | Get on Board: New York & London | The Vale of Eternity,1.00,auto,"Queen Gimnax has ordered the reclamation of the northern lands. As a cartographer in her service, you are sent to map this territory, claiming it for the Kingdom of Nalos. Through official edicts, the queen announces which lands she prizes most, and you will increase your reputation by meeting her demands. But you are not alone in this wilderness. The Dragul contest your claims with their outposts, so you must draw your lines carefully to reduce their influence. Reclaim the greatest share of the queen&rsquo;s desired lands and you will be declared the greatest cartographer in the kingdom. In C"
168,Cascadia,Gateway Strategy,,295947,60,7.89088,7.73667,1.8418367346938775,2021,1,4,2-3,1-4,10,8+,30,45,Randy Flynn,Animals | Environmental,End Game Bonuses | Hexagon Grid | Open Drafting | Pattern Building | Solo / Solitaire Game | Tile Placement | Variable Set-up,Animals: Bears | Animals: Eagles | Animals: Fish / Fishes | Animals: Foxes | Animals: Moose / Elk | Crowdfunding: Kickstarter | Series: Cascadia | States: Washington | Theme: Ecology | Theme: Nature,Quacks | Calico | Everdell | PARKS | Wingspan | Sagrada | Earth | Project L | Viticulture Essential Edition | Meadow | Libertalia: Winds of Galecrest | Terraforming Mars: Ares Expedition | Azul: Queen's Garden | Azul: Stained Glass of Sintra | Lost Ruins of Arnak | Trekking Through History | Cubitos | The Isle of Cats | Planet Unknown | Dinosaur Island: Rawr 'n Write | Ticket to Ride Legacy: Legends of the West | Furnace | Fantastic Factories | Sky Team | Point City | Ark Nova | Heat: Pedal to the Metal | Point Salad,1.00,auto,"Cascadia is a puzzly tile-laying and token-drafting game featuring the habitats and wildlife of the Pacific Northwest. In the game, you take turns building out your own terrain area and populating it with wildlife. You start with three hexagonal habitat tiles (with the five types of habitat in the game), and on a turn you choose a new habitat tile that's paired with a wildlife token, then place that tile next to your other ones and place the wildlife token on an appropriate habitat. (Each tile depicts 1-3 types of wildlife from the five types in the game, and you can place at most one token on"
169,Catan: Junior,Gateway Strategy,,125921,2585,6.57521,6.11344,1.4960629921259843,2012,2,4,4,2-4,6,5+,30,30,Klaus Teuber,Children's Game | Economic | Nautical | Pirates,Dice Rolling | Network and Route Building,Versions & Editions: Junior Versions of Grown-Up Games,Ticket to Ride: First Journey (U.S.) | Sequence for Kids | Sleeping Queens | Dragonwood | My First Castle Panic | Outfoxed! | Zingo! | Robot Turtles | Disney Eye Found It! | Hoot Owl Hoot! | Ghost Fightin' Treasure Hunters | Hi Ho! Cherry-O | Castle Panic | Santa Cookie Elf Candy Snowman | My Little Scythe | Richard Scarry's Busytown: Eye found it! Game | Bugs in the Kitchen | The Sneaky Snacky Squirrel Game | CoraQuest | Animal Upon Animal | The Quest Kids | Gnomes at Night | Dragonrealm | Monza | Yeti in My Spaghetti | Go Away Monster! | Outnumbered: Improbable Heroes | Kim-Joy's Magic Bakery,1.00,auto,"Explore the seas! Catan: Junior introduces a modified playing style of the classic Settlers of Catan, giving players as young as five a perfect introduction to the Catan series of games. Catan: Junior takes place on a ring of islands where 2 to 4 players build hideouts and encounter the mysterious Spooky Island, where the Ghost Captain lives. Each island generates a specific resource: wood, goats, molasses or swords, and players can acquire gold. Each player starts with two pirate hideouts on different islands, and they can use the resources they acquire to build ships, hideouts or get help fr"
170,Century: Spice Road,Gateway Strategy,,209685,384,7.29031,7.1043,1.798550724637681,2017,2,5,3-4,2-5,8,8+,30,45,Emerson Matsuuchi,Card Game | Economic | Medieval,"Action Retrieval | Auction: Dutch | Contracts | Deck, Bag, and Pool Building | End Game Bonuses | Hand Management | Increase Value of Unchosen Resources | Open Drafting | Set Collection | Variable Set-up",Theme: Silk Road,Imhotep | Splendor | Stone Age | Five Tribes: The Djinns of Naqala | Bärenpark | Jaipur | Hadara | Targi | The Castles of Burgundy | Patchwork | Point Salad | 7 Wonders Duel | Kingdomino | Gizmos | Welcome To... | Wingspan | Architects of the West Kingdom | Azul | Photosynthesis | Takenoko | Castles of Mad King Ludwig | Tiny Towns | Nidavellir | It's a Wonderful World | 7 Wonders | Downforce | Santorini | Orléans,1.00,auto,"Century: Spice Road is the first in a series of games that explores the history of each century with spice-trading as the theme for the first installment. In Century: Spice Road, players are caravan leaders who travel the famed silk road to deliver spices to the far reaches of the continent for fame and glory. Each turn, players perform one of four actions: Establish a trade route (by taking a market card) Make a trade or harvest spices (by playing a card from hand) Fulfill a demand (by meeting a victory point card's requirements and claiming it) Rest (by taking back into your hand all of the "
171,Ecosystem,Gateway Strategy,,271519,2148,7.04307,6.22161,1.6206896551724137,2019,2,6,4,2-6,10,8+,15,20,Matt Simpson,Animals | Card Game | Educational | Environmental,Closed Drafting | Pattern Building | Set Collection | Tile Placement,Animals: Bears | Animals: Bees | Animals: Birds | Animals: Deer / Antelope | Animals: Eagles | Animals: Fish / Fishes | Animals: Foxes | Animals: Insects | Animals: Rabbits / Hares | Animals: Wolves | Series: Science Games (Genius Games) | Theme: Biology | Theme: Ecology | Theme: Nature | Theme: Science,Ecosystem: Coral Reef | Ecosystem: Savanna | Odin's Ravens (Second Edition) | Imperial Miners | Hungry Monkey | Creature Comforts | Trails of Tucana | Calico | Mycelia | Pyramido | Walking in Burano | Power Plants | Point City | Kingdomino Origins | Llamaland | Azul: Stained Glass of Sintra | Canopy | Brew | Dream Home | Everdell | Cascadia | Meadow | Maple Valley | Azul: Queen's Garden | Witchstone | Terraforming Mars: The Dice Game | House of Cats | Cat Lady,1.00,auto,"Ecosystem is a card-drafting game in which players choose cards and place them into their play area turn by turn. The cards in a player's grid make up their own personal ecosystem, and at game's end, a player will have twenty cards in their ecosystem, with the game including eleven types of cards. Bears score by being placed next to bees and trout; trout score by being placed next to streams and dragonflies; and streams are compared at the end of the game, with the player who has the largest stream earning points. These are just a few examples of how scoring works in Ecosystem. Don't forget to"
172,Gizmos,Gateway Strategy,,246192,414,7.36265,7.074,2.056338028169014,2018,2,4,3,2-4,14,8+,40,50,Phil Walker-Harding,Card Game | Science Fiction,Action Queue | Contracts | Open Drafting | Race,,Welcome To... | Bärenpark | Space Base | It's a Wonderful World | Tiny Towns | Bunny Kingdom | Castles of Mad King Ludwig | Azul: Summer Pavilion | 7 Wonders: Architects | On Tour | Point Salad | Splendor Duel | Tokaido | Century: Spice Road | Hadara | The Guild of Merchant Explorers | Get on Board: New York & London | Azul | Kingdomino | Splendor | Patchwork | Potion Explosion | Aquatica | New York Zoo | Dice Hospital | Paint the Roses | Dice Forge | Cartographers,1.00,auto,"The smartest minds of our generation are gathering together at the Great Science Fair. Everyone's been working hard on their creations, but only one will be crowned champion. Contestants have to think on the fly to build their machines quickly and efficiently. Whose project will be the best? In Gizmos, you win the game by gaining victory points from building engines. And engines help you get things done faster. Whoever builds the greatest machine and collects the most victory points wins! At the beginning of the game, you have 4 actions: File : Put a card in the public to your Archive, allow y"
173,Herbaceous,Gateway Strategy,,195314,1194,6.98829,6.55099,1.2259887005649717,2017,1,4,4,1-4,8,6+,15,20,Eduardo Baraf | Steve Finn,Card Game | Print & Play,Push Your Luck | Set Collection | Solo / Solitaire Game,Crowdfunding: Kickstarter | Theme: Gardening | Theme: Nature | Versions & Editions: Travel Versions of Non-Travel Games,Floriferous | Sunset Over Water | The Castles of Burgundy: The Dice Game | Silver & Gold | Three Sisters | Fantastic Factories | Gingerbread House | Walking in Burano | Calico | Point City | Fleet: The Dice Game | Cat Lady | Metro X | Meadow | Canopy | Village Green | Juicy Fruits | The Isle of Cats: Explore & Draw | Spring Meadow | Glasgow | Super-Skill Pinball: 4-Cade | Joan of Arc: Orléans Draw & Write | Sagrada | Santa Monica | Coffee Roaster | Reef | Land vs Sea | Cottage Garden,1.00,auto,"In Herbaceous, herb collectors compete to grow and store the most valuable medley of herbs. Everyone starts with four containers, each of which allows a different grouping action: Group herbs of same type Group different types Group pairs Group any three types (same or different) On your turn, you draw a herb, then decide to either keep it in your personal collection or put in into the communal pile. If kept, the next card goes to the communal pile; if placed in the communal pile, the next card goes in your personal collection. At the start of your turn, you can decide to use a container. If s"
174,Imhotep,Gateway Strategy,,191862,618,7.12441,6.89815,2.016348773841962,2016,2,4,4,2-4,10,10+,40,40,Phil Walker-Harding,Ancient | Transportation,Area Majority / Influence | End Game Bonuses | Modular Board | Set Collection,Ancient: Egypt | Constructions: Pyramids | Occupation: Architect | Theme: Construction,Century: Spice Road | Targi | Stone Age | Bärenpark | Five Tribes: The Djinns of Naqala | Jaipur | Downforce | Lost Cities | Arboretum | Kingdom Builder | Alhambra | The Castles of Burgundy | Point Salad | Splendor | Hadara | Istanbul | Kingdomino | Finca | Tiny Towns | Photosynthesis | Patchwork | Santorini | Isle of Skye: From Chieftain to King | Gizmos | Space Base | Orléans | Azul | Dragon Castle,1.00,auto,"In Imhotep, the players become builders in Egypt who want to emulate the first and best-known architect there, namely Imhotep. Over six rounds, they move wooden stones by boat to create five seminal monuments, and on a turn, a player chooses one of four actions: Procure new stones, load stones on a boat, bring a boat to a monument, or play an action card. While this sounds easy, naturally the other players constantly thwart your building plans by carrying out plans of their own. Only those with the best timing — and the stones to back up their plans — will prove to be Egypt's best builder."
175,Incan Gold,Gateway Strategy,,15512,892,6.84798,6.7102,1.1141078838174274,2005,3,8,6-8,3-8,8,6+,20,40,Bruno Faidutti | Alan R. Moon,Bluffing | Card Game | Exploration,Move Through Deck | Push Your Luck | Simultaneous Action Selection,Country: Peru | Occupation: Adventurer / Explorer | Series: Bookshelf (Gryphon Games) | Theme: Archaeology / Paleontology,Lost Cities | For Sale | Jaipur | No Thanks! | Downforce | Take 5 | Point Salad | Azul | Santorini | Splendor | Hanabi | Patchwork | Just One | Love Letter | Kingdomino | King of Tokyo | Skull | Wandering Towers | Carcassonne | Coloretto | My City | Perudo | The Crew: The Quest for Planet Nine | Flip 7 | Quacks | Hanamikoji | Sushi Go Party! | Heat: Pedal to the Metal,1.00,auto,"Diamant — also published as Incan Gold — is a quick, fun, press-your-luck game. Players venture down mine shafts or explore paths in the jungle by turning up cards from a deck and evenly sharing the gems they find on the way, with any leftover gems being placed on the card. Before the next card is revealed, you have the chance to leave the mine and stash your holdings, including any gems you get on the way out. Why would you leave? Because the deck also contains hazards: scorpions, snakes, poison gas, explosions and rockfalls. When a particular hazard is revealed for the second time (e.g., a s"
176,Kingdomino,Gateway Strategy,,204583,330,7.28798,7.16963,1.2386081193040597,2016,2,4,"2, 4",2-4,8,6+,15,25,Bruno Cathala,Abstract Strategy | Medieval | Puzzle | Territory Building,Enclosure | Open Drafting | Tile Placement | Turn Order: Claim Action,Category: DIZED Tutorial | Series: Europe Collection (Blue Orange Games),Azul | Patchwork | Jaipur | Takenoko | Welcome To... | Splendor | 7 Wonders: Architects | Point Salad | Santorini | Bärenpark | King of Tokyo | Tiny Towns | Azul: Summer Pavilion | Potion Explosion | Bunny Kingdom | Dice Forge | Tokaido | 7 Wonders Duel | Splendor Duel | Century: Spice Road | Cartographers | Draftosaurus | Gizmos | Sushi Go! | Downforce | It's a Wonderful World | Love Letter | Photosynthesis,1.00,auto,"In Kingdomino, you are a lord seeking new lands in which to expand your kingdom. You must explore all the lands, including wheat fields, lakes, and mountains, in order to spot the best plots, while competing with other lords to acquire them first. The game uses tiles with two sections, similar to Dominoes. Each turn, each player will select a new domino to connect to their existing kingdom, making sure at least one of its sides connects to a matching terrain type already in play. The order of who picks first depends on which tile was previously chosen, with better tiles forcing players to pick"
177,Kingdomino Origins,Gateway Strategy,,340041,1134,7.45227,6.58303,1.9054054054054055,2021,2,4,"2, 4",2-4,8,8+,20,40,Bruno Cathala,Prehistoric | Puzzle | Territory Building,Enclosure | Open Drafting | Tile Placement | Turn Order: Claim Action,Animals: Mammoths | Animals: Prehistoric Non-Dinosaurs | Theme: Volcanoes,Azul: Stained Glass of Sintra | Queendomino | Sagrada | Cat Lady | Calico | Project L | Meadow | Reef | Kingdomino Duel | Azul: Queen's Garden | Trekking Through History | Cascadia | Point City | Santa Monica | First Rat | Takenoko | Creature Comforts | Point Salad | World Wonders | Quacks | Jamaica | Istanbul: The Dice Game | Bad Company | Orichalcum | Silver & Gold | Cubitos | Mariposas | Deep Sea Adventure,1.00,auto,"Go back in time to the prehistoric era of Kingdomino! Kingdomino Origins plays similarly to the original game, but introduces new components for additional actions and new ways to score points. Regions in your territory will earn you points if they contain fire. Fire is either part of your terrains or earned by adding dominoes with volcanoes. There are three game modes to play: The first one introduces fire and volcanoes; The second mode uses wooden resources; And the third one features cavemen tokens. You earn points by collecting resources, with additional points when you have the majority o"
178,Manhattan,Gateway Strategy,★,199,1641,6.73426,6.37761,1.9228915662650603,1994,2,4,4,3-4,10,8+,45,45,Andreas Seyfarth,City Building,Area Majority / Influence | Hand Management,"Cities: New York (New York, USA) | Occupation: Architect | Theme: Construction",Torres | Ingenious | Mamma Mia! | Niagara | The Rose King | Ave Caesar | Take it Easy! | Elfenland | Tikal | Kahuna | Thebes | Thurn and Taxis | What the Heck? | Las Vegas | Balloon Cup | Felicity: The Cat in the Sack | Fearsome Floors | Turn the Tide | Cartagena | Alhambra | Keltis | FITS | Manila | Tobago | Hare & Tortoise | Zooloretto | TransAmerica | That's Life!,1.00,auto,"In Manhattan, players construct a skyline of skyscrapers over several districts, or city blocks, of Manhattan Island. Ultimately, each player seeks to have built the tallest buildings in the most city blocks of the Island. Each turn, players will play a card that illustrates which part of a city block they may place a ""floor"" on a building. The placement card is unique for each player in that the section they may place in is relative to their seating at the table. The player who has placed the top most floor controls that building. Each round, scores are tallied based on control of each of the"
179,My City,Gateway Strategy,,295486,269,7.57886,7.2472,1.981549815498155,2020,2,4,4,2-4,10,8+,30,30,Reiner Knizia,City Building,Bingo | Catch the Leader | Grid Coverage | Legacy Game | Pattern Building | Scenario / Mission / Campaign Game | Tile Placement,Series: My City (Kosmos) | Theme: City,Patchwork | Azul | Wingspan | Jaipur | Targi | Cartographers | 7 Wonders Duel | Quacks | Point Salad | Lost Cities | Tiny Towns | Welcome To... | The Isle of Cats | Arboretum | PARKS | Cascadia | Kingdomino | Santorini | Bärenpark | Space Base | Planet Unknown | Hanamikoji | Heat: Pedal to the Metal | Splendor Duel | Azul: Summer Pavilion | Caper: Europe | The Crew: The Quest for Planet Nine | Just One,1.00,auto,"My City is a competitive legacy game in which you develop a city on your own playing board through the ages. The game consists of 24 episodes, beginning with the development of a city in its early preindustrial stages and progressing through industrialization. During each game, players customize their experience by adding elements to their personal boards and adding cards to the game. Players' choices and action made during one session of gameplay carry over into the next session, creating a personalized gaming experience. For players who do not want to experience My City as a legacy game, a d"
180,New York Slice,Gateway Strategy,★,208895,2108,6.66338,6.22993,1.4666666666666666,2017,2,6,4,3-6,8,8+,30,30,Jeffrey D. Allers,Party Game,"I Cut, You Choose | Once-Per-Game Abilities | Set Collection | Turn Order: Progressive",Containers: Pizza Boxes | Food & Drink: Pizza | Theme: Restaurant/Café,Sushi Roll | Raccoon Tycoon | Between Two Cities | Long Shot: The Dice Game | Silver & Gold | FUSE | Lanterns: The Harvest Festival | Bad Company | Dimension | Drop It | Planet | Tsuro | Illusion | Cubitos | Paperback | Downforce | Reef | Adventure Land | Duelosaur Island | Flip Ships | Skate Summer | NMBR 9 | Picture Perfect | Sagrada | Green Team Wins | Karuba | MonsDRAWsity | Foundations of Rome,1.00,auto,"You've just been given a shot at being the head chef at the prestigious New York Slice pizza parlor. Now you and your fellow pizza chef wannabes have to make the most amazing pizzas...one slice at a time! In New York Slice, each player slices pizzas into portions, giving their opponents first choice, while they take the leftovers. There are a dozen kinds of pizza to work with, from veggie to hawaiian to meat lover's, and each player decides if they want to eat or keep some of the slices, building the best collection of pizzas possible! Each time a player slices a pizza, there's a different spe"
181,On Tour,Gateway Strategy,,251412,1505,6.81968,6.42836,1.4,2019,1,8,"2, 4","1-8, 9",7,8+,20,20,Chad DeShon,Dice | Music | Number | Travel,Bingo | Connections | Dice Rolling | Line Drawing | Network and Route Building | Paper-and-Pencil | Push Your Luck | Simultaneous Action Selection | Solo / Solitaire Game,Continents: Europe | Country: USA | Crowdfunding: Kickstarter | Theme: Music Making & Makers,Gizmos | Mountain Goats | Welcome To... | Space Base | Railroad Ink: Deep Blue Edition | Tiny Towns | Paint the Roses | New York Zoo | Abandon All Artichokes | Can't Stop | Bärenpark | The Guild of Merchant Explorers | Azul: Summer Pavilion | Dice Hospital | Patchwork | Bunny Kingdom | Point Salad | Hardback | Villagers | Get on Board: New York & London | Trailblazers | Copenhagen | Tokaido | 7 Wonders: Architects | Letter Tycoon | It's a Wonderful World | Azul | boop.,1.00,auto,"You're living the dream. You're in a band and they&rsquo;re about to go on tour. It's your job to schedule the band's stops over your 100-day tour, visiting as many states as possible. Each turn in On Tour, two ten-sided dice are rolled to make two two-digit numbers. For example, a roll of 3 and 7 creates the numbers 37 and 73. All players write each of those numbers in a state on their map. The regions they can write in are restricted by three cards turned up in the middle of the table. At the end of the game, each player draws a route on their map, starting with a low number and visiting adj"
182,Pandemic: Hot Zone – North America,Gateway Strategy,,301919,2105,6.95955,6.23029,1.8644067796610169,2020,2,4,2,1-4,8,8+,30,30,Matt Leacock,Medical | Print & Play,Action Points | Cooperative Game | Hand Management | Point to Point Movement | Set Collection | Trading | Variable Player Powers,Continents: North America | Medical: Diseases | Occupation: Researcher / Scientist | Theme: Science,Trails | Forbidden Island | Horrified | Tsuro | Horrified: American Monsters | Ticket to Ride: New York | Forbidden Desert | Forbidden Sky | Planet | Forbidden Jungle | Ticket to Ride: San Francisco | Horrified: Greek Monsters | Ticket to Ride: London | 5-Minute Marvel | Pandemic: Rapid Response | Red Rising | Santorini: New York | Harry Potter: Hogwarts Battle | King of Monster Island | Disney Villainous: The Worst Takes it All | Castle Panic | Flash Point: Fire Rescue | Summer Camp | The Night Cage | Star Wars: The Clone Wars | Flamecraft | Horrified: Dungeons & Dragons | Pandemic,1.00,auto,"Disease threatens North America and only you can stop it! In Pandemic: Hot Zone – North America, players work together against the game to discover cures for three deadly diseases that threaten the continent. Travel to different North American cities to treat local populations, prevent outbreaks, and share research with your team. Can you discover the cures before it's too late? Hot Zone – North America is a shorter, more portable version of the best-selling cooperative game Pandemic."
183,Pandemic: Rapid Response,Gateway Strategy,,280789,2796,6.5464,6.07059,2.1228070175438596,2019,2,4,2,2-4,8,10+,20,20,Kane Klenko,Dice | Medical | Real-time,Contracts | Cooperative Game | Dice Rolling | Re-rolling and Locking | Real-Time | Variable Player Powers,Medical: Diseases | Occupation: Medic / Doctor / Nurses | Occupation: Researcher / Scientist,Forbidden Desert | Flash Point: Fire Rescue | Pandemic: The Cure | Forbidden Island | Ticket to Ride: New York | Queendomino | A Game of Thrones: Hand of the King | Horrified | FUSE | Harry Potter: Hogwarts Battle | Planet | Forbidden Sky | The Grimm Forest | Pandemic | Raptor | Welcome to the Dungeon | Escape: The Curse of the Temple | Above and Below | Jamaica | Dead Men Tell No Tales | Pandemic: Hot Zone – North America | Azul: Stained Glass of Sintra | Karuba | BANG! The Dice Game | King of New York | Tiny Epic Galaxies | Dead of Winter: A Crossroads Game | Flick 'em Up!,1.00,auto,"Disaster has struck! Cities around the world are in desperate need of food, water, vaccines, and other supplies. You and your team belong to the Crisis Response Unit (CRU), an elite team of doctors and specialists. With a specially equipped plane, you are uniquely capable of providing life-saving aid — anytime, anywhere. Pandemic: Rapid Response is a race against time. Roll dice to create supplies, fly the plane, and make deliveries to cities in need. As the timer counts down, you must quickly coordinate and work together to react to new disasters. Will you and your team be able to respond in "
184,Point Salad,Gateway Strategy,,274960,599,7.09101,6.91662,1.1535433070866141,2019,2,6,3,2-6,10,8+,15,30,Molly Johnson | Robert Melvin | Shawn Stankewich,Card Game,Contracts | End Game Bonuses | Open Drafting | Set Collection,Food & Drink: Vegetables | Series: Point … (Flatout Games),Patchwork | Tiny Towns | Jaipur | Azul | Kingdomino | Bärenpark | Welcome To... | Splendor Duel | The Isle of Cats | Splendor | Sagrada | Azul: Summer Pavilion | Gizmos | 7 Wonders: Architects | Century: Spice Road | Space Base | Santorini | Wingspan | PARKS | Sea Salt & Paper | Wandering Towers | 7 Wonders Duel | My City | Diamant | Nidavellir | Bunny Kingdom | Cartographers | Potion Explosion,1.00,auto,"Point Salad is a fast and fun card drafting game for the whole family. There are over 100 ways to score points. Players may use a variety of strategies and every game of Point Salad is unique! Cards come in six different types of veggies, and the back of each card has a different scoring method. So for instance, one scoring method may award 2 points for every carrot you have, but deduct a point for every onion. By drafting combinations of veggies and point cards that work for your strategy, you can amass the most points and win. —description from the publisher"
185,QE,Gateway Strategy,,266830,615,7.32906,6.90488,1.5642857142857143,2019,3,5,5,3-5,8,10+,45,45,Gavin Birnbaum,Economic,Auction / Bidding | Auction: Sealed Bid | End Game Bonuses | Memory | Set Collection,Crowdfunding: Kickstarter,Ready Set Bet | A Fake Artist Goes to New York | SCOUT | Crokinole | So Clover! | Cryptid | Captain Sonar | Decrypto | The Crew: The Quest for Planet Nine | The Crew: Mission Deep Sea | That's Not a Hat | Just One | The Gang | Quacks | Skull | Ethnos | Junk Art | Deception: Murder in Hong Kong | Letter Jam | No Thanks! | Cubitos | Long Shot: The Dice Game | Chinatown | Ra | Blood on the Clocktower | The Search for Planet X | Codenames | Las Vegas Royale,1.00,auto,"Financial crisis has occurred. Sixteen ""too big to fail"" companies from four countries need bailing out. The central banks have unlimited financial resources, so lots of money is going to be printed, but the central banks also face disaster — print too much money and the country they represent goes bust. In Q.E., a term that stands for ""quantitative easing"", you play the role of a central bank. You bid on different size companies to accumulate various levels of victory points. The amount you bid is unlimited since you are the central bank and you own the printing press! After the initial ""open"
186,Railroad Ink: Deep Blue Edition,Gateway Strategy,,245654,627,7.14493,6.89137,1.4684014869888475,2018,1,6,2,1-6,8,8+,20,30,Hjalmar Hach | Lorenzo Silva,Dice | Trains,Bingo | Connections | Dice Rolling | Line Drawing | Network and Route Building | Paper-and-Pencil | Simultaneous Action Selection | Solo / Solitaire Game,Theme: Under the Sea,Welcome To... | Patchwork | Azul: Summer Pavilion | Cartographers | On Tour | Tranquility | Azul | Tiny Towns | Bärenpark | Gizmos | Abandon All Artichokes | Splendor Duel | New York Zoo | Villagers | Railroad Ink: Blazing Red Edition | Kingdomino | 7 Wonders: Architects | The Guild of Merchant Explorers | Nova Luna | Get on Board: New York & London | It's a Wonderful World | Bunny Kingdom | Potion Explosion | Burgle Bros. | Point Salad | Jaipur | Space Base | Dice Hospital,1.00,human_confirmed,"In the multiplayer puzzle game Railroad Ink, your goal is to connect as many exits on your board as possible. Each round, a set of dice are rolled in the middle of the table, determining which kind of road and railway routes are available to all players. You have to draw these routes on your erasable boards to create transport lines and connect your exits, trying to optimize the available symbols better than your opponents. The more exits you connect, the more points you score at the end of the game, but you lose points for each incomplete route, so plan carefully! Will you press your luck and"
187,Reef,Gateway Strategy,,244228,916,6.9959,6.69924,1.8208955223880596,2018,2,4,2,2-4,8,8+,30,45,Emerson Matsuuchi,Abstract Strategy | Animals,Hand Management | Layering | Pattern Building | Tile Placement,"Animals: Coral / Jellyfish / Anemones | Theme: Nature | Theme: Sealife, Seas, and Oceans",Sagrada | Azul: Stained Glass of Sintra | Bad Company | Santa Monica | Quadropolis | Calico | Meadow | Karuba | Between Two Castles of Mad King Ludwig | Quacks | Cubitos | Fantastic Factories | Silver & Gold | Cat Lady | NMBR 9 | Raiders of the North Sea | Century: A New World | Furnace | Queendomino | Project L | Cascadia | Ex Libris | Long Shot: The Dice Game | Lanterns: The Harvest Festival | Trekking Through History | Yamataï | Point Salad | Century: Spice Road,1.00,auto,"In the game Reef, players take on the role of a coral reef, carefully selecting colors and patterns in which to grow and expand. On each turn, players can choose to pick up a new card from a choice of four, or play a card that is already in hand. Each card provides two reef pieces and a pattern that scores points if the existing reef has it (after placing the two new pieces). Whoever has the most points when the reef pieces (or card deck) run out wins! Reef is an abstract strategy game suited for players aged 8 and up. While it could take thousands of years for a coral reef to grow, a game of "
188,Sagrada,Gateway Strategy,,199561,224,7.46938,7.32517,1.9175455417066156,2017,1,4,2,1-4,14,8+,30,45,Adrian Adamescu | Daryl Andrews,Abstract Strategy | Dice | Puzzle,Contracts | Dice Rolling | End Game Bonuses | Grid Coverage | Open Drafting | Pattern Building | Set Collection | Solo / Solitaire Game | Turn Order: Progressive | Variable Set-up,Category: DIZED Tutorial | Cities: Barcelona (Spain) | Crowdfunding: Kickstarter | Organizations: The Game Artisans of Canada | Theme: Art | Theme: Art style – Art Nouveau | Theme: Stained Glass,Calico | Azul: Stained Glass of Sintra | Cascadia | Project L | Quacks | The Isle of Cats | PARKS | Reef | Wingspan | Point Salad | Between Two Castles of Mad King Ludwig | Meadow | Cubitos | Santa Monica | Azul: Queen's Garden | Jaipur | Earth | Everdell | Sushi Go Party! | Patchwork | Azul | Takenoko | Century: Spice Road | Long Shot: The Dice Game | Furnace | Tiny Towns | Photosynthesis | Splendor,1.00,auto,"Draft dice and use the tools-of-the-trade in Sagrada to carefully construct your stained glass window masterpiece. In more detail, each player builds a stained glass window by building up a grid of dice on their player board. Each board has some restrictions on which color or shade (value) of die can be placed there. Dice of the same shade or color may never be placed next to each other. Dice are drafted in player order, with the start player rotating each round, snaking back around after the last player drafts two dice. Scoring is variable per game based on achieving various patterns and vari"
189,Santorini,Gateway Strategy,,194655,309,7.33211,7.19059,1.721951219512195,2016,2,4,2,2-3,8,6+,20,20,Gord!,Abstract Strategy | Ancient | Mythology,Grid Movement | Map Reduction | Race | Square Grid | Team-Based Game | Three Dimensional Movement | Variable Player Powers,Ancient: Greece | Category: Combinatorial | Country: Greece | Crowdfunding: Kickstarter | Islands: Santorini (Greece) | Mythology: Greek | Organizations: The Game Artisans of Canada | Theme: Chibis | Theme: Construction,Azul | Splendor | King of Tokyo | Jaipur | Kingdomino | Downforce | Onitama | Patchwork | Photosynthesis | 7 Wonders Duel | Takenoko | Love Letter | Hanabi | Point Salad | Sushi Go! | Dice Forge | Sushi Go Party! | Space Base | Welcome To... | Diamant | Arboretum | Heat: Pedal to the Metal | Hanamikoji | Potion Explosion | Pandemic | Wingspan | Carcassonne | Lost Cities,1.00,auto,"Santorini is a re-imagining of the purely abstract 2004 edition. Santorini is an accessible strategy game, simple enough for an elementary school classroom while aiming to provide gameplay depth and content for hardcore gamers to explore. Santorini features variable player powers layered over an otherwise abstract game, with 40 thematic god and hero powers that fundamentally change the way the game is played. The rules are simple. Each turn consists of 2 steps: 1. Move - move one of your builders into a neighboring space. You may move your Builder Pawn on the same level, step-up one level, or "
190,Splendor,Gateway Strategy,,148228,243,7.42037,7.29263,1.7755798090040928,2014,2,4,3,2-4,10,8+,30,30,Marc André,Card Game | Economic | Renaissance,Contracts | Open Drafting | Race | Set Collection,Category: DIZED Tutorial | Theme: Jewelry | Theme: Jewels,Azul | Santorini | Century: Spice Road | Love Letter | Kingdomino | Jaipur | Patchwork | 7 Wonders Duel | 7 Wonders | King of Tokyo | Hanabi | Welcome To... | Sushi Go! | Photosynthesis | Carcassonne | Wingspan | Point Salad | Takenoko | Tokaido | Dice Forge | Ticket to Ride | Sushi Go Party! | Downforce | Splendor Duel | Castles of Mad King Ludwig | Pandemic | The Castles of Burgundy | Bärenpark,1.00,auto,"Splendor is a game of chip-collecting and card development. Players are merchants of the Renaissance trying to buy gem mines, means of transportation, shops—all in order to acquire the most prestige points. If you're wealthy enough, you might even receive a visit from a noble at some point, which of course will further increase your prestige. On your turn, you may (1) collect chips (gems), or (2) buy and build a card, or (3) reserve one card. If you collect chips, you take either three different kinds of chips or two chips of the same kind. If you buy a card, you pay its price in chips and add"
191,Startups,Gateway Strategy,,223770,887,7.17794,6.71407,1.5793650793650793,2017,3,7,4,3-5,10,10+,20,20,Jun Sasaki,Card Game | Economic,Area Majority / Influence | Hot Potato | Increase Value of Unchosen Resources | Investment | Score-and-Reset Game | Set Collection | Stock Holding,Card Games: Draw and Discard,SCOUT | Modern Art | Maskmen | Nine Tiles Panic | Fuji Flush | Cat in the Box: Deluxe Edition | Photograph | DroPolter | A Fake Artist Goes to New York | Zoo Vadis | Durian | Fishing | High Society | Tiger & Dragon | Ra | The Gang | QE | Decrypto | Tichu | Las Vegas Royale | No Thanks! | Joraku | Tournament at Avalon | Deep Sea Adventure | The Crew: Mission Deep Sea | That's Not a Hat | Flotsam Fight | Viking See-Saw,1.00,auto,Description from the publisher: There are six companies that will change the world as we know it! You can be part of their success and be an investor. Try to become rich by making the right decisions! Only the biggest investor can get money out of each company. You must try to read the next steps of your rivals and use your capital and your three hidden cards to win against them and become the biggest shareholder! You have to be lucky in this game but you must also think about your moves and analyze your rivals! You can play this card game with only a few players but also with many!
192,The Crew: The Quest for Planet Nine,Gateway Strategy,,284083,93,7.75686,7.61768,1.9657947686116701,2019,2,5,4,3-5,10,10+,20,20,Thomas Sing,Card Game | Science Fiction | Space Exploration,Communication Limits | Cooperative Game | Hand Management | Scenario / Mission / Campaign Game | Trick-taking,Space: Earth's Solar System,The Crew: Mission Deep Sea | Hanabi | Just One | Codenames | Quacks | Love Letter | Pandemic | Decrypto | Cryptid | 7 Wonders | 7 Wonders Duel | Heat: Pedal to the Metal | Sky Team | Codenames: Duet | Magic Maze | Wingspan | King of Tokyo | The Search for Planet X | Clank!: A Deck-Building Adventure | Res Arcana | Santorini | Skull | So Clover! | Cascadia | Pandemic Legacy: Season 1 | Splendor | Carcassonne | Dominion,1.00,human_confirmed,"In the co-operative trick-taking game The Crew: The Quest for Planet Nine, the players set out as astronauts on an uncertain space adventure. What are the rumors regarding the unknown planet about? The eventful journey through space extends over 50 exciting missions. But this game can only be defeated by meeting common individual tasks of each player. In order to meet the varied challenges communication is essential in the team. But this is more difficult than expected in space. With each mission the game becomes more difficult. After each mission the game can be paused and continued later. Du"
193,Ticket to Ride,Gateway Strategy,,9209,256,7.38564,7.26186,1.8199923400995788,2004,2,5,4,2-5,8,8+,30,60,Alan R. Moon,Trains,Connections | Contracts | End Game Bonuses | Hand Management | Network and Route Building | Open Drafting | Push Your Luck | Set Collection,Continents: North America | Country: USA | Theme: Trains,Sushi Go! | Splendor | Azul | King of Tokyo | Tokaido | Pandemic | Carcassonne | Kingdomino | Photosynthesis | Wingspan | Santorini | Space Base | Sushi Go Party! | Castles of Mad King Ludwig | 7 Wonders | Catan | Forbidden Island | Love Letter | Patchwork | Welcome To... | Evolution | Downforce | Jaipur | Hanabi | Tiny Towns | Dice Forge | Lost Cities | Tsuro,1.00,auto,"With elegantly simple gameplay, Ticket to Ride can be learned in under 15 minutes. Players collect cards of various types of train cars they then use to claim railway routes in North America. The longer the routes, the more points they earn. Additional points come to those who fulfill Destination Tickets – goal cards that connect distant cities; and to the player who builds the longest continuous route. ""The rules are simple enough to write on a train ticket – each turn you either draw more cards, claim a route, or get additional Destination Tickets,"" says Ticket to Ride author, Alan R. Moon. "
194,Ticket to Ride: Europe,Gateway Strategy,,14996,178,7.5238,7.39565,1.915576694411415,2005,2,5,4,2-5,8,8+,30,60,Alan R. Moon,Trains,Connections | Contracts | End Game Bonuses | Hand Management | Network and Route Building | Open Drafting | Push Your Luck | Set Collection,Continents: Europe | Country: Belgium | Country: France | Country: Germany | Country: Netherlands | Country: Russia | Country: Spain | Country: United Kingdom | Theme: Trains,Carcassonne | Catan | Citadels | Dixit | 7 Wonders Duel | 7 Wonders (Second Edition) | Ticket to Ride: Nordic Countries | Codenames: Pictures | Pandemic | Takenoko | Codenames | Everdell | Love Letter | Splendor | Saboteur | Love Letter | Colt Express | Azul | Azul: Stained Glass of Sintra | Hanabi | Dixit: Odyssey | Sushi Go! | Patchwork | 7 Wonders | Clank!: A Deck-Building Adventure | Wingspan | Small World | Sushi Go Party!,1.00,auto,"Ticket to Ride: Europe takes you on a new train adventure across Europe. From Edinburgh to Constantinople and from Lisbon to Moscow, you'll visit great cities of turn-of-the-century Europe. Like the original Ticket to Ride, the game remains elegantly simple, can be learned in 5 minutes, and appeals to both families and experienced gamers. Ticket to Ride: Europe is a complete, new game and does not require the original version. More than just a new map, Ticket to Ride: Europe features brand new gameplay elements. Tunnels may require you to pay extra cards to build on them, Ferries require locom"
195,Ticket to Ride: New York,Gateway Strategy,★,253284,1253,6.88209,6.52738,1.263157894736842,2018,2,4,3,2-4,8,6+,10,15,Alan R. Moon,Trains,Hand Management | Network and Route Building | Open Drafting | Set Collection,"Cities: New York (New York, USA) | Series: Ticket to Ride Cities (Days of Wonder) | Theme: Trains",Ticket to Ride: London | Forbidden Island | Ticket to Ride: San Francisco | Forbidden Desert | Ticket to Ride: Rails & Sails | Ticket to Ride: Nordic Countries | Planet | Pandemic | Azul: Stained Glass of Sintra | Tsuro | Sushi Go! | Sagrada | Queendomino | Qwirkle | Sushi Go Party! | BANG! The Dice Game | Lanterns: The Harvest Festival | Carcassonne | Codenames: Duet | Pandemic: Rapid Response | Ticket to Ride: Amsterdam | Trails | Calico | Photosynthesis | Sushi Roll | Codenames | Dixit | Ticket to Ride,1.00,auto,"Ticket to Ride: New York features the familiar gameplay from the Ticket to Ride game series — collect cards, claim routes, draw tickets — but on a scaled-down map of Manhattan that allows you to complete a game in no more than 15 minutes. Each player starts with a supply of 15 taxis, two transportation cards in hand, and one or two destination tickets that show locations in Manhattan (and Brooklyn). On a turn, you either draw two transportation cards from the deck or the display of five face-up cards (or you take one face-up taxi, which counts as all six colors in the game); or you claim a rou"
196,Tiny Towns,Gateway Strategy,,265736,521,7.18074,6.98407,2.063231850117096,2019,1,6,3,1-5,14,10+,45,60,Peter McPherson,Abstract Strategy | Animals | City Building | Puzzle,End Game Bonuses | Follow | Grid Coverage | Pattern Building | Player Elimination | Solo / Solitaire Game | Square Grid | Turn Order: Progressive | Variable Phase Order | Variable Player Powers | Variable Set-up,Occupation: Architect | Theme: Anthropomorphic Animals | Theme: City,The Isle of Cats | Welcome To... | Point Salad | Azul: Summer Pavilion | New York Zoo | Space Base | Bärenpark | Gizmos | Bunny Kingdom | Aquatica | Tokaido | Canvas | PARKS | Patchwork | Kingdomino | Azul | Wingspan | Cartographers | Splendor Duel | Jaipur | Paint the Roses | On Tour | 7 Wonders: Architects | Castles of Mad King Ludwig | It's a Wonderful World | Get on Board: New York & London | Villagers | Forest Shuffle,1.00,auto,"You are the mayor of a tiny town in the forest in which the smaller creatures of the woods have created a civilization hidden away from predators. This new land is small and the resources are scarce, so you take what you can get and never say no to building materials. Cleverly plan and construct a thriving town, and don't let it fill up with wasted resources! Whoever builds the most prosperous tiny town wins! In Tiny Towns, your town is represented by a 4x4 grid on which you will place resource cubes in specific layouts to construct buildings. Each building scores victory points (VPs) in a uni"
197,Unearth,Gateway Strategy,,217085,1673,6.81109,6.36273,1.9344262295081966,2017,2,4,3,2-4,8,8+,30,60,Jason Harner | Matthew Ransom,Card Game | Dice | Exploration,Dice Rolling | Kill Steal | Set Collection | Tile Placement,Theme: Art style – Art Nouveau,Above and Below | Near and Far | Red Rising | Mystic Vale | Fort | Between Two Cities | Bargain Quest | Between Two Castles of Mad King Ludwig | Mariposas | Charterstone | Ex Libris | Tiny Epic Galaxies | Pendulum | Kodama: The Tree Spirits | Call to Adventure | Photosynthesis | Tsuro | Raccoon Tycoon | Dinosaur Island | Duelosaur Island | Atlantis Rising (Second Edition) | FUSE | Roll Player | Forbidden Desert | Lords of Waterdeep | Euphoria: Build a Better Dystopia | Planet | Sagrada,1.00,auto,"Long ago, your ancestors built great cities across the world. Now your tribe must explore forests, deserts, islands, mountains, and caverns to find these lost cities. Claim the ruins, build places of power, and restore the glory of a bygone age. Unearth is a bend-your-luck game of dice placement and set collection. Designed by Jason Harner and Matthew Ransom, it plays in under an hour with 2-4 players. Each player leads a tribe of Delvers, represented by five dice (3 six-sided, 1 four-sided, and 1 eight-sided). Players take turns rolling and placing dice in an attempt to claim Ruins. The game'"
198,Welcome To...,Gateway Strategy,,233867,211,7.50742,7.35101,1.8419452887537995,2018,1,100,3-4,1-10,10,10+,25,25,Benoit Turpin,City Building,Bingo | Contracts | End Game Bonuses | Multi-Use Cards | Paper-and-Pencil | Pattern Building | Simultaneous Action Selection | Solo / Solitaire Game,Decades: The 1950's | Series: Alexis Solo Mode | Series: Welcome To ... | Theme: Construction | Theme: Retro,It's a Wonderful World | Gizmos | Azul: Summer Pavilion | 7 Wonders: Architects | Patchwork | Splendor Duel | Tiny Towns | Bärenpark | Kingdomino | Bunny Kingdom | Azul | Castles of Mad King Ludwig | Cartographers | Point Salad | Space Base | Get on Board: New York & London | Railroad Ink: Deep Blue Edition | Jaipur | Splendor | 7 Wonders Duel | Tokaido | Turing Machine | The Isle of Cats | On Tour | Potion Explosion | Harmonies | Dice Forge | Wingspan,1.00,auto,"As an architect in Welcome To..., you want to build the best new town in the United States of the 1950s by adding resources to a pool, hiring employees, and more. Welcome To... plays like a roll-and-write dice game in which you mark results on a score-sheet...but without dice. Instead you flip cards from three piles to make three different action sets with both a house number and a corresponding action from which everyone chooses one. You use the number to fill in a house on your street in numerical order. Then you take the action to increase the point value of estates you build or score point"
199,Arkham Horror: 3rd Edition,Cooperative,,257499,353,7.67796,7.1407,3.3733333333333335,2018,1,6,3,1-4,14,12+,120,180,Nikki Valens | Richard Launius | Kevin Wilson,Adventure | Fighting | Horror | Novel-based,Cooperative Game | Dice Rolling | Modular Board | Point to Point Movement | Stat Check Resolution | Variable Player Powers,Series: Arkham Horror Files (Fantasy Flight Games) | Theme: Cthulhu Mythos,Eldritch Horror | Mansions of Madness: Second Edition | The Lord of the Rings: Journeys in Middle-Earth | Cthulhu: Death May Die | Arkham Horror: The Card Game | Unfathomable | Fallout | Star Wars: Outer Rim | This War of Mine: The Board Game | Gloomhaven: Jaws of the Lion | Elder Sign | Gloomhaven | Sleeping Gods | Reign of Cthulhu | Descent: Legends of the Dark | Nemesis | The Thing: The Boardgame | Destinies | Dead of Winter: A Crossroads Game | World of Warcraft: Wrath of the Lich King | Dead of Winter: The Long Night | Fury of Dracula (Third/Fourth Edition) | War of the Ring: The Card Game | Mice and Mystics | Robinson Crusoe: Adventures on the Cursed Island | Forgotten Waters | Tainted Grail: The Fall of Avalon | Arkham Horror: Final Hour,1.00,override,"The year is 1926, and it is the height of the Roaring Twenties. Flappers dance till dawn in smoke-filled speakeasies, drinking alcohol supplied by rum runners and the mob. It&rsquo;s a celebration to end all celebrations in the aftermath of the War to End All Wars. Yet a dark shadow grows in the city of Arkham. Alien entities known as Ancient Ones lurk in the emptiness beyond space and time, writhing at the thresholds between worlds. Occult rituals must be stopped and alien creatures destroyed before the Ancient Ones make our world their ruined dominion. Only a handful of investigators stand a"
200,Burgle Bros.,Cooperative,,172081,416,7.40248,7.07299,2.31437125748503,2015,1,4,3,1-4,12,10+,45,90,Tim Fowers,Exploration | Maze | Print & Play | Spies / Secret Agents,Action Points | Cooperative Game | Dice Rolling | Grid Movement | Map Addition | Modular Board | Multiple Maps | Solo / Solitaire Game | Square Grid | Three Dimensional Movement | Variable Player Powers,Crowdfunding: Kickstarter | Crowdfunding: Spieleschmiede | Crowdfunding: Verkami | Series:  Burgle Bros. | Theme: Burglary and Heists | Theme: Infiltration | Theme: Mystery / Crime | Theme: Retro,King of Tokyo | Welcome To... | Space Base | It's a Wonderful World | Gizmos | Railroad Ink: Deep Blue Edition | Downforce | Turing Machine | Hardback | Castles of Mad King Ludwig | Dice Forge | Cartographers | Love Letter | Santorini | The Shipwreck Arcana | Patchwork | Jump Drive | Azul | Mind MGMT: The Psychic Espionage “Game.” | Evolution | Bunny Kingdom | Kingdomino | The Bloody Inn | Hanabi | Bärenpark | On Tour | Formula D | Tokaido,1.00,auto,"Burgle Bros. is a cooperative game. Players are unique members of a crew trying to pull off a robbery of a highly secure building — without getting caught. The building has three floors (4x4 tiles), each with its own safe to crack. Players start on the first floor and have to escape to their helicopter waiting on the roof. Players each have three stealth tokens. Whenever they are on the same tile with a guard, they lose one. If any player is caught without a stealth token, the game is over. If players can open all three safes, and escape through the stairs to the roof they win."
201,Castle Panic,Cooperative,,43443,1405,6.65401,6.46423,1.66,2009,1,6,4,1-6,8,6+,30,60,Justin De Witt,Fantasy | Fighting | Medieval,Campaign / Battle Card Driven | Cooperative Game | Dice Rolling | Hand Management | Semi-Cooperative Game | Solo / Solitaire Game | Trading,Category: DIZED Tutorial | Category: Tower Defense | Creatures: Monsters | Series: Panic Line (Fireside Games),Forbidden Desert | Forbidden Island | 5-Minute Marvel | Tsuro | Dragonwood | Choose Your Own Adventure: House of Danger | Horrified | Forbidden Sky | Zombie Dice | Fireball Island: The Curse of Vul-Kar | Guillotine | Flash Point: Fire Rescue | Above and Below | Planet | Bob Ross: Art of Chill Game | Wits & Wagers | Pandemic: Hot Zone – North America | Sushi Roll | Betrayal at House on the Hill | Forbidden Jungle | Pandemic | Megaland | ICECOOL | Trogdor!!: The Board Game | Pandemic: The Cure | My Little Scythe | Scooby-Doo!: Betrayal at Mystery Mansion | Trekking the National Parks: Second Edition,1.00,auto,"The forest is filled with all sorts of monsters. They watched and waited as you built your castle and trained your soldiers, but now they've gathered their army and are marching out of the woods. Can you work with your friends to defend your castle against the horde, or will the monsters tear down your walls and destroy the precious castle towers? You will all win or lose together, but in the end only one player will be declared the Master Slayer! Castle Panic is a Fantasy themed, cooperative, light tactical wargame for 1 to 6 players ages 10 and up. Players must work together to defend their "
202,Chronicles of Crime,Cooperative,,239188,343,7.5337,7.15341,2.061576354679803,2018,1,4,2,1-3,12,12+,60,90,David Cicurel,Adventure | Deduction | Murder / Mystery,Cooperative Game | Scenario / Mission / Campaign Game | Solo / Solitaire Game | Storytelling,Crowdfunding: Kickstarter | Crowdfunding: Spieleschmiede | Theme: Mystery / Crime,Pandemic Legacy: Season 0 | Pandemic Legacy: Season 2 | Pandemic Legacy: Season 1 | The Initiative | Forgotten Waters | T.I.M.E Stories | Chronicles of Crime: 1400 | Detective: A Modern Crime Board Game | Destinies | Sherlock Holmes Consulting Detective: The Thames Murders & Other Cases | The Search for Planet X | Detective: City of Angels | Ticket to Ride Legacy: Legends of the West | Codenames: Duet | Harry Potter: Hogwarts Battle | Pandemic | The Crew: The Quest for Planet Nine | Sleeping Gods | Sherlock Holmes Consulting Detective: Jack the Ripper & West End Adventures | MicroMacro: Crime City – Full House | Dead of Winter: A Crossroads Game | Mysterium | MicroMacro: Crime City | Chronicles of Crime: 1900 | Magic Maze | Charterstone | Awkward Guests: The Walton Case | Near and Far,1.00,auto,"Chronicles of Crime is a cooperative game of crime investigation, mixing an app, a board game and a touch of Virtual Reality. With the same physical components (board, locations, characters and items), players will be able to play plenty of different scenarios and solve as many different crime stories. Players start the app, choose the scenario they want to play, and follow the story. The goal being to catch the killer of the current case in the shortest time possible. Using the Scan&Play technology, each component (locations, characters, items, etc.) has a unique QR code, which, depending on "
203,Clank!: Expeditions – Gold and Silk,Cooperative,,257276,,7.99993,6.60273,2.2,2018,2,4,3-4,2-4,12,10+,30,60,Tim McKnight,Adventure | Expansion for Base-game | Fantasy,"Deck, Bag, and Pool Building | Delayed Purchase | End Game Bonuses | Movement Points | Open Drafting | Pick-up and Deliver | Player Elimination | Point to Point Movement | Push Your Luck | Variable Set-up",Animals: Spiders | Category: Dungeon Crawler | Creatures: Dragons | Creatures: Goblins | Creatures: Monsters | Theme: Mining,Cartographers Heroes | Small World of Warcraft | Ticket to Ride: Europe – 15th Anniversary | Wingspan Asia | Clank!: A Deck-Building Adventure | King of Tokyo: Dark Edition | Clank!: Catacombs,1.00,auto,"If you have an insatiable thirst for plunder, Clank! Expeditions: Gold and Silk is for you: a series of boards to continue your deck-building adventures. This first expedition begins in a mine abandoned by the Ruin Dwarven Mining Company (Ruin DMC) when it became infested with monsters. But it still holds plenty of gold for those daring enough to enter. Still more wealth awaits in the Spider Queen's Lair. Surely the Spider Queen herself is just a legend meant to scare people away from such a fancy castle&hellip; This expansion requires Clank! A Deck-Building Adventure to play. —description fro"
204,Dead Men Tell No Tales,Cooperative,,141423,1343,7.10211,6.49326,2.5605095541401273,2015,2,5,3,1-5,13,10+,60,75,Kane Klenko,Exploration | Fantasy | Fighting | Nautical | Pirates,Action Points | Cooperative Game | Dice Rolling | Grid Movement | Modular Board | Pick-up and Deliver | Variable Player Powers,Crowdfunding: Kickstarter | Series: Madison Game Design Cabal | Theme: Pirates,Horrified | Reign of Cthulhu | Atlantis Rising (Second Edition) | Near and Far | Fallout Shelter: The Board Game | Dead of Winter: A Crossroads Game | Wasteland Express Delivery Service | Destinies | Red Rising | Return to Dark Tower | Star Wars: The Clone Wars | Champions of Midgard | Pandemic: The Cure | Ghost Stories | Elder Sign | Dinosaur Island | The Reckoners | Flash Point: Fire Rescue | Western Legends | Above and Below | My Father's Work | Abomination: The Heir of Frankenstein | Roll Player | Forbidden Desert | Ex Libris | Tiny Epic Galaxies | Steampunk Rally | Charterstone,1.00,auto,"Skelit's Revenge....the most feared ship on the high seas....and you've finally taken it. Captain Fromm and his skeleton crew have amassed a massive treasure, and now is your chance to take it all. Players take on the role of Pirates who are boarding Skelit's Revenge for one purpose....to take the loot. They must battle the flames, the skeleton crew, and their own fatigue if they hope to make it out alive. Dead Men Tell No Tales is a co-operative game for 2-5 players. The game uses the common Action Point system to determine what a player does on their turn...with a twist. As players work toge"
205,Elder Sign,Cooperative,,100423,791,6.96679,6.77612,2.3437236731255267,2011,1,8,4,1-4,13,12+,90,90,Richard Launius | Kevin Wilson,Adventure | Card Game | Dice | Fantasy | Fighting | Horror | Novel-based,Cooperative Game | Dice Rolling | Die Icon Resolution | Modular Board | Re-rolling and Locking | Solo / Solitaire Game | Variable Player Powers,Series: Arkham Horror Files (Fantasy Flight Games) | Series: Fantasy Flight Silver Line | Theme: Cthulhu Mythos,Eldritch Horror | Legendary Encounters: An Alien Deck Building Game | Mice and Mystics | Reign of Cthulhu | Dead of Winter: A Crossroads Game | Ghost Stories | Arkham Horror (Third Edition) | Mansions of Madness: Second Edition | XCOM: The Board Game | Gloomhaven | Robinson Crusoe: Adventures on the Cursed Island | Mage Knight Board Game | Fallout | Arkham Horror | Star Wars: Outer Rim | Tiny Epic Galaxies | The Lord of the Rings: Journeys in Middle-Earth | This War of Mine: The Board Game | Flash Point: Fire Rescue | Tales of the Arabian Nights | Dead Men Tell No Tales | Space Hulk: Death Angel – The Card Game | Lords of Waterdeep | Gloomhaven: Jaws of the Lion | Pandemic: The Cure | Near and Far | Battlestar Galactica: The Board Game | Fury of Dracula (Third/Fourth Edition),1.00,auto,"Game description from the publisher: It is 1926, and the museum's extensive collection of exotic curios and occult artifacts poses a threat to the barriers between our world and the elder evils lurking between dimensions. Gates to the beyond begin to leak open, and terrifying creatures of increasing strength steal through them. Animals, the mad, and those of more susceptible minds are driven to desperation by the supernatural forces the portals unleash. Only a handful of investigators race against time to locate the eldritch symbols necessary to seal the portals forever. Only they can stop the"
206,Flashpoint: Fire Rescue,Cooperative,,100901,538,7.14455,6.96673,2.197568389057751,2011,2,6,4,1-6,10,8+,45,45,Kevin Lanzing,Adventure,Action Points | Cooperative Game | Dice Rolling | Grid Movement | Pick-up and Deliver | Simulation | Solo / Solitaire Game | Square Grid | Variable Player Powers,Crowdfunding: Kickstarter | Theme: Firefighting,Pandemic: The Cure | Escape: The Curse of the Temple | Forbidden Desert | The Grizzled | Pandemic | Tiny Epic Galaxies | Forbidden Island | Galaxy Trucker | Iberia | Flick 'em Up! | FUSE | Pandemic Legacy: Season 1 | Dead of Winter: A Crossroads Game | Charterstone | Ghost Stories | Pandemic Legacy: Season 2 | King of New York | Above and Below | Pandemic: Rapid Response | Roll Player | BANG! The Dice Game | Mice and Mystics | Raptor | Near and Far | Fall of Rome | Lords of Waterdeep | Spyfall | Paperback,1.00,override,"The call comes in... ""911, what is your emergency?"" On the other end is a panicked response of ""FIRE!"" Moments later you don the protective suits that will keep you alive, gather your equipment and rush to the scene of a blazing inferno. The team has only seconds to assess the situation and devise a plan of attack – then you spring into action like the trained professionals that you are. You must face your fears, never give up, and above all else work as a team because the fire is raging, the building is threatening to collapse, and lives are in danger. You must succeed. You are the brave men "
207,Forbidden Desert,Cooperative,,136063,602,7.05969,6.91214,2.0423814328960646,2013,2,5,4,1-5,10,8+,45,45,Matt Leacock,Adventure | Fantasy | Science Fiction,Action Points | Bias | Cooperative Game | Grid Movement | Hand Management | Map Deformation | Modular Board | Pick-up and Deliver | Solo / Solitaire Game | Square Grid | Tile Placement | Variable Player Powers,Containers: Tin/Metal Box | Series: Forbidden Games (Gamewright) | Theme: Deserts | Theme: Steampunk,Forbidden Island | Pandemic | Tsuro | Sheriff of Nottingham | Flash Point: Fire Rescue | Forbidden Sky | Horrified | Above and Below | Ca$h 'n Guns: Second Edition | Pandemic: The Cure | King of New York | Wits & Wagers | BANG! The Dice Game | FUSE | Photosynthesis | Ticket to Ride: New York | Escape: The Curse of the Temple | Dead of Winter: A Crossroads Game | Mysterium | Planet | Lords of Waterdeep | Codenames: Duet | Zombie Dice | Castle Panic | Codenames | King of Tokyo | Tiny Epic Galaxies | Pandemic Legacy: Season 1,1.00,auto,"Gear up for a thrilling adventure to recover a legendary flying machine buried deep in the ruins of an ancient desert city. You'll need to coordinate with your teammates and use every available resource if you hope to survive the scorching heat and relentless sandstorm. Find the flying machine and escape before you all become permanent artifacts of the forbidden desert! In Forbidden Desert, a thematic sequel to Forbidden Island, players take on the roles of brave adventurers who must throw caution to the wind and survive both blistering heat and blustering sand in order to recover a legendary "
208,Forbidden Island,Cooperative,,65244,1021,6.75086,6.64167,1.7387505460899957,2010,2,4,4,1-4,10,8+,30,30,Matt Leacock,Adventure | Fantasy | Science Fiction,Action Points | Cooperative Game | Events | Grid Movement | Hand Management | Map Reduction | Modular Board | Pick-up and Deliver | Set Collection | Solo / Solitaire Game | Square Grid | Tile Placement | Variable Player Powers,Containers: Tin/Metal Box | Islands: Fictional | Series: Forbidden Games (Gamewright),Forbidden Desert | Tsuro | Pandemic | Sushi Go! | Ticket to Ride | Ticket to Ride: New York | Planet | King of Tokyo | Photosynthesis | Zombie Dice | Sushi Go Party! | Carcassonne | Flash Point: Fire Rescue | Love Letter | Codenames | Sagrada | Ticket to Ride: London | King of New York | BANG! The Dice Game | Forbidden Sky | Codenames: Duet | Santorini | Queendomino | Splendor | Takenoko | Above and Below | Horrified | Catan,1.00,auto,"Forbidden Island is a visually stunning cooperative board game. Instead of winning by competing with other players like most games, everyone must work together to win the game. Players take turns moving their pawns around the 'island', which is built by arranging the many beautifully screen-printed tiles before play begins. As the game progresses, more and more island tiles sink, becoming unavailable, and the pace increases. Players use strategies to keep the island from sinking, while trying to collect treasures and items. As the water level rises, it gets more difficult- sacrifices must be m"
209,Forgotten Waters,Cooperative,,302723,358,7.73605,7.13512,2.0977443609022557,2020,3,7,5,2-7,14,12+,120,240,Mr. Bistro | J. Arthur Ellis | Isaac Vega,Adventure | Exploration | Fantasy | Nautical | Pirates | Travel,Dice Rolling | Events | Narrative Choice / Paragraph | Scenario / Mission / Campaign Game | Semi-Cooperative Game | Stat Check Resolution | Storytelling | Worker Placement,Series: AdventureBook Games (Plaid Hat) | Series: Crossroads (Plaid Hat Games) | Theme: Pirates,Destinies | Sleeping Gods | Dead of Winter: A Crossroads Game | Pandemic Legacy: Season 1 | Mechs vs. Minions | Gloomhaven: Jaws of the Lion | Return to Dark Tower | Near and Far | Gloomhaven | Chronicles of Crime | Clank! Legacy: Acquisitions Incorporated | Twilight Inscription | Mansions of Madness: Second Edition | Pandemic Legacy: Season 2 | Clank! In! Space!: A Deck-Building Adventure | Spirit Island | Cthulhu: Death May Die | Slay the Spire: The Board Game | T.I.M.E Stories | Pandemic Legacy: Season 0 | The Lord of the Rings: Fate of the Fellowship | Detective: City of Angels | The King's Dilemma | The Lord of the Rings: Journeys in Middle-Earth | The Search for Planet X | Clank!: A Deck-Building Adventure | Thunder Road: Vendetta | Blood Rage,1.00,auto,"Forgotten Waters is a Crossroads Game set in a world of fantastical pirate adventure. In it, players take on the role of pirates sailing together on a ship, attempting to further their own personal stories as well as a common goal. The world of Forgotten Waters is silly and magical, with stories designed to encourage players to explore and laugh in delight as they interact with the world around them. It's a game in which every choice can leave a lasting impact on the story, and players will want turn over every rock just to see what they find. Forgotten Waters features five scenarios and a mas"
210,Hanabi,Cooperative,,98778,597,7.02943,6.92121,1.689922480620155,2010,2,5,4,2-5,8,10+,25,25,Antoine Bauza,Card Game | Deduction | Memory,Communication Limits | Cooperative Game | Hand Management | Memory | Ordering | Set Collection,Containers: Tin/Metal Box | Country: Japan | Holidays: New Year | Theme: Fireworks,Love Letter | The Crew: The Quest for Planet Nine | Codenames | Splendor | Carcassonne | 7 Wonders | Just One | King of Tokyo | Azul | Santorini | 7 Wonders Duel | Pandemic | Stella: Dixit Universe | Decrypto | Take 5 | Skull | Diamant | Cryptid | The Crew: Mission Deep Sea | Takenoko | Sushi Go Party! | Kingdomino | Concept | Dixit | Magic Maze | Patchwork | Jaipur | The Mind,1.00,auto,"Hanabi—named for the Japanese word for ""fireworks""—is a cooperative game in which players try to create the perfect fireworks show by placing the cards on the table in the right order. (In Japanese, hanabi is written as 花火; these are the ideograms flower and fire, respectively.) The card deck consists of five different colors of cards, numbered 1–5 in each color. For each color, the players try to place a row in the correct order from 1–5. Sounds easy, right? Well, not quite, as in this game you hold your cards so that they're visible only to other players. To assist other players in playing a"
211,Harry Potter: Hogwarts Battle,Cooperative,,199042,442,7.33689,7.05113,2.0872340425531917,2016,2,4,"2, 4",2-4,11,8+,30,60,Sean Fletcher | Forrest-Pruzan Creative | Kami Mandell | Andrew Wolf,Card Game | Fantasy | Movies / TV / Radio theme | Novel-based,"Cooperative Game | Deck, Bag, and Pool Building | Scenario / Mission / Campaign Game | Variable Player Powers",Books: Harry Potter | Theme: Wizards,Everdell | Pandemic Legacy: Season 1 | Harry Potter: Hogwarts Battle – Defence Against the Dark Arts | Forgotten Waters | Codenames: Duet | Mysterium Park | Pandemic | Gloomhaven: Jaws of the Lion | Pandemic Legacy: Season 2 | Ticket to Ride Legacy: Legends of the West | Chronicles of Crime | Mysterium | Clank!: A Deck-Building Adventure | Star Wars: The Clone Wars | Disney Villainous: The Worst Takes it All | 5-Minute Dungeon | Forbidden Desert | Horrified | Pandemic Legacy: Season 0 | 5-Minute Mystery | Destinies | Forbidden Island | Clank! In! Space!: A Deck-Building Adventure | Call to Adventure | Red Rising | Sleeping Gods | Dead of Winter: A Crossroads Game | Star Wars: The Deckbuilding Game,1.00,auto,"The forces of evil are threatening to overrun Hogwarts castle in Harry Potter: Hogwarts Battle, a cooperative deck-building game, and it's up to four students to ensure the safety of the school by defeating villains and consolidating their defenses. In the game, players take on the role of a Hogwarts student: Harry, Ron, Hermione or Neville, each with their own personal deck of cards that's used to acquire resources. By gaining influence, players add more cards to their deck in the form of iconic characters, spells, and magical items. Other cards allow them to regain health or fight against vi"
212,Horrified,Cooperative,,282524,242,7.59135,7.29557,2.0198237885462555,2019,1,5,3,1-5,10,8+,60,60,Prospero Hall | Peter Lee,Horror | Movies / TV / Radio theme,Action Points | Cooperative Game | Dice Rolling | Pick-up and Deliver | Point to Point Movement | Solo / Solitaire Game | Variable Player Powers | Variable Set-up,Books: Dracula | Books: The Invisible Man | Characters: Frankenstein | Creatures: Monsters | Creatures: Mummies | Creatures: Werewolves | Movies: Horror Movies | Movies: Universal Studios Monsters | Series: Horrified | Theme: Retro,Horrified: American Monsters | Forbidden Desert | Jaws | Star Wars: The Clone Wars | Thunder Road: Vendetta | Red Rising | Fireball Island: The Curse of Vul-Kar | Horrified: Greek Monsters | Long Shot: The Dice Game | Dead Men Tell No Tales | Rear Window | Horrified: Dungeons & Dragons | Forbidden Island | Atlantis Rising (Second Edition) | Tsuro | The Night Cage | Harry Potter: Hogwarts Battle | Pandemic | King of Monster Island | Bad Company | Comic Hunters | Dead of Winter: A Crossroads Game | Star Wars: The Deckbuilding Game | Back to the Future: Back in Time | Cubitos | Unmatched Adventures: Tales to Amaze | Camel Up (Second Edition) | Return to Dark Tower,1.00,auto,"Imagine living in a place so wretched that it's not plagued by one, two, or even three monsters — but seven of the most horrifying fiends! In this game, you'll come face to face with them all as you work together to rid the town of the maniacal or misunderstood creatures - before it's too late. Horrified is a co-operative game where players battle the classic Universal movie monsters. Players win or lose together. Players win when all Monsters are defeated but will lose if the Terror track reaches the skull space OR the Monster deck is empty when a card is needing to be drawn. On a player&rsqu"
213,Magic Maze,Cooperative,,209778,792,6.93618,6.77571,1.7475728155339805,2017,1,8,4,2-6,8,8+,15,15,Kasper Lapp,Exploration | Fantasy | Maze | Real-time,Communication Limits | Cooperative Game | Elapsed Real Time Ending | Grid Movement | Map Addition | Modular Board | Real-Time | Scenario / Mission / Campaign Game | Solo / Solitaire Game | Variable Player Powers,Contests: Fastaval Design Competition | Theme: Burglary and Heists | Theme: Mystery / Crime,Concept | The Mind | Codenames | The Crew: The Quest for Planet Nine | Mysterium | Cryptid | Just One | Hanabi | Dixit | MicroMacro: Crime City | Spyfall | Codenames: Pictures | Colt Express | Detective Club | Codenames: Duet | Captain Sonar | The Game | Obscurio | Treasure Island | So Clover! | BANG! The Dice Game | Deception: Murder in Hong Kong | Decrypto | A Fake Artist Goes to New York | When I Dream | Mysterium Park | Camel Up | Meeple Circus,1.00,auto,"Description from the publisher: After being stripped of all their possessions, a mage, a warrior, an elf, and a dwarf are forced to go rob the local Magic Maze shopping mall for all the equipment necessary for their next adventure. They agree to map out the labyrinth in its entirety first, then find each individual&rsquo;s favorite store, and then locate the exit. In order to evade the surveillance of the guards who eyed their arrival suspiciously, all four will pull off their heists simultaneously, then dash to the exit. That's the plan anyway&hellip;but can they pull it off? Magic Maze is a "
214,Marvel Champions: The Card Game,Cooperative,,285774,48,8.10445,7.78631,2.95752009184845,2019,1,4,1-2,1-3,14,12+,45,90,Michael Boggs | Nate French | Caleb Grace,Card Game | Collectible Components | Comic Book / Strip | Fighting,Card Play Conflict Resolution | Cooperative Game | Deck Construction | Events | Hand Management | Interrupts | Scenario / Mission / Campaign Game | Solo / Solitaire Game | Turn Order: Progressive | Variable Player Powers | Variable Set-up,Collectible: Living Card Game (Fantasy Flight Games) | Comic Books: Marvel Universe | Theme: Boss Battle | Theme: Superheroes,Star Wars: The Deckbuilding Game | Marvel D.A.G.G.E.R. | Star Wars: Unlimited | G.I. JOE Deck-Building Game | The Lord of the Rings: The Card Game – Revised Core Set | Marvel United | Star Wars: Outer Rim | Unmatched Adventures: Tales to Amaze | Star Wars: The Deckbuilding Game – Clone Wars Edition | Earthborne Rangers | Legendary: A Marvel Deck Building Game | Gloomhaven: Jaws of the Lion | Arkham Horror: The Card Game (Revised Core Set) | Astro Knights | Aeon's End: War Eternal | Star Wars: The Clone Wars | Invincible: The Hero-Building Game | Horizons of Spirit Island | Marvel Dice Throne: Scarlet Witch v. Thor v. Loki v. Spider-Man | Unmatched: Hell's Kitchen | Aeon's End | Imperium: Horizons | Imperium: Legends | Unmatched: Brains and Brawn | Cthulhu: Death May Die | Arkham Horror: The Card Game | Imperium: Classics | Marvel Dice Throne,1.00,auto,"""With great power, there must also come great responsibility."" –Stan Lee, Amazing Fantasy #15 Iron Man and Black Panther team up to stop Rhino from rampaging through the streets of New York. Captain Marvel and Spider-Man battle Ultron as he threatens global annihilation. Do you have what it takes to join the ranks of these legendary heroes and become a champion? Jump into the Marvel Universe with Marvel Champions: The Card Game, a cooperative Living Card Game for one to four players! Marvel Champions: The Card Game invites players to embody iconic heroes from the Marvel Universe as they battle"
215,Mysterium,Cooperative,,181304,445,7.19062,7.0489,1.8896484375,2015,2,7,5-6,3-7,10,8+,42,42,Oleksandr Nevskiy | Oleg Sidorenko,Deduction | Murder / Mystery | Party Game | Real-time,Communication Limits | Cooperative Game | Deduction | Finale Ending | Hand Management | Pattern Recognition | Real-Time | Storytelling | Voting,Creatures: Ghosts | Holidays: Halloween | Theme: Spooky Old Houses,Codenames | Obscurio | Concept | Mysterium Park | Magic Maze | One Night Ultimate Werewolf | Captain Sonar | Secret Hitler | Pandemic | Deception: Murder in Hong Kong | Codenames: Duet | The Crew: The Quest for Planet Nine | The Mind | Sheriff of Nottingham | Codenames: Pictures | Dixit | Fog of Love | BANG! The Dice Game | Love Letter | Coup | Spyfall | Two Rooms and a Boom | Hanabi | Just One | Pandemic Legacy: Season 1 | Telestrations | Sushi Go Party! | Skull,1.00,auto,"In the 1920s, Mr. MacDowell, a gifted astrologer, immediately detected a supernatural being upon entering his new house in Scotland. He gathered eminent mediums of his time for an extraordinary s&eacute;ance, and they have seven hours to make contact with the ghost and investigate any clues that it can provide to unlock an old mystery. Unable to talk, the amnesiac ghost communicates with the mediums through visions, which are represented in the game by illustrated cards. The mediums must decipher the images to help the ghost remember how he was murdered: Who did the crime? Where did it take pl"
216,Paleo,Cooperative,,300531,234,7.65069,7.30752,2.6558704453441297,2020,2,4,2-3,1-4,10,10+,45,60,Peter Rustemeyer,Card Game | Exploration | Prehistoric,"Action / Event | Cooperative Game | Deck, Bag, and Pool Building | Memory | Scenario / Mission / Campaign Game | Simultaneous Action Selection | Variable Set-up",Animals: Mammoths | Animals: Wolves | Category: DIZED Tutorial | Theme: Art | Theme: Survival,Dorfromantik: The Board Game | The Adventures of Robin Hood | MicroMacro: Crime City | Keep the Heroes Out! | Sky Team | The Taverns of Tiefenthal | Fantasy Realms | That's Pretty Clever! | Legends of Andor | Bomb Busters | Galaxy Trucker (Second Edition) | MicroMacro: Crime City – Full House | Ticket to Ride Legacy: Legends of the West | Hitster | Mindbug: First Contact | Everdell | The LOOP | Wild Space | Twice as Clever! | My Island | Magic Maze | Colt Express | Daybreak | Harry Potter: Hogwarts Battle | Lovecraft Letter | MicroMacro: Crime City – All In | Sleeping Gods | The Game,1.00,auto,"Paleo is a co-operative adventure game set in the stone age, a game in which players try to keep the human beings in their care alive while completing missions. Sometimes you need a fur, sometimes a tent, but these are all minor quests compared to your long-term goal: Painting a woolly mammoth on the wall so that humans thousands of years later will know that you once existed. (Okay, you just think the mammoth painting looks cool. Preserving a record of your past existence is gravy.) What might keep you from painting that mammoth? Death, in all its many forms. Each player starts the game with "
217,Pandemic,Cooperative,,30549,171,7.514,7.4047,2.3940213070440453,2008,2,4,4,1-4,8,10+,45,45,Matt Leacock,Medical | Travel,Action Points | Chaining | Contracts | Cooperative Game | Events | Hand Management | Multi-Use Cards | Point to Point Movement | Set Collection | Simulation | Solo / Solitaire Game | Tags | Trading | Variable Player Powers | Variable Set-up,Containers: Unique Shape | Medical: Diseases | Occupation: Dispatcher | Occupation: Medic / Doctor / Nurses | Occupation: Researcher / Scientist | Region: The World | Theme: Science,7 Wonders | King of Tokyo | Love Letter | Carcassonne | Codenames | Small World | The Crew: The Quest for Planet Nine | Dominion | Photosynthesis | Hanabi | Galaxy Trucker | Forbidden Desert | Sushi Go! | Splendor | Pandemic Legacy: Season 1 | Forbidden Island | Wingspan | Clank!: A Deck-Building Adventure | Santorini | Sushi Go Party! | Sheriff of Nottingham | Codenames: Duet | Ticket to Ride | Lords of Waterdeep | Pandemic Legacy: Season 2 | BANG! The Dice Game | Quacks | Catan,1.00,auto,"In Pandemic, several virulent diseases have broken out simultaneously all over the world! The players are disease-fighting specialists whose mission is to treat disease hotspots while researching cures for each of four plagues before they get out of hand. The game board depicts several major population centers on Earth. On each turn, a player can use up to four actions to travel between cities, treat infected populaces, discover a cure, or build a research station. A deck of cards provides the players with these abilities, but sprinkled throughout this deck are Epidemic! cards that accelerate "
218,Pandemic: Iberia,Cooperative,,198928,160,7.86984,7.43064,2.5964912280701755,2016,2,5,3-4,1-5,8,10+,45,45,Jesús Torres Castro | Matt Leacock,Medical | Post-Napoleonic | Trains,Action Points | Cooperative Game | Hand Management | Network and Route Building | Point to Point Movement | Set Collection | Solo / Solitaire Game | Trading | Variable Player Powers,Country: Andorra | Country: Portugal | Country: Spain | Medical: Diseases | Occupation: Medic / Doctor / Nurses | Occupation: Researcher / Scientist | Region: Andalusia (Spain) | Theme: Science,Pandemic Legacy: Season 1 | Fall of Rome | The Search for Planet X | Viticulture Essential Edition | Pandemic: The Cure | Dinosaur Island | Tiny Epic Galaxies | Roll Player | Terraforming Mars: Ares Expedition | Suburbia | Lords of Waterdeep | Raptor | Pandemic Legacy: Season 2 | Pandemic | Mechs vs. Minions | Fugitive | Clank!: A Deck-Building Adventure | Galaxy Trucker | Spirit Island | Roll for the Galaxy | The Grizzled | Champions of Midgard | Blitzkrieg!: World War Two in 20 Minutes | FUSE | Near and Far | Dune: Imperium | Quacks | Raiders of the North Sea,1.00,auto,"Welcome to the Iberian Peninsula! Set in 1848, Pandemic Iberia asks you to take on the roles of nurse, railwayman, rural doctor, sailor, and more to find the cures to malaria, typhus, the yellow fever, and cholera. From Barcelona to Lisboa, you will need to travel by carriage, by boat, or by train to help the Iberian populace. While doing so, distributing purified water and developing railways will help you slow the spread of diseases in this new version of Pandemic. Discover a unique part of the world during a historically significant time period: the construction of the first railroad in the"
219,Pandemic: Rising Tide,Cooperative,,234671,1026,7.53196,6.63981,2.525,2017,2,5,3,1-5,8,10+,45,45,Jeroen Doumen | Matt Leacock,Environmental,Action Points | Area Movement | Cooperative Game | Hand Management | Set Collection | Solo / Solitaire Game | Trading | Variable Player Powers,Country: Netherlands | History: Industrial Revolution | Occupation: Medic / Doctor / Nurses | Occupation: Researcher / Scientist | Region: North Sea,Fall of Rome | Iberia | Pandemic | Agricola: All Creatures Big and Small | Pandemic Legacy: Season 2 | Flash Point: Fire Rescue | The Quest for El Dorado | Freedom: The Underground Railroad | Lords of Waterdeep | Raiders of the North Sea | Istanbul | Pandemic Legacy: Season 1 | Terraforming Mars: Ares Expedition | Galaxy Trucker | Pandemic: The Cure | Cottage Garden | Flamme Rouge | Quacks | Tiny Epic Galaxies | The Castles of Burgundy: The Dice Game | Quadropolis | Ticket to Ride: Nordic Countries | Port Royal | Great Western Trail | Forbidden Desert | Isle of Skye: From Chieftain to King | Ghost Stories | Dominion,1.00,auto,"It is the dawn of the Industrial Age in the Netherlands. For centuries, the country has relied upon a series of dikes and wind-powered pumps to keep it safe from the constant threat of flooding from the North Sea, but this system is no longer enough. In Pandemic: Rising Tide, it is your goal to avert tragedy by constructing four modern hydraulic structures in strategic locations that will help you defend the country from being reclaimed by the ocean. Storms are brewing and the seas are restless. It will take all your guile to control the flow of water long enough to usher in the future of the "
220,Spirit Island,Cooperative,,162886,11,8.34087,8.14223,4.073335288941038,2017,1,4,2,1-4,13,14+,90,120,R. Eric Reuss,Environmental | Fantasy | Mythology | Territory Building,"Action Retrieval | Area Majority / Influence | Automatic Resource Growth | Campaign / Battle Card Driven | Cooperative Game | Deck, Bag, and Pool Building | Hand Management | Modular Board | Simultaneous Action Selection | Solo / Solitaire Game | Tags | Variable Player Powers | Variable Set-up",Category: DIZED Tutorial | Crowdfunding: Kickstarter | Islands: Fictional | Theme: Colonial | Theme: Environmental Protection / Degradation / Pollution | Theme: Tropical | Theme: Tropical Islands,Dune: Imperium | Slay the Spire: The Board Game | Scythe | Dune: Imperium – Uprising | Gloomhaven: Jaws of the Lion | Sleeping Gods | Root | Gloomhaven | Blood Rage | Pandemic Legacy: Season 1 | Oceans | Everdell | Imperium: Classics | Imperium: Legends | Terraforming Mars | The Lord of the Rings: Fate of the Fellowship | Twilight Inscription | Great Western Trail: Second Edition | Viticulture Essential Edition | Mechs vs. Minions | The Search for Planet X | Eclipse: Second Dawn for the Galaxy | Terraforming Mars: Ares Expedition | Robinson Crusoe: Adventures on the Cursed Island | Clank!: Catacombs | Andromeda's Edge | Clank! Legacy: Acquisitions Incorporated | Clank! In! Space!: A Deck-Building Adventure,1.00,auto,"In the most distant reaches of the world, magic still exists, embodied by spirits of the land, of the sky, and of every natural thing. As the great powers of Europe stretch their colonial empires further and further, they will inevitably lay claim to a place where spirits still hold power - and when they do, the land itself will fight back alongside the islanders who live there. Spirit Island is a complex and thematic co-operative game about defending your island home from colonizing Invaders. Players are different spirits of the land, each with its own unique elemental powers. Every turn, pla"
221,Sub Terra,Cooperative,,204472,788,7.36117,6.77658,2.132867132867133,2017,1,6,4,1-6,10,8+,60,60,Tim Pinder,Adventure | Exploration | Horror | Maze,Action Points | Cooperative Game | Dice Rolling | Grid Movement | Map Addition | Modular Board | Point to Point Movement | Push Your Luck | Tile Placement | Variable Player Powers,Crowdfunding: Kickstarter,Sub Terra II: Inferno's Edge | Mysterium | The LOOP | Jamaica | Detective Club | Obscurio | Abyss | Magic Maze | Dice Town | The King's Dilemma | Mysterium Park | The Crew: The Quest for Planet Nine | Flamme Rouge | Destinies | Concept | The Bloody Inn | Time's Up! | Last Bastion | Outlive | Red Rising | Raptor | Ghost Stories | Treasure Island | Paper Tales | Captain Sonar | Chronicles of Crime | Mr. Jack Pocket | Blitzkrieg!: World War Two in 20 Minutes,1.00,auto,"Description from the publisher: A 1-6 player cooperative game of terrifying cave escape. Players take the role of amateur cavers attempting to escape an unexplored network of subterranean tunnels, before the lights flicker out or the darker things beneath the Earth catch up to them... In Sub Terra players spend their turn exploring and revealing the tunnel system around them, attempting to survive the various perils of the cave, from floods and cave ins to gas leaks and scree. Players each have a role which gives them specialist abilities, such as an Engineer with dynamite to blast a new route"
222,The Crew: Mission Deep Sea,Cooperative,,324856,43,8.05092,7.80809,2.0464135021097047,2021,2,5,4,3-5,10,10+,20,20,Thomas Sing,Adventure | Card Game | Mythology | Nautical,Communication Limits | Cooperative Game | Deduction | Hand Management | Scenario / Mission / Campaign Game | Trick-taking,Theme: Under the Sea,The Crew: The Quest for Planet Nine | Heat: Pedal to the Metal | The Gang | Just One | Cat in the Box: Deluxe Edition | Decrypto | SCOUT | Codenames | Sky Team | Hanabi | Quacks | Mind MGMT: The Psychic Espionage “Game.” | Crokinole | Skull | QE | The Lord of the Rings: The Fellowship of the Ring – Trick-Taking Game | A Fake Artist Goes to New York | Wingspan | Ready Set Bet | 7 Wonders Duel | Sea Salt & Paper | The Fox in the Forest | Watergate | Cryptid | Azul | Libertalia: Winds of Galecrest | The Search for Planet X | Blood on the Clocktower,1.00,auto,"The Crew: Mission Deep Sea plunges players into a cooperative card game unlike any other. As members of a deep-sea expedition, you and your fellow crew are on a quest to locate the lost continent of Mu—but your success depends on precision, teamwork, and a shared sense of timing. Each mission presents a new puzzle made up of unique tasks: perhaps one player must win a specific card, while another must avoid it entirely. The trick? You&rsquo;ll have to complete these challenges through standard trick-taking rules—like in traditional card games—but with extremely limited communication. Each roun"
223,The Game,Cooperative,,444725,,7.88889,,,2025,2,4,,,,(no votes),,,Benjamin Galbraith,Bluffing | Miniatures,Action Points | Dice Rolling | Hand Management,Theme: Survival,,1.00,auto,"Central Solutions has selected you to participate in The Game, a test of strategy, determination and mental fortitude. Participation is mandatory. In The Game, players control a team of contestants who are participating in different events, all with a singular goal: survive and advance. Using a simple D10 system, you must obey the rules of each game while building (and breaking) alliances and sabotaging your foes. After 3 events, the player with the most contestants still alive is the winner."
224,Unlock!: Exotic Adventures,Cooperative,,254226,1561,7.26503,6.40692,2.2,2018,1,6,2,1-4,10,12+,60,90,Cyril Demaegd | Germain Winzenschtark,Card Game | Exploration | Puzzle | Real-time,Cooperative Game | Scenario / Mission / Campaign Game | Storytelling,Animals: Dinosaurs | Category: Escape Room Games | Mythology: Arabian | Series: Unlock! (Space Cowboys),Unlock!: Secret Adventures | Unlock!: Epic Adventures | Unlock!: Mystery Adventures | Unlock!: Mythic Adventures | Unlock!: Timeless Adventures | Unlock!: Legendary Adventures | Unlock!: Heroic Adventures | Unlock!: Escape Adventures | Unlock!: Game Adventures | Star Wars: Unlock! | Unlock!: Extraordinary Adventures | Unlock!: Short Adventures – The Flight of the Angel | Unlock!: Short Adventures – Doo-Arann's Dungeon | EXIT: The Game – Dead Man on the Orient Express | Unlock!: Supernatural Adventures | Unlock!: Short Adventures – The Awakening of the Mummy | Unlock!: Short Adventures – Secret Recipes of Yore | EXIT: The Game – The Secret Lab | Unlock!: Short Adventures – In Pursuit of Cabrakan | EXIT: The Game – The Pharaoh's Tomb | Unlock!: Enchanted Adventures | EXIT: The Game – The Mysterious Museum | EXIT: The Game – The Abandoned Cabin | Unlock!: Short Adventures – Red Mask | Unlock!: Escape Adventures – Fifth Avenue | Unlock!: Short Adventures – The Secrets of the Octopus | Unlock!: Short Adventures – The Birmingham Murder | EXIT: The Game – The Sunken Treasure,1.00,auto,"Unlock! Exotic Adventures features three new ""escape room"" scenarios that you can play on your tabletop. Unlock! is a cooperative card game inspired by escape rooms that uses a simple system which allows you to search scenes, combine objects, and solve riddles. Play Unlock! to embark on great adventures, while seated at a table using only cards and a companion app that can provide clues, check codes, monitor time remaining, etc. The three scenarios are: - Night of the Boogeymen - Scheherazade's Last Tale - Expedition: Challenger"
225,Avalon,Social Deduction,,6187,18458,5.86118,5.52278,1.8333333333333333,2003,2,2,2,2,12,(no votes),45,45,Leo Colovini,Card Game | Exploration | Fantasy,Hand Management,Series: Two-player games (Kosmos) | Theme: King Arthur / The Knights of the Round Table / Camelot,Gloom | Black Hole Council | We Didn't Playtest This at All | Manifest Destiny | Coup: Rebellion G54 | Secret Hitler | Joking Hazard,1.00,auto,"Avalon is a card-based game where a line of 11 landscape cards form the board and the cards in your hand are made up of Knights and Enchantresses. There are 8 of each in each of five different colors, for a total of 80 cards, which both players share as a common draw deck. The game starts with the landscapes face down, randomly assigned knights or enchantresses on each player's side of the landscape cards, and five knights/enchantresses in each players hand. In the course of the game, if you play knights on your side of the territory and you have at least as many cards on your side before play"
226,Battlestar Galactica: The Board Game,Social Deduction,,37111,126,7.73091,7.5266,3.2513274336283184,2008,3,6,5,4-6,14,14+,120,180,Corey Konieczka,Bluffing | Deduction | Movies / TV / Radio theme | Negotiation | Political | Science Fiction | Space Exploration | Spies / Secret Agents,Area Movement | Cooperative Game | Dice Rolling | Hand Management | Hidden Roles | Once-Per-Game Abilities | Role Playing | Semi-Cooperative Game | Team-Based Game | Traitor Game | Variable Player Powers | Variable Set-up | Voting,TV Shows: Battlestar Galactica,Eclipse: New Dawn for the Galaxy | Twilight Imperium: Third Edition | Sid Meier's Civilization: The Board Game | Space Alert | Merchants & Marauders | Twilight Imperium: Fourth Edition | Chaos in the Old World | Star Wars: Rebellion | XCOM: The Board Game | Cyclades | Dead of Winter: A Crossroads Game | Mage Knight Board Game | Dungeon Lords | Shadows over Camelot | Galaxy Trucker | Cosmic Encounter | Dune | Fury of Dracula (Third/Fourth Edition) | Gloomhaven | Letters from Whitechapel | Lords of Waterdeep | Tales of the Arabian Nights | A Game of Thrones: The Board Game (Second Edition) | Civilization: A New Dawn | New Angeles | War of the Ring: Second Edition | Kemet | Arkham Horror,1.00,auto,"Battlestar Galactica: The Board Game is a game of mistrust, intrigue, and the struggle for survival. Based on the Sci Fi Channel series, Battlestar Galactica: The Board Game puts players in the role of one of ten of their favorite characters from the show. Each playable character has their own abilities and weaknesses, and must all work together in order for humanity to have any hope of survival. However, one or more players in every game secretly side with the Cylons. Players must attempt to expose the traitor while fuel shortages, food contaminations, and political unrest threatens to tear t"
227,Blood on the Clocktower,Social Deduction,,240980,68,8.35511,7.71267,3.0395480225988702,2022,6,21,9-12,7-16,15,12+,30,120,Steven Medway,Bluffing | Deduction | Murder / Mystery | Party Game,Betting and Bluffing | Deduction | Hidden Roles | Negotiation | Prisoner's Dilemma | Rock-Paper-Scissors | Roles with Asymmetric Information | Team-Based Game | Traitor Game | Variable Player Powers | Voting,Crowdfunding: Kickstarter,Feed the Kraken | Captain Sonar | Decrypto | Root | A Fake Artist Goes to New York | The Crew: Mission Deep Sea | Secret Hitler | The King's Dilemma | Arcs | Galaxy Trucker (Second Edition) | Cryptid | Oceans | Ready Set Bet | Deception: Murder in Hong Kong | QE | Spirit Island | Two Rooms and a Boom | Dune: Imperium – Uprising | Slay the Spire: The Board Game | Codenames | Sky Team | Bomb Busters | The Search for Planet X | Mind MGMT: The Psychic Espionage “Game.” | The Crew: The Quest for Planet Nine | The Gang | Skull | Libertalia: Winds of Galecrest,1.00,auto,"In the quiet village of Ravenswood Bluff, &zwnj;a demon walks amongst you. During a hellish thunderstorm, on the stroke of midnight, there echoes a bone-chilling scream. The townsfolk rush to investigate and find the town storyteller murdered, their body impaled on the hands of the clocktower, blood dripping onto the cobblestones below. A Demon is on the loose, murdering by night and disguised in human form by day. Some have scraps of information. Others have abilities that fight the evil or protect the innocent. But the Demon and its evil minions are spreading lies to confuse and breed suspic"
228,Concordia,Social Deduction,,124361,29,8.07713,7.92623,2.9886749716874292,2013,2,5,4,2-5,13,12+,100,100,Mac Gerdts,Ancient | Economic | Nautical,"Action Retrieval | Advantage Token | Auction: Dutch | Deck, Bag, and Pool Building | End Game Bonuses | Hand Management | Hidden Victory Points | Investment | Movement Points | Network and Route Building | Open Drafting | Point to Point Movement | Set Collection | Variable Set-up",Ancient: Rome | Region: Mediterranean Sea,The Castles of Burgundy | Keyflower | Tzolk'in: The Mayan Calendar | Great Western Trail | Troyes | Orléans | Beyond the Sun | Terra Mystica | The Voyages of Marco Polo | Clans of Caledonia | Le Havre | A Feast for Odin | Lorenzo il Magnifico | Glass Road | Caverna: The Cave Farmers | Yokohama | Five Tribes: The Djinns of Naqala | Race for the Galaxy | Ginkgopolis | Russian Railroads | Concordia Venus | Puerto Rico | La Granja | Terraforming Mars | Teotihuacan: City of Gods | Hansa Teutonica | Gaia Project | Power Grid,1.00,auto,"Two thousand years ago, the Roman Empire ruled the lands around the Mediterranean Sea. With peace at the borders, harmony inside the provinces, uniform law, and a common currency, the economy thrived and gave rise to mighty Roman dynasties as they expanded throughout the numerous cities. Guide one of these dynasties and send colonists to the remote realms of the Empire; develop your trade network; and appease the ancient gods for their favor — all to gain the chance to emerge victorious! Concordia is a peaceful, strategy game of economic development in Roman times for 2-5 players aged 13 and u"
229,Cockroach Salad,Social Deduction,,32341,4198,6.14046,5.8581,1.1396648044692737,2007,2,6,4-5,3-6,6,6+,10,20,Jacques Zeimet,Action / Dexterity | Card Game | Humor | Real-time,Pattern Recognition | Speed Matching,Animals: Cockroaches | Animals: Insects | Series: Beveled Boxes (Gigamic) | Series: Ugly Animals (Drei Magier) | Theme: Food / Cooking,Ligretto | Halli Galli | You're Bluffing! | Take 5! | Kuhhandel Master | Dirty Pig | 11 nimmt! | The Werewolves of Miller's Hollow | Pick-omino | Rummikub | Tri-Ominos | Encore! | Kakerlakensuppe | Rat-a-Tat Cat | Qwixx | Ohne Furcht und Adel Sonderausgabe | Hitster | Scotland Yard | Ramses II | The Mole in the Hole | Saboteur: The Duel | Ghost Blitz 2 | Loopin' Louie | Wizard | SET | The Game | The Great Dalmuti | Black Stories,1.00,auto,"In Cockroach Salad players create a common salad packed with lettuce, peppers, tomatoes and cauliflower – but they won't always be saying which ingredient they're adding to the bowl! The 128 cards – 120 vegetable cards in the four types and eight ""taboo"" vegetable cards, two of each type that bear cockroaches – are shuffled and divided among the players. On a turn, a player plays the top card from his deck onto the central pile of cards, naming the vegetable as he plays it, e.g., ""Pepper!"" – except in the following situations: &bull; If his vegetable matches the previously played vegetable, th"
230,Coup,Social Deduction,,131357,718,6.97514,6.83161,1.4154435226547544,2012,2,6,5,3-6,13,10+,15,15,Rikki Tahta,Bluffing | Card Game | Deduction | Party Game | Political,Hidden Roles | Memory | Player Elimination | Take That | Variable Player Powers,Crowdfunding: Kickstarter | Series: Postcard Box Games (Indie Boards and Cards) | Setting: Dystopian Universe (Indie Boards & Cards),Skull | Wavelength | One Night Ultimate Werewolf | BANG! The Dice Game | Sheriff of Nottingham | Codenames | Deception: Murder in Hong Kong | The Resistance | Secret Hitler | Sushi Go Party! | Pandemic | Hanabi | Codenames: Pictures | Cockroach Poker | Sushi Go! | Ca$h 'n Guns: Second Edition | Decrypto | Spyfall | Captain Sonar | Telestrations | Camel Up (Second Edition) | Love Letter | Mysterium | The Mind | Dixit | Werewords Deluxe Edition | A Fake Artist Goes to New York | Onitama,1.00,auto,"You are head of a family in an Italian city-state, a city run by a weak and corrupt court. You need to manipulate, bluff and bribe your way to power. Your object is to destroy the influence of all the other families, forcing them into exile. Only one family will survive... In Coup, you want to be the last player with influence in the game, with influence being represented by face-down character cards in your playing area. Each player starts the game with two coins and two influence – i.e., two face-down character cards; the fifteen card deck consists of three copies of five different character"
231,Dead Last,Social Deduction,,184522,4443,6.22109,5.83253,1.162162162162162,2016,6,12,8-10,6-12,14,10+,45,60,Matthew Grosso | Andy Patton,Bluffing | Card Game | Negotiation | Party Game,Player Elimination | Prisoner's Dilemma | Simultaneous Action Selection | Take That | Voting,,Two Rooms and a Boom | Spyfall 2 | Anomia | Deception: Murder in Hong Kong | A Fake Artist Goes to New York | Skull | Werewords | Cockroach Poker | Telestrations | That's a Question! | Decrypto | Wavelength | Ca$h 'n Guns: Second Edition | Werewords Deluxe Edition | Coup | GoodCritters | Medium | Pictomania (Second Edition) | Ready Set Bet | The Resistance: Avalon | One Night Ultimate Werewolf | Captain Sonar | Spyfall | Codenames | KLASK | Sheriff of Nottingham | Cryptid | Insider,1.00,auto,"Stay alive, gain a fortune... Dead Last — originally known as Tontine — is a ""social collusion"" game of shifting alliances, betrayals, and murder for profit in which players must conspire and vote upon whom to kill each round. Any means of overt or covert communication is allowed — a glance, a nod, pointing under the table, flashing a card, anything – but make sure you don't tip off the target or they could ambush you instead! In the end, one or two players will remain, either claiming all the gold or squaring off in a final showdown before starting the next round of play. The first player to "
232,Deception: Murder in Hong Kong,Social Deduction,,156129,289,7.41993,7.2158,1.5936170212765957,2014,4,12,6-8,5-12,14,12+,20,20,Tobey Ho,Bluffing | Deduction | Murder / Mystery | Party Game,Communication Limits | Deduction | Events | Finale Ending | Hidden Roles | Storytelling | Team-Based Game | Traitor Game | Variable Set-up,Crowdfunding: Kickstarter | Region: Hong Kong | Theme: Mystery / Crime | Theme: Police,Captain Sonar | Sheriff of Nottingham | Spyfall | Ca$h 'n Guns: Second Edition | Skull | Decrypto | Werewords Deluxe Edition | Ready Set Bet | Coup | Wavelength | Codenames | A Fake Artist Goes to New York | BANG! The Dice Game | One Night Ultimate Werewolf | Two Rooms and a Boom | Cryptid | Mysterium | Cockroach Poker | Letter Jam | Just One | The Crew: The Quest for Planet Nine | So Clover! | Spyfall 2 | QE | Telestrations | Crokinole | Codenames: Duet | Escape from the Aliens in Outer Space,1.00,auto,"Deception: Murder in Hong Kong is a game of deduction and deception for 4-12 players that plays in about 20 minutes. In the game, players take on the roles of investigators attempting to solve a murder case – but there's a twist. The killer is one of the investigators! Each player's role and team are randomly assigned at the start of play and include the unique roles of Forensic Scientist, Witness, Investigator, Murderer, and Accomplice. While the Investigators attempt to deduce the truth, the murderer's team must deceive and mislead. This is a battle of wits! The Forensic Scientist has the so"
233,Istanbul,Social Deduction,,148949,190,7.53572,7.37298,2.5833333333333335,2014,2,5,4,2-5,10,10+,40,60,Rüdiger Dorn,Economic,Contracts | Dice Rolling | Grid Movement | Mancala | Market | Modular Board | Network and Route Building | Pick-up and Deliver | Race | Variable Set-up | Worker Placement,Cities: Istanbul (Turkey) | Country: Ottoman Empire | Country: Turkey | Occupation: Merchant | Series: Istanbul (Pegasus Spiele),Isle of Skye: From Chieftain to King | The Voyages of Marco Polo | Stone Age | Village | Great Western Trail | Five Tribes: The Djinns of Naqala | The Castles of Burgundy | Tzolk'in: The Mayan Calendar | Orléans | Rajas of the Ganges | Targi | Concordia | Quadropolis | Port Royal | Viticulture Essential Edition | San Juan (Second Edition) | Agricola: All Creatures Big and Small | Rococo | Suburbia | Century: Spice Road | Imhotep | Coimbra | Raiders of the North Sea | Bruges | 7 Wonders | Alhambra | Lewis & Clark: The Expedition | Puerto Rico,1.00,auto,"There's hustle and bustle at Istanbul's grand bazaar as merchants and their assistants rush through the narrow alleys in their attempt to be more successful than their competitors. Everything must be well organized: wheelbarrows must be filled with goods at the warehouses, then swiftly transported by the assistants to various destinations. Your goal? Be the first merchant to collect a certain number of rubies. In Istanbul, you lead a group of one merchant and four assistants through 16 locations in the bazaar. At each such location, you can carry out a specific action. The challenge, though, i"
234,Insider,Social Deduction,,206051,1263,7.02454,6.52482,1.1095890410958904,2016,4,8,5-6,4-8,9,8+,15,15,ｱｷﾋﾛｲﾄｵ (Akihiro Itoh) | Kwaji | Daichi Okano | Kito Shinma,Bluffing | Deduction | Party Game | Word Game,Hidden Roles | Roles with Asymmetric Information | Team-Based Game | Voting,,Decrypto | Skull | A Fake Artist Goes to New York | Two Rooms and a Boom | Cryptid | Detective Club | Telestrations | Cockroach Poker | The Mind | Insider Black | Captain Sonar | QE | That's Not a Hat | Deception: Murder in Hong Kong | Mascarade | Deep Sea Adventure | Magic Maze | The Crew: The Quest for Planet Nine | Mafia de Cuba | Concept | Ready Set Bet | Celestia | The Resistance: Avalon | Love Letter | Hanabi | The Gang | Order Overload: Cafe | Just One,1.00,auto,"Do we really have free will? Who decides this? Are we controlled by what we hear and what we see, even while thinking we decide freely? Insider is a game that deals with these questions. While communicating to others, you have to find the right answers to a quiz or find the ""insider"" who is manipulating the discussion. The insider will do everything to hide their identity while misleading the others. In more detail, players are assigned roles at random. One player is the ""master"", and they secretly select a word from a set given in a deck of cards. (In a variant given in the rulebook, they can"
235,Mafia de Cuba,Social Deduction,,176558,2411,6.51417,6.1515,1.4731182795698925,2015,6,12,8-10,6-12,10,10+,10,20,Philippe des Pallières | Loïc Lamy,Bluffing | Deduction | Mafia | Party Game,Hidden Roles | Player Elimination | Role Playing | Team-Based Game | Variable Player Powers,Cities: Havana (Cuba) | Country: Cuba,Mascarade | Time's Up! | Concept | Insider | When I Dream | Two Rooms and a Boom | Cryptid | Obscurio | Mysterium | Captain Sonar | Spyfall | Room 25 | The Mind | Dixit | The Resistance | BANG! The Dice Game | Magic Maze | Secrets | Detective Club | Decrypto | Secret Hitler | The King's Dilemma | Deception: Murder in Hong Kong | Codenames | Love Letter | Hanabi | The Resistance: Avalon | Time Bomb Evolution,1.00,auto,"Havana, December 29, 1955: At the end of the meal offered at his ""faithful"" henchmen, don Alessandro evokes the ""business"" in progress. Suddenly, the phone rang in the back room of the restaurant. The Godfather is convened to the office of President Batista. He entrusted his precious cigar box to his henchmen. It must be said that the cigar box has a false bottom, under the first layer of cigars, the box is filled with diamonds! In Mafia de Cuba, each player will take the cigar box, open it and choose to: Betray and steal some diamonds, Remain a faithful and ""honest"" mafioso, be a driver, or a"
236,Mysterium Park,Social Deduction,,301767,1281,7.00154,6.51709,1.4329896907216495,2020,2,6,4,2-6,10,8+,30,45,Oleksandr Nevskiy | Oleg Sidorenko,Deduction | Murder / Mystery | Party Game,Communication Limits | Cooperative Game | Pattern Recognition | Roles with Asymmetric Information | Storytelling,Decades: The 1950's | Theme: Amusement Parks / Theme Parks | Theme: Retro,Mysterium | Obscurio | The Mind | Love Letter | Magic Maze | Codenames: Duet | Disney Villainous: The Worst Takes it All | Codenames | Secret Hitler | One Night Ultimate Werewolf | Concept | BANG! The Dice Game | Dixit | Harry Potter: Hogwarts Battle | Fog of Love | Libertalia: Winds of Galecrest | Sushi Go Party! | Codenames: Pictures | Wavelength | Camel Up (Second Edition) | 5-Minute Mystery | Fort | The Crew: The Quest for Planet Nine | Coup | Just One | Deception: Murder in Hong Kong | King of Tokyo: Dark Edition | Detective Club,1.00,auto,"Welcome to Mysterium Park! Its cotton candies, its circus, its dark secrets... The park&rsquo;s former director has disappeared, but the investigation came to nothing. Since that night, weird things are happening on the fairground. As psychics, you&rsquo;re convinced that a ghost haunts this carnival... You&rsquo;re now intent on giving it a chance to reveal the truth. In this cooperative stand-alone game, the ghost sends visions with illustrated cards. The psychics try to interpret them in order to rule out certain suspects and locations. Then, they&rsquo;ll seize their only chance to piece t"
237,One Night Ultimate Werewolf,Social Deduction,,147949,679,7.03209,6.8557,1.3825417201540438,2014,3,10,6-8,4-10,8,10+,10,10,Ted Alspach | Akihisa Okui,Bluffing | Card Game | Deduction | Horror | Party Game,Hidden Roles | Role Playing | Roles with Asymmetric Information | Traitor Game | Variable Player Powers | Voting,Creatures: Werewolves | Crowdfunding: Kickstarter | Series: One Night (Bézier Games),Secret Hitler | Wavelength | Coup | Codenames | Mysterium | Deception: Murder in Hong Kong | Codenames: Pictures | Werewords Deluxe Edition | Skull | Telestrations | Sheriff of Nottingham | Love Letter | One Night Ultimate Werewolf: Daybreak | Two Rooms and a Boom | Sheriff of Nottingham: 2nd Edition | Codenames: Duet | Camel Up (Second Edition) | Captain Sonar | Ca$h 'n Guns: Second Edition | Cockroach Poker | BANG! The Dice Game | The Mind | Decrypto | Betrayal at House on the Hill | Pandemic | Monikers | Dixit | Sushi Go Party!,1.00,auto,"No moderator, no elimination, ten-minute games. One Night Ultimate Werewolf is a fast game for 3-10 players in which everyone gets a role: One of the dastardly Werewolves, the tricky Troublemaker, the helpful Seer, or one of a dozen different characters, each with a special ability. In the course of a single morning, your village will decide who is a werewolf...because all it takes is lynching one werewolf to win! Because One Night Ultimate Werewolf is so fast, fun, and engaging, you'll want to play it again and again, and no two games are ever the same. This game can be combined with One Nigh"
238,Saboteur,Social Deduction,,9220,1537,6.54013,6.41204,1.3175270108043218,2004,3,10,7-8,5-10,8,8+,30,30,Fréderic Moyersoen,Bluffing | Card Game | Deduction | Exploration | Fantasy | Party Game,Hand Management | Hidden Roles | Hidden Victory Points | Map Addition | Network and Route Building | Score-and-Reset Game | Take That | Traitor Game,Creatures: Dwarves & Gnomes | Series: Beveled Boxes (Gigamic) | Theme: Mining,Dixit: Odyssey | Dixit | Ticket to Ride: Europe | 6 nimmt! 25 Jahre | The Mind | Codenames: Pictures | Citadels | Spot it! | Love Letter | BANG! The Dice Game | Carcassonne | BANG! | Catan | Hanabi | Black Stories | Exploding Kittens | Codenames | Red7 | Rummikub | Colt Express | Concept | Takenoko | Deep Sea Adventure | 7 Wonders (Second Edition) | Cryptid | When I Dream | Jungle Speed | The Resistance,1.00,auto,"Players take on the role of dwarves. As miners, they are in a mine, hunting for gold. Suddenly, a pick axe swings down and shatters the mine lamp. The saboteur has struck. But which of the players are saboteurs? Will you find the gold, or will the fiendish actions of the saboteurs lead them to it first? After three rounds, the player with the most gold is the winner. With the help of Dwarf Cards, the players are assigned their role: either miner or saboteur. The roles are kept secret- they are only revealed at the end of the round. The Start Card and the three Goal Cards are placed onto the ta"
239,Secret Hitler,Social Deduction,,188834,264,7.48733,7.25096,1.7410071942446044,2016,5,10,"8, 10",6-10,13,14+,45,45,Mike Boxleiter | Tommy Maranges | Max Temkin,Bluffing | Card Game | Deduction | Humor | Party Game | Political | Print & Play | Spies / Secret Agents,Hidden Roles | Player Elimination | Team-Based Game | Traitor Game | Voting,Crowdfunding: Kickstarter,One Night Ultimate Werewolf | Love Letter | Coup | Codenames: Pictures | Mysterium | Codenames | The Mind | Wavelength | Blood on the Clocktower | Two Rooms and a Boom | Sheriff of Nottingham: 2nd Edition | Captain Sonar | Dixit | Skull | Obscurio | The Resistance: Avalon | Deception: Murder in Hong Kong | Decrypto | Mysterium Park | BANG! The Dice Game | Root | Sushi Go Party! | Camel Up (Second Edition) | Telestrations | Exploding Kittens | Bristol 1350 | Sheriff of Nottingham | Cryptid,1.00,auto,"Secret Hitler is a dramatic game of political intrigue and betrayal set in 1930s Germany. Each player is randomly and secretly assigned to be a liberal or a fascist, and one player is Secret Hitler. The fascists coordinate to sow distrust and install their cold-blooded leader; the liberals must find and stop the Secret Hitler before it's too late. The liberal team always has a majority. At the beginning of the game, players close their eyes, and the fascists reveal themselves to one another. Secret Hitler keeps his eyes closed, but puts his thumb up so the fascists can see who he is. The fasci"
240,Samurai,Social Deduction,,3,283,7.48174,7.22234,2.4406451612903224,1998,2,4,3,2-4,10,10+,30,60,Reiner Knizia,Abstract Strategy | Medieval,Area Majority / Influence | Enclosure | Hand Management | Hexagon Grid | Hidden Victory Points | Once-Per-Game Abilities | Set Collection | Tile Placement | Variable Set-up,Country: Japan | Series: Euro Classics (Reiner Knizia) | Series: Tile-Laying Trilogy (Reiner Knizia) | Theme: Samurai,Taj Mahal | Medici | Tigris & Euphrates | Through the Desert | Mexica | Condottiere | Yellow & Yangtze | Babylonia | Amun-Re | Winner's Circle | Santiago | Sardegna | Modern Art | Nightmare Productions | Cosmolancer | High Society | The Rich and the Good | San Marco | Lord of the Rings: The Confrontation | Big Shot | Metropolys | Ra | El Grande | Hansa | China | Medina (Second Edition) | Ratzia | Blue Lagoon,1.00,auto,"Samurai is set in medieval Japan. Players compete to gain the favor of three factions: samurai, peasants, and priests, which are represented by helmet, rice paddy, and Buddha figures scattered about the board, which features the islands of Japan. The competition is waged through the use of hexagonal tiles, each of which help curry favor of one of the three factions — or all three at once! Players can make lightning-quick strikes with horseback ronin and ships or approach their conquests more methodically. As each figure (helmets, rice paddies, and Buddhas) is surrounded, it is awarded to the p"
241,Shadows: Amsterdam,Social Deduction,,246297,3220,6.56634,5.99129,1.2926829268292683,2018,2,8,6,"2, 4-6, 8",10,8+,20,20,Mathieu Aubert,Animals | Deduction | Murder / Mystery | Party Game,Cooperative Game | Deduction | Modular Board | Point to Point Movement | Race | Real-Time | Team-Based Game | Variable Player Powers,Cities: Amsterdam (The Netherlands) | Theme: Anthropomorphic Animals | Theme: Mystery / Crime,Last Message | One Key | Little Town | When I Dream | Mascarade | Trapwords | Paranormal Detectives | Magic Maze | Celestia | Obscurio | HMS Dolores | Concept | Room 25 | Colt Express | The Mind | The Grimm Masquerade | Detective Club | Codenames: Pictures | Deep Sea Adventure | A Game of Thrones: Hand of the King | Secrets | Fairy Tile | Welcome to the Dungeon | Kites | Dixit | Colt Super Express | Not Alone | Paper Dungeons: A Dungeon Scrawler Game,1.00,auto,"Amsterdam, present day. A crime has been committed, but the police investigation is going nowhere. An anonymous client has called your detective agency to investigate. However, your rivals are on the case as well, so there&rsquo;s no time to waste. Your Intelligence Officer will guide your Detectives through the city, by sending pictures to communicate. Each image contains location intel ... for those who can understand. But you need to decode the messages faster than your rivals while avoiding the police! Explore the city to find three pieces of evidence, and deliver them to your client befor"
242,Sheriff of Nottingham,Social Deduction,,157969,610,7.04653,6.90797,1.6592244418331374,2014,3,5,5,3-5,14,8+,60,60,Sérgio Halaban | André Zatz,Bluffing | Card Game | Humor | Medieval | Negotiation | Novel-based | Party Game,Betting and Bluffing | Bribery | Hand Management | Negotiation | Open Drafting | Role Playing | Set Collection,"Cities: Nottingham (England, UK) | Country: England | Folk Tales & Fairy Tales: Robin Hood | Occupation: Merchant | Series: Dice Tower Essentials | Theme: Mystery / Crime",Deception: Murder in Hong Kong | Spyfall | BANG! The Dice Game | Ca$h 'n Guns: Second Edition | Coup | Codenames | Pandemic | Clank!: A Deck-Building Adventure | Captain Sonar | Dead of Winter: A Crossroads Game | The Resistance | Forbidden Desert | One Night Ultimate Werewolf | Welcome to the Dungeon | Lords of Waterdeep | Codenames: Pictures | Galaxy Trucker | Steampunk Rally | Wits & Wagers | Mysterium | King of New York | Clank! In! Space!: A Deck-Building Adventure | Skull | Evolution: Climate | Cosmic Encounter | Sushi Go Party! | Dixit | Love Letter,1.00,auto,"Prince John is coming to Nottingham! Players, in the role of merchants, see this as an opportunity to make quick profits by selling goods in the bustling city during the Prince's visit. However, players must first get their goods through the city gate, which is under the watch of the Sheriff of Nottingham. Should you play it safe with legal goods and make a profit, or risk it all by sneaking in illicit goods? Be mindful, though, as the Sheriff always has his eyes out for liars and tricksters and if he catches one, he very well may confiscate those goods for himself! In Sheriff of Nottingham, p"
243,Spyfall 2,Social Deduction,,193308,2010,6.80207,6.25694,1.2075471698113207,2016,3,12,6-8,5-12,13,10+,15,15,Alexandr Ushan,Bluffing | Deduction | Humor | Party Game | Spies / Secret Agents,Acting | Memory | Role Playing | Voting,Versions & Editions: Sequels,Deception: Murder in Hong Kong | Spyfall | Decrypto | Sheriff of Nottingham | Codenames: Pictures | A Fake Artist Goes to New York | One Night Ultimate Werewolf | Ca$h 'n Guns: Second Edition | Skull | The Resistance: Avalon | Pictomania (Second Edition) | Captain Sonar | When I Dream | BANG! The Dice Game | Wavelength | Cryptid | Cockroach Poker | Paranormal Detectives | Telestrations | Coup | Detective Club | Codenames | Werewords Deluxe Edition | Magic Maze | Love Letter | Cockroach Poker Royal | Celestia | Two Rooms and a Boom,1.00,auto,"Spyfall is a party game unlike any other, one in which you get to be a spy and try to understand what's going on around you. It's really simple! Spyfall is played over several rounds, and at the start of each round all players receive cards showing the same location — except that one player receives a card that says ""Spy"" instead of the location. Players then start asking each other questions — ""Why are you dressed so strangely?"" or ""When was the last time we got a payday?"" or anything else you can come up with — trying to guess who among them is the spy. The spy doesn't know where he is, so h"
244,The Resistance,Social Deduction,,41114,456,7.19048,7.0408,1.5907673112913288,2009,5,10,7,5-10,13,12+,30,30,Don Eskridge,Bluffing | Card Game | Deduction | Negotiation | Party Game | Print & Play | Science Fiction | Spies / Secret Agents,Hidden Roles | Memory | Roles with Asymmetric Information | Simultaneous Action Selection | Team-Based Game | Traitor Game | Voting,Series: Postcard Box Games (Indie Boards and Cards) | Setting: Dystopian Universe (Indie Boards & Cards),BANG! The Dice Game | Coup | Sheriff of Nottingham | Spyfall | Pandemic | Galaxy Trucker | Dead of Winter: A Crossroads Game | Ca$h 'n Guns: Second Edition | Codenames | Codenames: Pictures | Dixit | Deception: Murder in Hong Kong | Captain Sonar | Mysterium | The Grizzled | King of New York | One Night Ultimate Werewolf | Clank!: A Deck-Building Adventure | Hanabi | Cosmic Encounter | Star Realms | Secret Hitler | Small World | Dominion | Lords of Waterdeep | Forbidden Desert | Shadows over Camelot | 7 Wonders,1.00,auto,"The Empire must fall. Our mission must succeed. By destroying their key bases, we will shatter Imperial strength and liberate our people. Yet spies have infiltrated our ranks, ready for sabotage. We must unmask them. In five nights we reshape destiny or die trying. We are the Resistance! The Resistance is a party game of social deduction. It is designed for five to ten players, lasts about 30 minutes, and has no player elimination. The Resistance is inspired by Mafia/Werewolf, yet it is unique in its core mechanics, which increase the resources for informed decisions, intensify player interact"
245,The Thing: Infection at Outpost 31,Social Deduction,,226634,2289,7.2352,6.1855,2.3333333333333335,2017,4,8,8,5-8,17,12+,60,120,Joe Van Wetering,Bluffing | Deduction | Horror | Movies / TV / Radio theme | Science Fiction | Spies / Secret Agents,Dice Rolling | Hand Management | Hidden Roles | Role Playing | Team-Based Game | Traitor Game | Variable Player Powers | Voting,Creatures: Aliens / Extraterrestrials | Movies: Horror Movies | Movies: The Thing,Horrified | Betrayal at House on the Hill | Risk Legacy | Jaws | Dead of Winter: A Crossroads Game | The Night Cage | Escape from the Aliens in Outer Space | The Captain Is Dead | Betrayal at Baldur's Gate | Fog of Love | Godzilla: Tokyo Clash | Fury of Dracula (Third/Fourth Edition) | Betrayal Legacy | Return to Dark Tower | Burgle Bros 2: The Casino Capers | Tales of the Arthurian Knights | Reign of Cthulhu | Thunder Road: Vendetta | Fireball Island: The Curse of Vul-Kar | Horrified: American Monsters | Tales of the Arabian Nights | Last Friday | Mysterium | Freelancers: A Crossroads Game | Bargain Quest | The King's Dilemma | Cosmic Encounter | Vast: The Crystal Caverns,1.00,auto,"It is the start of the bleak, desolate Antarctic winter when a group of NSF researchers manning the claustrophobic, isolated U.S. Outpost 31 comes into contact with a hostile extraterrestrial lifeform. Bent on assimilating Earth's native species, this being infiltrates the facility — creating a perfect imitation of one of the Outpost 31 crew. The staff frantically begin a sweep of the base, desperate to purge this alien infection before escaping to warn McMurdo Station that somewhere, out there in the frigid darkness, something horrible is waiting. In the hidden identity game The Thing: Infect"
246,Two Rooms and a Boom,Social Deduction,,134352,1207,6.97906,6.54415,1.4779874213836477,2013,6,30,"14, 16-18, 20, 22","8-30, 31",8,12+,7,20,Alan Gerding | Sean McCoy,Bluffing | Card Game | Deduction | Negotiation | Party Game | Print & Play | Real-time | Spies / Secret Agents,Acting | Elapsed Real Time Ending | Hidden Roles | Real-Time | Team-Based Game | Variable Player Powers | Voting,Crowdfunding: Kickstarter,Captain Sonar | Deception: Murder in Hong Kong | Wavelength | Skull | Secret Hitler | One Night Ultimate Werewolf | Telestrations | A Fake Artist Goes to New York | Decrypto | Codenames | Mysterium | Blood on the Clocktower | Cockroach Poker | Insider | Werewords Deluxe Edition | Coup | The King's Dilemma | Monikers | Cryptid | Ready Set Bet | QE | So Clover! | Concept | Sheriff of Nottingham | Magic Maze | Obscurio | Spyfall | Just One,1.00,auto,"In Two Rooms and a Boom – a social deduction/hidden role party game for six or more players – there are two teams: the Red Team and the Blue Team. The Blue Team has a President. The Red Team has a Bomber. Players are equally distributed between two rooms (i.e., separate playing areas). The game consists of five timed rounds. At the end of each round, some players will be swapped into opposing rooms. If the Red Team's Bomber is in the same room as the President at the end of the game, then the Red Team wins; otherwise the Blue Team wins. Lying encouraged."
247,Ultimate Werewolf,Social Deduction,,152241,6106,6.54122,5.70838,1.1538461538461537,2014,5,30,10-12,8-20,13,10+,30,90,Ted Alspach,Bluffing | Card Game | Deduction | Fantasy | Horror | Murder / Mystery | Negotiation | Party Game,Hidden Roles | Role Playing | Storytelling | Team-Based Game | Traitor Game | Variable Player Powers | Voting,,Ultimate Werewolf: Deluxe Edition | Poetry for Neanderthals | One Night Ultimate Werewolf | Hues and Cues | Fire Tower | The Chameleon | Betrayal at House on the Hill | Telestrations: 12 Player Party Pack | Telestrations: After Dark | One Night Ultimate Werewolf: Daybreak | Anomia: Party Edition | Ransom Notes | Secret Hitler | A Little Wordy | Ravine | One Night Ultimate Alien | Sheriff of Nottingham: 2nd Edition | Monikers | Joking Hazard | Side Effects | Dungeon Mayhem | Doomlings | Betrayal at House on the Hill: 3rd Edition | Coup | Dutch Blitz | We're Doomed! | Funemployed | Werewords Deluxe Edition,1.00,auto,"Ultimate Werewolf is an interactive game of deduction for two teams: Villagers and Werewolves. The Villagers don't know who the Werewolves are, and the Werewolves are trying to remain undiscovered while they slowly eliminate the Villagers one at a time. A Moderator (who isn't on a team) runs the game. Ultimate Werewolf takes place over a series of game days and nights. Each day, the players discuss who among them is a Werewolf, and vote out a player. Each night, the Werewolves choose a player to eliminate, while the Seer learns if one player is a Werewolf or not. The game is over when either a"
248,Werewords,Social Deduction,,219215,1003,7.09846,6.64984,1.1505376344086022,2017,4,10,6-7,4-10,8,8+,10,10,Ted Alspach,Deduction | Party Game | Real-time | Word Game,Hidden Roles | Roles with Asymmetric Information | Traitor Game | Variable Player Powers | Voting,Word Games: Guess the Word,Decrypto | Pictures | A Fake Artist Goes to New York | Deception: Murder in Hong Kong | Codenames | Just One | Phantom Ink | Cryptid | So Clover! | Spyfall | Ready Set Bet | Letter Jam | Spicy | Magic Maze | Feed the Kraken | Medium | Fun Facts | Codenames: Duet | Blood on the Clocktower | The Crew: The Quest for Planet Nine | Captain Sonar | Telestrations | Codenames: Pictures | Wavelength | Two Rooms and a Boom | Spyfall 2 | Décorum | QE,1.00,auto,"In Werewords, players guess a secret word by asking ""yes"" or ""no"" questions. Figure out the magic word before time is up, and you win! However, one of the players is secretly a werewolf who is not only working against you, but also knows the word. If you don't guess the word in time, you can still win by identifying the werewolf! To help you out, one player is the Seer, who knows the word but must not to be too obvious when helping you figure it out; if the word is guessed, the werewolf can pull out a win by identifying the Seer! A free iOS/Android app provides thousands of words in hundreds o"
249,Above and Below,Thematic / Adventure,,172818,420,7.34142,7.06893,2.5150862068965516,2015,2,4,3,2-4,13,10+,90,90,Ryan Laukat,Adventure | City Building | Economic | Exploration | Fantasy | Farming | Negotiation,Action Points | Dice Rolling | Narrative Choice / Paragraph | Set Collection | Storytelling | Trading | Turn Order: Progressive,Crowdfunding: Kickstarter | Setting: World of Arzium,Near and Far | Charterstone | Ex Libris | Dinosaur Island | Lords of Waterdeep | Mystic Vale | Euphoria: Build a Better Dystopia | Unearth | Red Rising | Forbidden Desert | Between Two Castles of Mad King Ludwig | Between Two Cities | Photosynthesis | Raiders of the North Sea | Roll Player | Terraforming Mars: Ares Expedition | Tiny Epic Galaxies | Pandemic | Clank!: A Deck-Building Adventure | Steampunk Rally | Dead of Winter: A Crossroads Game | Forbidden Island | Champions of Midgard | Mariposas | Foundations of Rome | Sagrada | Small World | Galaxy Trucker,1.00,auto,"Your last village was ransacked by barbarians. You barely had time to pick up the baby and your favorite fishing pole before they started the burning and pillaging. You wandered over a cruel desert, braved frozen peaks, and even paddled a log across a rough sea, kicking at the sharks whenever they got too close, the baby strapped tightly to your back. Then you found it! The perfect place to make your new home. But as soon as you had the first hut built, you discovered a vast network of caverns underground, brimming with shiny treasures, rare resources, and untold adventure. How could you limit"
250,Aeon's End,Thematic / Adventure,,191189,108,7.86401,7.57993,2.8011204481792715,2016,1,4,2,1-4,14,12+,60,60,Jenny Iglesias | Nick Little (I) | Kevin Riley,Card Game | Fantasy | Fighting | Science Fiction,"Chit-Pull System | Cooperative Game | Deck, Bag, and Pool Building | Delayed Purchase | Hand Management | Open Drafting | Solo / Solitaire Game | Variable Phase Order | Variable Player Powers | Variable Set-up",Crowdfunding: Kickstarter | Theme: Boss Battle,Aeon's End: War Eternal | Aeon's End: Legacy | Gloomhaven: Jaws of the Lion | Spirit Island | Robinson Crusoe: Adventures on the Cursed Island | Imperium: Classics | Imperium: Legends | Gloomhaven | Slay the Spire: The Board Game | Sleeping Gods | Twilight Inscription | Dune: Imperium | Too Many Bones | Mage Knight Board Game | This War of Mine: The Board Game | Cthulhu: Death May Die | Clank!: A Deck-Building Adventure | Dice Throne: Season One | Tyrants of the Underdark | The LOOP | Dune: Imperium – Uprising | Mechs vs. Minions | Blood Rage | Aeon's End: The New Age | Destinies | Everdell | Forgotten Waters | Roll Player,1.00,auto,"The survivors of a long-ago invasion have taken refuge in the forgotten underground city of Gravehold. There, the desperate remnants of society have learned that the energy of the very breaches the beings use to attack them can be repurposed through various gems, transforming the malign energies within into beneficial spells and weapons to aid their last line of defense: the breach mages. Aeon's End is a cooperative game that explores the deckbuilding genre with a number of innovative mechanisms, including a variable turn order system that simulates the chaos of an attack, and deck management "
251,Arkham Horror: The Card Game,Thematic / Adventure,,205637,32,8.12009,7.88982,3.56592039800995,2016,1,2,2,"1-2, 3",14,14+,60,120,Nate French | MJ Newman,Adventure | Card Game | Collectible Components | Exploration | Horror | Novel-based,Action Points | Area Movement | Communication Limits | Cooperative Game | Deck Construction | Events | Hand Management | Map Deformation | Modular Board | Player Elimination | Push Your Luck | Role Playing | Scenario / Mission / Campaign Game | Solo / Solitaire Game | Stat Check Resolution | Variable Player Powers,Collectible: Living Card Game (Fantasy Flight Games) | Series: Arkham Horror Files (Fantasy Flight Games) | Theme: Cthulhu Mythos | Versions & Editions: Card Versions of Non-Card Games,Arkham Horror: The Card Game (Revised Core Set) | Eldritch Horror | Arkham Horror (Third Edition) | Mansions of Madness: Second Edition | Gloomhaven: Jaws of the Lion | The Lord of the Rings: Journeys in Middle-Earth | Sleeping Gods | Gloomhaven | Earthborne Rangers | Cthulhu: Death May Die | Unfathomable | War of the Ring: The Card Game | Star Wars: Outer Rim | Elder Sign | Spirit Island | Aeon's End | Forgotten Waters | Frosthaven | This War of Mine: The Board Game | Mage Knight Board Game | Robinson Crusoe: Adventures on the Cursed Island | Dead of Winter: A Crossroads Game | The Lord of the Rings: Fate of the Fellowship | Twilight Inscription | Imperium: Legends | Imperium: Classics | Slay the Spire: The Board Game | Nemesis,1.00,auto,"Something evil stirs in Arkham, and only you can stop it. Blurring the traditional lines between role-playing and card game experiences, Arkham Horror: The Card Game is a Living Card Game of Lovecraftian mystery, monsters, and madness! In the game, you, alone or with a friend (or up to three friends with two Core Sets), become investigators within the quiet New England town of Arkham. You have your talents, sure, but you also have your flaws. Perhaps you've dabbled a little too much in the writings of the Necronomicon, and its words continue to haunt you. Perhaps you feel compelled to cover up"
252,Betrayal at House on the Hill,Thematic / Adventure,,10547,771,7.00886,6.78689,2.3982725527831095,2004,3,6,5-6,3-6,12,12+,60,60,Bruce Glassco | Rob Daviau | Bill McQuillan | Mike Selinker | Teeuwynn Woodruff,Adventure | Exploration | Horror,Dice Rolling | Map Addition | Modular Board | Player Elimination | Role Playing | Storytelling | Team-Based Game | Traitor Game | Variable Player Powers,Category: Dungeon Crawler | Series: Betrayal (Avalon Hill) | Theme: Spooky Old Houses,Betrayal at Baldur's Gate | Betrayal Legacy | Gloom | One Night Ultimate Werewolf | Mysterium | Coup | Tsuro | Forbidden Desert | Sheriff of Nottingham | Betrayal at House on the Hill: 3rd Edition | Fog of Love | Dead of Winter: A Crossroads Game | Zombie Dice | Pandemic | Deception: Murder in Hong Kong | Boss Monster: The Dungeon Building Card Game | Secret Hitler | The Night Cage | Tsuro of the Seas | Disney Villainous: The Worst Takes it All | Forbidden Island | King of New York | Risk Legacy | Wavelength | Captain Sonar | Codenames | Stardew Valley: The Board Game | The Captain Is Dead,1.00,auto,"Betrayal at House on the Hill quickly builds suspense and excitement as players explore a haunted mansion of their own 'design', encountering spirits and frightening omens that foretell their fate. With an estimated one hour playing time, Betrayal at House on the Hill is ideal for parties, family gatherings or casual fun with friends. Betrayal at House on the Hill is a tile game that allows players to lay out the haunted house room by room, tile by tile, creating a new thrilling game board every time. The game is designed for three to six people, each of whom plays one of six possible characte"
253,Dead of Winter,Thematic / Adventure,,150376,251,7.43946,7.27146,3.0143348623853212,2014,2,5,4,3-5,13,12+,60,120,Jonathan Gilmour-Long | Isaac Vega,Bluffing | Deduction | Horror | Science Fiction | Zombies,Action Points | Area Movement | Dice Rolling | Hand Management | Narrative Choice / Paragraph | Push Your Luck | Scenario / Mission / Campaign Game | Semi-Cooperative Game | Storytelling | Trading | Traitor Game | Turn Order: Progressive | Variable Player Powers | Voting,Creatures: Zombies | Series: Crossroads (Plaid Hat Games) | Setting: Dead of Winter | Theme: Post-Apocalyptic | Theme: Survival,Fury of Dracula (Third/Fourth Edition) | Sheriff of Nottingham | Lords of Waterdeep | Mechs vs. Minions | Galaxy Trucker | Pandemic Legacy: Season 1 | Champions of Midgard | Gloomhaven | Near and Far | Blood Rage | Clank!: A Deck-Building Adventure | Forgotten Waters | Western Legends | Captain Sonar | The Grizzled | Ghost Stories | Deception: Murder in Hong Kong | Pandemic | King of New York | Adrenaline | Mansions of Madness: Second Edition | Spyfall | The King's Dilemma | Scythe | BANG! The Dice Game | Dead of Winter: The Long Night | Cosmic Encounter | Letters from Whitechapel,1.00,override,"""Crossroads"" is a game series from Plaid Hat Games that tests a group of survivors' ability to work together and stay alive while facing crises and challenges from both outside and inside. Dead of Winter: A Crossroads Game, the first title in this series, puts 2-5 players in a small, weakened colony of survivors in a world in which most of humanity is either dead or diseased, flesh-craving monsters. Each player leads a faction of survivors, with dozens of different characters in the game. Dead of Winter is a meta-cooperative psychological survival game. This means players are working together "
254,Descent: Legends of the Dark,Thematic / Adventure,,322708,484,7.88755,7.01557,2.7076023391812867,2021,1,4,4,1-4,14,10+,120,180,Kara Centell-Dunk | Nathan I. Hajek,Adventure | Fantasy | Fighting | Miniatures,Cooperative Game | Dice Rolling | Grid Movement | Modular Board | Movement Points | Role Playing | Scenario / Mission / Campaign Game | Solo / Solitaire Game | Square Grid | Variable Player Powers,Category: Dungeon Crawler | Creatures: Monsters | Setting: The Realms of Terrinoth | Theme: Art style – Art Deco,Tainted Grail: The Fall of Avalon | The Lord of the Rings: Journeys in Middle-Earth | Mansions of Madness: Second Edition | Cthulhu: Death May Die | Frosthaven | Gloomhaven: Jaws of the Lion | Arkham Horror (Third Edition) | Bloodborne: The Board Game | ISS Vanguard | This War of Mine: The Board Game | Nemesis: Lockdown | Gloomhaven | Oathsworn: Into the Deepwood | Frostpunk: The Board Game | Sleeping Gods | Destinies | Etherfields | The Witcher: Old World | Nemesis | World of Warcraft: Wrath of the Lich King | Star Wars: Outer Rim | Eldritch Horror | Fateforge: Chronicles of Kaan | Massive Darkness 2: Hellscape | The Elder Scrolls V: Skyrim – The Adventure Game | Fallout | Aftermath | Last Bastion,1.00,auto,"Terrinoth is in peril. The demon-tainted Uthuk Y'llan barbarians stalk the realm and the undead servants of Waiqar the Undying venture beyond their borders for the first time in memory. The leaders of Terrinoth are divided and fractious, unable to unite against these common threats. And in the northern barony of Forthyn, the stage is set for the next great confrontation between Terrinoth and the forces of darkness. For years, your journeys have taken you across the fantasy realm of Terrinoth, venturing into dark forests, shadowy cities, ancient crypts, and misty swamps — but your true legend i"
255,Dungeon Saga: Dwarf King's Quest,Thematic / Adventure,,160081,3359,7.20345,5.97008,2.4468085106382977,2015,2,5,"3, 5",2-5,10,8+,30,120,Jake Thornton,Adventure | Exploration | Fantasy | Fighting | Miniatures,Dice Rolling | Grid Movement | Modular Board | Role Playing | Team-Based Game | Variable Player Powers,Category: Dungeon Crawler | Creatures: Dwarves & Gnomes | Crowdfunding: Kickstarter,Fireteam Zero | Gears of War: The Board Game | DreadBall: The Futuristic Sports Game | Star Saga | Warhammer Quest: The Adventure Card Game | DOOM: The Board Game | Dungeons & Dragons: Castle Ravenloft Board Game | Descent: Journeys in the Dark (Second Edition) | Hellboy: The Board Game | Space Hulk: Death Angel – The Card Game | Dungeons & Dragons: The Legend of Drizzt Board Game | Massive Darkness | Dungeons & Dragons: Wrath of Ashardalon Board Game | Batman: Gotham City Chronicles | A Song of Ice & Fire: Tabletop Miniatures Game – Stark vs Lannister Starter Set | A Touch of Evil: Dark Gothic | Space Hulk (Fourth Edition) | Cadwallon: City of Thieves | Village Attacks | Relic | DungeonQuest: Revised Edition | Fallout | XenoShyft: Onslaught | The World of SMOG: Rise of Moloch | Legendary Encounters: An Alien Deck Building Game | Level 7 [Omega Protocol] | Carnival Zombie: 2nd Edition | Arkham Horror: Final Hour,1.00,auto,"Over a thousand years ago, Valandor, the greatest known hero fell in battle, fighting to protect the lives of those around him. From shore to shore, all owe thanks to his wondrous legacy. Now, sacred sites across the land have been defiled and plundered by the disgraced wizard Mortibris, who along with his vile undead minions will stop at nothing to obtain the secrets of Valandor&rsquo;s power. Only the bravest heroes dare oppose him. Thrown together from the far corners of the realm, they step boldly into the depths, ready to face whatever foul evil awaits them&hellip; Hero, your quest begins"
256,Dungeons & Dragons: Waterdeep Dragon Heist,Thematic / Adventure,,,,,,,,,,,,,,,,,,,,,0.00,no_results,
257,Eldritch Horror,Thematic / Adventure,,146021,137,7.74351,7.49207,3.317434210526316,2013,1,8,4,1-5,14,14+,120,240,Corey Konieczka | Nikki Valens,Adventure | Fighting | Horror | Novel-based | Travel,Action Points | Cooperative Game | Dice Rolling | Point to Point Movement | Resource to Move | Role Playing | Solo / Solitaire Game | Stat Check Resolution | Variable Player Powers,Series: Arkham Horror Files (Fantasy Flight Games) | Theme: Cthulhu Mythos,Arkham Horror (Third Edition) | Mansions of Madness: Second Edition | Elder Sign | The Lord of the Rings: Journeys in Middle-Earth | Arkham Horror: The Card Game | Dead of Winter: A Crossroads Game | Unfathomable | This War of Mine: The Board Game | Gloomhaven | Cthulhu: Death May Die | Fury of Dracula (Third/Fourth Edition) | Star Wars: Outer Rim | Gloomhaven: Jaws of the Lion | Fallout | Robinson Crusoe: Adventures on the Cursed Island | Sleeping Gods | Reign of Cthulhu | Mice and Mystics | Nemesis | Dead of Winter: The Long Night | War of the Ring: The Card Game | Mage Knight Board Game | The Thing: The Boardgame | Forgotten Waters | Legendary Encounters: An Alien Deck Building Game | A Game of Thrones: The Board Game (Second Edition) | Star Wars: Rebellion | Xia: Legends of a Drift System,1.00,auto,"Across the globe, ancient evil is stirring. Now, you and your trusted circle of colleagues must travel around the world, working against all odds to hold back the approaching horror. Foul monsters, brutal encounters, and obscure mysteries will take you to your limit and beyond. All the while, you and your fellow investigators must unravel the otherworldy mysteries scattered around the globe in order to push back the gathering mayhem that threatens to overwhelm humanity. The end draws near! Do you have the courage to prevent global destruction? Eldritch Horror is a co-operative game of terror a"
258,Folklore: The Affliction,Thematic / Adventure,,159504,1573,7.62807,6.40153,3.6881720430107525,2017,1,5,4,1-5,14,14+,90,120,Nick Blain | Will Donovan,Adventure | Exploration | Fantasy | Horror | Miniatures,Action Points | Cooperative Game | Dice Rolling | Events | Grid Movement | Modular Board | Narrative Choice / Paragraph | Role Playing | Scenario / Mission / Campaign Game | Solo / Solitaire Game | Storytelling | Variable Player Powers,Category: Dungeon Crawler | Crowdfunding: Kickstarter,HEXplore It: The Valley of the Dead King | Bardsung | Dungeons of Infinity | Altar Quest | Dungeon Alliance | Galaxy Defenders | Middara: Unintentional Malum – Act 1 | Agemonia | League of Dungeoneers | Dungeon Universalis | Arena: The Contest | The Isofarian Guard | HEXplore It: The Forests of Adrimon | Arydia: The Paths We Dare Tread | Machina Arcana (Second/Third Edition) | Tales from the Red Dragon Inn | Dungeon Degenerates: Hand of Doom | Trudvang Legends | Dragons Down | The City of Kings | HEXplore It: The Domain of Mirza Noctis | Street Masters | Fateforge: Chronicles of Kaan | Darkest Dungeon: The Board Game | Perdition's Mouth: Abyssal Rift | Chronicles of Drunagor: Age of Darkness | Dungeons of Doria | HEXplore It: The Sands of Shurax,1.00,auto,"Embark on a cooperative epic adventure that is Folklore the Affliction. Find and destroy the source of the evil spreading its claws into the heart of the land, decimating its people and resources. Free the denizens from the scourge of vampirism and lycanthropy and expand your power and abilities. Are you a survivor, or will you play as your ghost? Will you fall to the bloodlust or the taint of lycanthropy yourself? Folklore: The Affliction is an expandable ongoing horror RPG board game for 1-5 players that focuses on immersive storyline, strategic combat, character development and intense char"
259,Gloomhaven,Thematic / Adventure,,174430,4,8.54039,8.29917,3.918300653594771,2017,1,4,3,1-4,14,14+,60,120,Isaac Childres,Adventure | Exploration | Fantasy | Fighting | Miniatures,Action Queue | Action Retrieval | Campaign / Battle Card Driven | Card Play Conflict Resolution | Communication Limits | Cooperative Game | Critical Hits and Failures | Deck Construction | Grid Movement | Hand Management | Hexagon Grid | Legacy Game | Line of Sight | Modular Board | Multi-Use Cards | Narrative Choice / Paragraph | Once-Per-Game Abilities | Role Playing | Scenario / Mission / Campaign Game | Simultaneous Action Selection | Solo / Solitaire Game | Storytelling | Tags | Variable Player Powers,Category: Dungeon Crawler | Creatures: Demons | Creatures: Dragons | Creatures: Monsters | Crowdfunding: Kickstarter,Gloomhaven: Jaws of the Lion | Frosthaven | Mage Knight Board Game | Spirit Island | Sleeping Gods | Mechs vs. Minions | Slay the Spire: The Board Game | Nemesis | Dead of Winter: A Crossroads Game | Cthulhu: Death May Die | Mansions of Madness: Second Edition | Xia: Legends of a Drift System | The 7th Continent | Twilight Imperium: Fourth Edition | Robinson Crusoe: Adventures on the Cursed Island | Scythe | Twilight Inscription | Dune: Imperium | The Lord of the Rings: Journeys in Middle-Earth | Pandemic Legacy: Season 1 | Forgotten Waters | Clank! Legacy: Acquisitions Incorporated | Blood Rage | Return to Dark Tower | The Lord of the Rings: Fate of the Fellowship | This War of Mine: The Board Game | Star Wars: Outer Rim | Star Wars: Rebellion,1.00,auto,"Gloomhaven is a game of Euro-inspired tactical combat in a persistent world of shifting motives. Players will take on the roles of wandering adventurers with their own special sets of skills and their own reasons for traveling to this dark corner of the world. Players must work together out of necessity to clear out menacing dungeons and forgotten ruins. In the process, they will enhance their abilities with experience and loot, discover new locations to explore and plunder, and expand an ever-branching story fueled by the decisions they make. This is a game with a persistent and changing worl"
260,Gloomhaven: Jaws of the Lion,Thematic / Adventure,,291457,12,8.36143,8.09768,3.6379163108454313,2020,1,4,2,1-4,14,12+,30,120,Isaac Childres,Adventure | Exploration | Fantasy | Fighting | Miniatures,Action Queue | Action Retrieval | Campaign / Battle Card Driven | Communication Limits | Cooperative Game | Critical Hits and Failures | Deck Construction | Grid Movement | Hand Management | Hexagon Grid | Line of Sight | Multi-Use Cards | Once-Per-Game Abilities | Player Elimination | Role Playing | Scenario / Mission / Campaign Game | Simultaneous Action Selection | Solo / Solitaire Game | Variable Player Powers,Category: Dungeon Crawler,Gloomhaven | Sleeping Gods | Spirit Island | Frosthaven | Slay the Spire: The Board Game | Cthulhu: Death May Die | The Lord of the Rings: Fate of the Fellowship | The Lord of the Rings: Journeys in Middle-Earth | Mansions of Madness: Second Edition | Nemesis | Imperium: Legends | Destinies | This War of Mine: The Board Game | Pandemic Legacy: Season 1 | Imperium: Classics | Robinson Crusoe: Adventures on the Cursed Island | Aeon's End | Forgotten Waters | Star Wars: Outer Rim | Mage Knight Board Game | Twilight Inscription | Dune: Imperium | Clank! Legacy: Acquisitions Incorporated | Mechs vs. Minions | Pandemic Legacy: Season 0 | Clank!: Catacombs | Too Many Bones | Dune: Imperium – Uprising,1.00,auto,"Gloomhaven: Jaws of the Lion is a standalone game that takes place before the events of Gloomhaven. The game includes four new characters — Valrath Red Guard (tank, crowd control), Inox Hatchet (ranged damage), Human Voidwarden (support, mind control), and Quatryl Demolitionist (melee damage, obstacle manipulation) — that can also be used in the original Gloomhaven game. The game also includes 16 monster types (including seven new standard monsters and three new bosses) and a new campaign with 25 scenarios that invites the heroes to investigate a case of mysterious disappearances within the ci"
261,Legends of Andor,Thematic / Adventure,,127398,676,7.0847,6.85735,2.7660332541567696,2012,2,4,4,1-4,10,10+,60,90,Michael Menzel,Adventure | Fantasy | Fighting | Puzzle,Action Points | Area Movement | Cooperative Game | Dice Rolling | Events | Scenario / Mission / Campaign Game | Variable Player Powers,Theme: King Arthur / The Knights of the Round Table / Camelot,The Adventures of Robin Hood | Paleo | Dorfromantik: The Board Game | Wizard | Rivals for Catan | MicroMacro: Crime City | The Taverns of Tiefenthal | Robinson Crusoe: Adventures on the Cursed Island | T.I.M.E Stories | Fantasy Realms | 5-Minute Dungeon | Hitster | Legends of Andor: The Last Hope | Colt Express | Harry Potter: Hogwarts Battle | Camel Up | Aftermath | The Game | Catan: Starfarers | MicroMacro: Crime City – Full House | Love Letter: Premium Edition | Keep the Heroes Out! | The 7th Continent: Classic Edition | That's Pretty Clever! | Pictures | Mice and Mystics | Die Legenden von Andor: Chada & Thorn | Magic Maze,1.00,auto,"Legends of Andor is a cooperative adventure board game for two to four players in which a band of heroes must work together to defend a fantasy realm from invading hordes. To secure Andor's borders, the heroes will embark on dangerous quests over the course of five unique scenarios (as well as a final scenario created by the players themselves). But as the clever game system keeps creatures on the march toward the castle, the players must balance their priorities carefully. At the heart of Legends of Andor is its unique narrative, the linked scenarios of which tell an overarching story as the "
262,Mansions of Madness: 2nd Ed.,Thematic / Adventure,,205059,75,7.91705,7.67907,2.695961995249406,2016,1,5,3-4,1-5,14,12+,120,180,Nikki Valens,Adventure | Exploration | Fantasy | Fighting | Horror | Miniatures | Murder / Mystery | Mythology | Novel-based | Puzzle,Area Movement | Cooperative Game | Dice Rolling | Hand Management | Map Addition | Modular Board | Role Playing | Scenario / Mission / Campaign Game | Solo / Solitaire Game | Stat Check Resolution | Traitor Game | Variable Player Powers,Category: Dungeon Crawler | Series: Arkham Horror Files (Fantasy Flight Games) | Series: Mansions of Madness | Theme: Cthulhu Mythos | Theme: Mad Science / Mad Scientist | Theme: Spooky Old Houses,Arkham Horror (Third Edition) | Eldritch Horror | Cthulhu: Death May Die | The Lord of the Rings: Journeys in Middle-Earth | Unfathomable | Gloomhaven: Jaws of the Lion | Gloomhaven | Sleeping Gods | Nemesis | This War of Mine: The Board Game | Dead of Winter: A Crossroads Game | Destinies | Forgotten Waters | Dead of Winter: The Long Night | Star Wars: Outer Rim | Descent: Legends of the Dark | Reign of Cthulhu | Robinson Crusoe: Adventures on the Cursed Island | Arkham Horror: The Card Game | Fury of Dracula (Third/Fourth Edition) | Mice and Mystics | The Thing: The Boardgame | Western Legends | Pandemic Legacy: Season 0 | Pandemic Legacy: Season 1 | Elder Sign | Spirit Island | The Lord of the Rings: Fate of the Fellowship,1.00,override,"Mansions of Madness: Second Edition is a fully co-operative, app-driven board game of horror and mystery for one to five players that takes place in the same universe as Eldritch Horror and Elder Sign. Let the immersive app guide you through the veiled streets of Innsmouth and the haunted corridors of Arkham's cursed mansions as you search for answers and respite. Eight brave investigators stand ready to confront four scenarios of fear and mystery, collecting weapons, tools, and information, solving complex puzzles, and fighting monsters, insanity, and death. Open the door and step inside thes"
263,Mice and Mystics,Thematic / Adventure,,124708,558,7.20255,6.95104,2.7352216748768474,2012,1,4,4,1-4,7,8+,60,90,Jerry Hawthorne,Adventure | Animals | Exploration | Fantasy | Fighting | Miniatures,Area Movement | Cooperative Game | Dice Rolling | Multiple Maps | Role Playing | Scenario / Mission / Campaign Game | Storytelling | Variable Player Powers,Animals: Cockroaches | Animals: Ladybugs / Ladybirds | Animals: Mice | Animals: Rats | Animals: Spiders | Category: Dungeon Crawler | Theme: Anthropomorphic Animals,Elder Sign | Dead of Winter: A Crossroads Game | Stuffed Fables | Mansions of Madness: Second Edition | Gloomhaven | The Lord of the Rings: Journeys in Middle-Earth | Flash Point: Fire Rescue | Eldritch Horror | Forgotten Waters | Near and Far | Descent: Journeys in the Dark (Second Edition) | Robinson Crusoe: Adventures on the Cursed Island | XCOM: The Board Game | Gloomhaven: Jaws of the Lion | Mechs vs. Minions | Sleeping Gods | T.I.M.E Stories | This War of Mine: The Board Game | Ghost Stories | Reign of Cthulhu | The 7th Continent | Destinies | Charterstone | Mage Knight Board Game | Fury of Dracula (Third/Fourth Edition) | Dead of Winter: The Long Night | Pandemic Legacy: Season 1 | Arkham Horror (Third Edition),1.00,auto,"In Mice and Mystics, players take on the roles of those still loyal to the king – but to escape the clutches of Vanestra, they have been turned into mice! Play as cunning field mice who must race through a castle now twenty times larger than before. The castle would be a dangerous place with Vanestra's minions in control, but now countless other terrors also await heroes who are but the size of figs. Play as nimble Prince Collin and fence your way past your foes, or try Nez Bellows, the burly smith. Confound your foes as the wizened old mouse Maginos, or protect your companions as Tilda, the c"
264,Nemesis,Thematic / Adventure,,167355,25,8.25146,7.95131,3.486224869694713,2018,1,5,4-5,1-5,12,14+,90,180,Adam Kwapiński,Adventure | Horror | Miniatures | Science Fiction,Campaign / Battle Card Driven | Cooperative Game | Dice Rolling | Hand Management | Hidden Roles | Interrupts | Modular Board | Player Elimination | Semi-Cooperative Game | Solo / Solitaire Game | Team-Based Game | Traitor Game | Variable Player Powers,Category: Dungeon Crawler | Creatures: Aliens / Extraterrestrials | Crowdfunding: Kickstarter | Crowdfunding: Modian,Nemesis: Lockdown | Cthulhu: Death May Die | Ankh: Gods of Egypt | Unfathomable | Star Wars: Rebellion | Twilight Imperium: Fourth Edition | Eclipse: Second Dawn for the Galaxy | Blood Rage | Rising Sun | Dune: Imperium – Uprising | Gloomhaven | Gloomhaven: Jaws of the Lion | Sleeping Gods | Dune: Imperium | The Great Wall | Mansions of Madness: Second Edition | Dune: War for Arrakis | Beast | Kemet: Blood and Sand | Frostpunk: The Board Game | The Lord of the Rings: Fate of the Fellowship | Nemesis: Retaliation | Cyclades: Legendary Edition | Spirit Island | Slay the Spire: The Board Game | Western Legends | Andromeda's Edge | Star Wars: Outer Rim,1.00,auto,"Playing Nemesis will take you into the heart of sci-fi survival horror in all its terror. A soldier fires blindly down a corridor, trying to stop the alien advance. A scientist races to find a solution in his makeshift lab. A traitor steals the last escape pod in the very last moment. Intruders you meet on the ship are not only reacting to the noise you make but also evolve as the time goes by. The longer the game takes, the stronger they become. During the game, you control one of the crew members with a unique set of skills, personal deck of cards, and individual starting equipment. These he"
265,Pandemic Legacy: Season 1,Thematic / Adventure,,161936,3,8.5033,8.34726,2.827763496143959,2015,2,4,4,2-4,13,12+,60,60,Rob Daviau | Matt Leacock,Environmental | Medical,Action Points | Cooperative Game | Hand Management | Legacy Game | Multi-Use Cards | Point to Point Movement | Scenario / Mission / Campaign Game | Set Collection | Tags | Trading | Variable Player Powers,Medical: Diseases | Occupation: Dispatcher | Occupation: Medic / Doctor / Nurses | Occupation: Researcher / Scientist | Region: The World | Theme: Science | Versions & Editions: Legacy Versions of Non-Legacy Games,Pandemic Legacy: Season 2 | Pandemic Legacy: Season 0 | Pandemic | Spirit Island | The Search for Planet X | T.I.M.E Stories | Galaxy Trucker | The Crew: The Quest for Planet Nine | Clank! Legacy: Acquisitions Incorporated | Iberia | Mechs vs. Minions | Ticket to Ride Legacy: Legends of the West | Dead of Winter: A Crossroads Game | Captain Sonar | Codenames: Duet | Sleeping Gods | Forgotten Waters | Clank!: A Deck-Building Adventure | Chronicles of Crime | Gloomhaven: Jaws of the Lion | Dune: Imperium | Codenames | Scythe | Gloomhaven | Clank! In! Space!: A Deck-Building Adventure | Detective: City of Angels | Sherlock Holmes Consulting Detective: The Thames Murders & Other Cases | Charterstone,1.00,auto,"Pandemic Legacy is a co-operative campaign game, with an overarching story arc played through 12-24 sessions, depending on how well your group does at the game. At the beginning, the game starts in a very similar fashion as basic Pandemic, in which your team of disease-fighting specialists races against the clock to travel around the world, treating disease hot spots while researching cures for each of four plagues before they get out of hand. During a player's turn, they have four actions available, with which they may travel around in the world in various ways (sometimes needing to discard a"
266,Robinson Crusoe: Adventures on the Cursed Island,Thematic / Adventure,,121921,119,7.72222,7.54542,3.8268109908409658,2012,1,4,1-2,1-4,14,12+,60,120,Joanna Kijanka | Ignacy Trzewiczek,Adventure | Exploration | Fighting | Novel-based | Territory Building,Action Queue | Area Movement | Cooperative Game | Dice Rolling | Die Icon Resolution | Events | Hexagon Grid | Map Addition | Movement Points | Narrative Choice / Paragraph | Scenario / Mission / Campaign Game | Solo / Solitaire Game | Tile Placement | Turn Order: Progressive | Variable Player Powers | Worker Placement,Books: Robinson Crusoe | Category: DIZED Tutorial | Islands: Fictional | Theme: Colonial | Theme: Survival | Theme: Tropical | Theme: Tropical Islands,This War of Mine: The Board Game | Spirit Island | Mage Knight Board Game | Gloomhaven | Gloomhaven: Jaws of the Lion | Sleeping Gods | Imperium: Classics | Pandemic Legacy: Season 1 | Twilight Inscription | Imperium: Legends | Dune: Imperium | Aeon's End | The 7th Continent | Pandemic Legacy: Season 0 | Scythe | Forgotten Waters | The Lord of the Rings: Fate of the Fellowship | Civilization: A New Dawn | Dead of Winter: A Crossroads Game | Pandemic Legacy: Season 2 | Mansions of Madness: Second Edition | Frostpunk: The Board Game | Destinies | Alchemists | Roll Player | Terraforming Mars | T.I.M.E Stories | Clank!: A Deck-Building Adventure,1.00,auto,"Robinson Crusoe: Adventures on the Cursed Island is a game that takes the players to a deserted island, where they'll play the parts of shipwreck survivors confronted by an extraordinary adventure. They'll be faced with the challenges of building a shelter, finding food, fighting wild beasts, and protecting themselves from weather changes. The players decide in which direction the game will unfold and – after several in-game weeks of hard work – how their settlement will look. Will they manage to discover the secret of the island in the meantime? Will they find a pirate treasure, or an abandon"
267,Runebound 3rd Edition,Thematic / Adventure,,181530,658,7.46924,6.86951,2.71889400921659,2015,2,4,2,1-3,14,12+,120,180,Lukas Litzsinger,Adventure | Exploration | Fantasy | Fighting,"Action Points | Area Movement | Deck, Bag, and Pool Building | Dice Rolling | Die Icon Resolution | Hexagon Grid | Role Playing | Roll / Spin and Move | Stat Check Resolution | Variable Player Powers | Variable Set-up",Occupation: Adventurer / Explorer | Series: Runebound (Fantasy Flight Games) | Setting: The Realms of Terrinoth | Theme: Wizards,Eldritch Horror | Fallout | Descent: Journeys in the Dark (Second Edition) | Arkham Horror (Third Edition) | Tainted Grail: The Fall of Avalon | Sword & Sorcery: Immortal Souls | Xia: Legends of a Drift System | The Lord of the Rings: Journeys in Middle-Earth | Maximum Apocalypse | Heroes of Terrinoth | This War of Mine: The Board Game | Zona: The Secret of Chernobyl | World of Warcraft: Wrath of the Lich King | Mansions of Madness: Second Edition | Aftermath | Forbidden Stars | Mice and Mystics | DungeonQuest: Revised Edition | Gears of War: The Board Game | Last Aurora | Descent: Legends of the Dark | Roll Player Adventures | Gloomhaven | War of the Ring: The Card Game | City of the Great Machine | Call to Adventure | BattleLore: Second Edition | Battle for Rokugan,1.00,override,"Description from the publisher: Welcome to Terrinoth, adventurer! Runebound is a fantasy adventure board game for two to four players, inviting you to play as one of six heroes wandering the realm and taking whatever quests you may encounter. But all is not well in the realm: evil is awakening once more in the form of Margath the Dragonlord or the Corpse King, Vorakesh. Only you and your rival heroes stand a chance of stopping this threat before all Terrinoth is consumed in darkness. Two distinct scenarios give shape to your adventures in Terrinoth, challenging you to battle undead or outwit a"
268,Sleeping Gods,Thematic / Adventure,,255984,71,8.09312,7.68863,3.2634730538922154,2021,1,4,1-2,1-3,13,12+,60,1200,Ryan Laukat,Adventure | Exploration | Fantasy | Fighting | Nautical,Action Points | Cooperative Game | Events | Hand Management | Narrative Choice / Paragraph | Push Your Luck | Scenario / Mission / Campaign Game | Solo / Solitaire Game | Storytelling,Crowdfunding: Kickstarter | Crowdfunding: Wspieram | Decades: The 1920's | Setting: The Wandering World,Gloomhaven: Jaws of the Lion | Slay the Spire: The Board Game | Spirit Island | Gloomhaven | Destinies | Forgotten Waters | Twilight Inscription | The Lord of the Rings: Fate of the Fellowship | Cthulhu: Death May Die | Pandemic Legacy: Season 0 | Return to Dark Tower | Sleeping Gods: Distant Skies | Pandemic Legacy: Season 1 | Nemesis | Mansions of Madness: Second Edition | Frosthaven | Clank! Legacy: Acquisitions Incorporated | Robinson Crusoe: Adventures on the Cursed Island | Mechs vs. Minions | Vagrantsong | Clank!: Catacombs | Pandemic Legacy: Season 2 | Frostpunk: The Board Game | This War of Mine: The Board Game | Dune: Imperium | The Search for Planet X | The LOOP | Andromeda's Edge,1.00,auto,"""Are the stars unfamiliar here?"" she asked, and the sky grew suddenly dark, the star's patterns alien and exotic. ""This is the Wandering Sea. The gods have brought you here, and you must wake them if you wish to return home."" In Sleeping Gods, you and up to 3 friends become Captain Sofi Odessa and her crew, lost in a strange world in 1929 on your steamship, the Manticore. You must work together to survive, exploring exotic islands, meeting new characters, and seeking out the totems of the gods so that you can return home. Sleeping Gods is a campaign game. Each session can last as long as you w"
269,Star Wars: Imperial Assault,Thematic / Adventure,,164153,85,7.95208,7.64864,3.3024948024948024,2014,2,5,"2, 5",2-5,14,12+,60,120,Justin Kemppainen | Corey Konieczka | Jonathan Ying,Adventure | Exploration | Fighting | Miniatures | Movies / TV / Radio theme | Science Fiction | Wargame,Dice Rolling | Die Icon Resolution | Grid Movement | Line of Sight | Modular Board | Role Playing | Scenario / Mission / Campaign Game | Solo / Solitaire Game | Square Grid | Team-Based Game | Variable Player Powers,Category: Dungeon Crawler | Creatures: Aliens / Extraterrestrials | Movies: Star Wars,Star Wars: Outer Rim | Star Wars: X-Wing Miniatures Game | Star Wars: Rebellion | Descent: Journeys in the Dark (Second Edition) | The Lord of the Rings: Journeys in Middle-Earth | Star Wars: The Clone Wars | Star Wars: Unlimited | Star Wars: Battle of Hoth | Gloomhaven | Star Wars: Destiny | Fallout | Cthulhu: Death May Die | Mansions of Madness: Second Edition | Star Wars: Shatterpoint | The Mandalorian: Adventures | Star Wars: The Deckbuilding Game | Battlestar Galactica: The Board Game | Gloomhaven: Jaws of the Lion | Arkham Horror (Third Edition) | Mice and Mystics | Star Wars: Armada | World of Warcraft: Wrath of the Lich King | Dungeons & Dragons: The Legend of Drizzt Board Game | Dead of Winter: A Crossroads Game | DOOM: The Board Game | Legendary Encounters: An Alien Deck Building Game | Nemesis | Hunt for the Ring,1.00,auto,"Star Wars: Imperial Assault is a strategy board game of tactical combat and missions for two to five players, offering two distinct games of battle and adventure in the Star Wars universe! Imperial Assault puts you in the midst of the Galactic Civil War between the Rebel Alliance and the Galactic Empire after the destruction of the Death Star over Yavin 4. In this game, you and your friends can participate in two separate games. The campaign game pits the limitless troops and resources of the Galactic Empire against a crack team of elite Rebel operatives as they strive to break the Empire&rsqu"
270,Sword & Sorcery,Thematic / Adventure,,170771,542,7.86541,6.96357,4.1211072664359865,2017,1,5,2,1-4,13,12+,60,150,Simone Romano | Nunzio Surace,Adventure | Fantasy | Fighting | Miniatures,Action Points | Area Movement | Cooperative Game | Dice Rolling | Modular Board | Role Playing | Solo / Solitaire Game | Variable Player Powers,Category: Dungeon Crawler | Creatures: Monsters | Crowdfunding: Kickstarter,Sword & Sorcery: Ancient Chronicles | Tainted Grail: The Fall of Avalon | Descent: Legends of the Dark | Runebound (Third Edition) | Oathsworn: Into the Deepwood | Heroes of Terrinoth | Arydia: The Paths We Dare Tread | Chronicles of Drunagor: Age of Darkness | Fateforge: Chronicles of Kaan | Galaxy Defenders | Middara: Unintentional Malum – Act 1 | Etherfields | Stars of Akarios | Fallout | Agemonia | Waste Knights: Second Edition | The Lord of the Rings: Journeys in Middle-Earth | Euthia: Torment of Resurrection | ISS Vanguard | Machina Arcana (Second/Third Edition) | Gears of War: The Board Game | Bloodborne: The Board Game | Tainted Grail: Kings of Ruin | Descent: Journeys in the Dark (Second Edition) | The Isofarian Guard | Folklore: The Affliction | Aftermath | The Elder Scrolls V: Skyrim – The Adventure Game,1.00,override,"The legend begins! Play heroes of epic stature against the forces of evil. Five heroes awoke from the dead and were made immortal to save the kingdom from the rise of darkness. In Sword & Sorcery: Immortal Souls, up to five players control one or more of these legendary characters brought back to life by powerful sorcery, to fight against the forces of evil, controlled by the game itself. Heroes grow stronger during their story-driven quests. Along the battles, they acquire soul points that regenerate their souls, restoring their legendary status with multiple powers, magic and soul weapons, a"
271,Tainted Grail: The Fall of Avalon,Thematic / Adventure,,264220,136,8.02975,7.49826,3.3719165085388996,2019,1,4,1-2,1-3,14,14+,60,120,Krzysztof Piskorski | Marcin Świerkot,Adventure | Exploration | Fantasy | Fighting | Mature / Adult | Medieval | Mythology | Travel,"Area Movement | Campaign / Battle Card Driven | Cooperative Game | Deck, Bag, and Pool Building | Dice Rolling | Hand Management | Map Addition | Modular Board | Narrative Choice / Paragraph | Role Playing | Scenario / Mission / Campaign Game | Solo / Solitaire Game | Storytelling | Variable Player Powers",Crowdfunding: Kickstarter | Theme: King Arthur / The Knights of the Round Table / Camelot,ISS Vanguard | Etherfields | Descent: Legends of the Dark | Oathsworn: Into the Deepwood | Tainted Grail: Kings of Ruin | This War of Mine: The Board Game | Frostpunk: The Board Game | Fateforge: Chronicles of Kaan | The Lord of the Rings: Journeys in Middle-Earth | Sleeping Gods | Nemesis: Lockdown | Frosthaven | Gloomhaven | Cthulhu: Death May Die | Stars of Akarios | Gloomhaven: Jaws of the Lion | Bloodborne: The Board Game | Arydia: The Paths We Dare Tread | Mansions of Madness: Second Edition | Destinies | Nemesis | The 7th Citadel | Middara: Unintentional Malum – Act 1 | Roll Player Adventures | Mage Knight: Ultimate Edition | Too Many Bones | The Isofarian Guard | Chronicles of Drunagor: Age of Darkness,1.00,auto,"Tainted Grail: the Fall of Avalon is an unforgettable, solo or cooperative adventure experience for 1-4 players. Blending Arthurian legends and Celtic mythology with a unique vision, it allows you to impact the game world in deep and meaningful ways. A deep, branching storyline allows you to tackle problems in different ways, ensuring no two games play alike. Difficult decisions or harrowing choices wait behind every corner and seemingly minor tasks may reverberate with major long-term consequences. In a land slowly sinking into the Wyrdness and torn apart by conﬂict; surviving each day is a c"
272,Thunderstone Advance,Thematic / Adventure,,116998,952,7.31104,6.6775,2.745967741935484,2012,1,5,3,1-4,12,12+,45,45,Edward Bolme | Mike Elliott | Mark Wootton,Card Game | Fantasy,"Deck, Bag, and Pool Building | Hand Management | Open Drafting",,Thunderstone Advance: Numenera | Thunderstone: Starter Set | Thunderstone | Thunderstone Advance: Worlds Collide | Thunderstone Quest | Dragonfire | Thunderstone: Dragonspire | Nightfall | XenoShyft: Onslaught | Pathfinder Adventure Card Game: Rise of the Runelords – Base Set | Yggdrasil | Claustrophobia | Shadowrun: Crossfire | Ascension: Deckbuilding Game | Core Worlds | Defenders of the Realm | Quarriors! | Mage Knight Board Game | Sentinels of the Multiverse | Legendary Encounters: An Alien Deck Building Game | Space Hulk: Death Angel – The Card Game | Warhammer Quest: The Adventure Card Game | Pathfinder Adventure Card Game: Skull & Shackles – Base Set | Among the Stars | Space Alert | Eminent Domain | Edge of Darkness | Ghost Stories,1.00,override,"In Thunderstone: Heart of Doom, you had a chance to face Doom's very heart, the eighth Thunderstone, and defeat the ancient evil – but winning that battle had unexpected consequences. It banished Doom, but also freed him to visit other worlds, so you advanced to the next world with him. Thunderstone Advance: Towers of Ruin, which is fully compatible with all previous Thunderstone offerings, is the next stop in your adventure. In Thunderstone Advance you build your party of heroes to defeat the dreaded Thunderstone Bearers in their dungeons or wilderness. The player who defeats the most valuabl"
273,A Feast for Odin,Heavy Strategy,,177736,27,8.16203,7.94158,3.870748299319728,2016,1,4,3,1-4,12,12+,30,120,Uwe Rosenberg,Animals | Farming | Industry / Manufacturing | Medieval | Puzzle,Action Points | Automatic Resource Growth | Dice Rolling | Enclosure | Grid Coverage | Hand Management | Income | Layering | Pattern Recognition | Push Your Luck | Solo / Solitaire Game | Square Grid | Tile Placement | Turn Order: Pass Order | Worker Placement,Animals: Cattle / Cows | Animals: Fish / Fishes | Animals: Moose / Elk | Animals: Sheep | Country: Iceland | Country: Norway | History: Viking Expansion | Islands: Greenland (Denmark) | Mythology: Norse | Occupation: Farmer | Region: Arctic | Series: Harvest (Uwe Rosenberg) | Theme: Food / Cooking | Theme: Vikings,Teotihuacan: City of Gods | Clans of Caledonia | Ark Nova | Caverna: The Cave Farmers | Great Western Trail | Beyond the Sun | Obsession | Orléans | Gaia Project | Great Western Trail: Second Edition | Yokohama | Maracaibo | Underwater Cities | Concordia | Tzolk'in: The Mayan Calendar | Carnegie | Viticulture Essential Edition | Age of Innovation | Tapestry | Terraforming Mars | Terra Mystica | Brass: Birmingham | Fields of Arle | Architects of the West Kingdom | Anachrony | Revive | Darwin's Journey | The Gallerist,1.00,auto,"A Feast for Odin is a saga in the form of a board game. You are reliving the cultural achievements, mercantile expeditions, and pillages of those tribes we know as Viking today — a term that was used quite differently towards the end of the first millennium. When the northerners went out for a raid, they used to say they headed out for a viking. Their Scandinavian ancestors, however, were much more than just pirates. They were explorers and founders of states. Leif Eriksson is said to be the first European in America, long before Columbus. In what is known today as Normandy, the intruders were"
274,Antiquity,Heavy Strategy,,13122,435,7.83187,7.05961,4.32311320754717,2004,2,4,2-3,2-4,14,14+,120,180,Jeroen Doumen | Joris Wiersinga,City Building | Civilization | Economic | Environmental | Medieval,Grid Coverage | Hexagon Grid | Modular Board | Square Grid | Tile Placement | Trading,,Indonesia | Age of Steam | The Great Zimbabwe | Horseless Carriage | Roads & Boats | Container | Food Chain Magnate | Bus | Railways of the Lost Atlas | Arkwright | Wildcatters | Tramways | Iberian Gauge | 1830: Railways & Robber Barons | Pax Pamir: Second Edition | Shikoku 1889 | Wabash Cannonball | Brass: Lancashire | Pax Porfiriana | Pax Transhumanity | Rise & Fall | Chicago 1875: City of the Big Shoulders | Greed Incorporated | Automobile | 1846: The Race for the Midwest | 18Lilliput | Age of Industry | Three Kingdoms Redux,1.00,auto,"From the Manufacturer: ""These fields no longer yield grain the way they used to,"" complains the farmer. ""We should settle new lands before our food runs out. Why don't we start farming olives, like our neighbors?"" The cart-driver nods: ""Ever since them city folks started worshiping San Giorgio I have to travel further and further to new building sites. I'm on my way now to the new inn they built. I'll change horses there and deliver this load,"" he gestures towards the pile of wood in the cart with his head ""to the sea beyond. Gonna start some fisheries there. It is said we'll conquer those oli"
275,Ark Nova,Heavy Strategy,,342942,2,8.54086,8.35494,3.7974887314874435,2021,1,4,2,1-3,14,14+,90,150,Mathias Wigge,Animals | Card Game | Environmental,Contracts | End Game Bonuses | Events | Grid Coverage | Hand Management | Hexagon Grid | Income | Increase Value of Unchosen Resources | Open Drafting | Race | Set Collection | Solo / Solitaire Game | Tags | Tile Placement | Track Movement | Variable Player Powers | Variable Set-up,"Animals: Okapi | Continents: Africa | Continents: Asia | Continents: Europe | Continents: North America | Continents: South America | Country: Australia | Theme: Biology | Theme: Ecology | Theme: Science | Theme: Zoos, Aquaria, Safari Parks",Lost Ruins of Arnak | Obsession | Terraforming Mars | Revive | A Feast for Odin | Great Western Trail: Second Edition | Underwater Cities | Viticulture Essential Edition | Darwin's Journey | Tapestry | The White Castle | Architects of the West Kingdom | SETI: Search for Extraterrestrial Intelligence | Beyond the Sun | Dune: Imperium | Scythe | Earth | Anachrony | Teotihuacan: City of Gods | Orléans | Great Western Trail | Maracaibo | Brass: Birmingham | Wingspan | Galactic Cruise | Planet Unknown | Gaia Project | Paladins of the West Kingdom,1.00,auto,"In Ark Nova, you will plan and design a modern, scientifically managed zoo. With the ultimate goal of owning the most successful zoological establishment, you will build enclosures, accommodate animals, and support conservation projects all over the world. Specialists and unique buildings will help you in achieving this goal. Each player has a set of five action cards to manage their gameplay, and the power of an action is determined by the slot the card currently occupies. The cards in question are: CARDS: Allows you to gain new zoo cards (animals, sponsors, and conservation project cards). B"
276,Arkwright,Heavy Strategy,,154825,855,7.78612,6.73087,4.588424437299035,2014,2,4,4,2-4,12,14+,120,240,Stefan Risthaus,Economic | Industry / Manufacturing,Commodity Speculation | Contracts | End Game Bonuses | Events | Income | Investment | Loans | Market | Simulation | Stock Holding | Tech Trees / Tech Tracks | Tile Placement | Turn Order: Stat-Based | Variable Phase Order | Variable Set-up | Victory Points as a Resource | Worker Placement,Country: England | Crowdfunding: Modian | History: Industrial Revolution,Wildcatters | Chicago 1875: City of the Big Shoulders | Tramways | Antiquity | Horseless Carriage | Panamax | Food Chain Magnate | Age of Steam | Imperial Steam | Pipeline | Roads & Boats | Brass: Lancashire | Automobile | Indonesia | The Cost | 18Lilliput | Small City: Deluxe Edition | Three Kingdoms Redux | The Great Zimbabwe | Lignum (Second Edition) | Railways of the Lost Atlas | Coffee Traders | Tycoon: India 1981 | Clinic: Deluxe Edition | Container | Dominant Species | Container: 10th Anniversary Jumbo Edition! | Madeira,1.00,auto,"In Arkwright players run up to four factories in England during the late 18th Century. Your goal is to have the most valuable block of own shares. Thus, you must increase your share value and buy shares from the bank. To run the factories, you need workers. When hiring Workers, demand is automatically created. But of course you want to replace your expensive workers (wage 2-5) by machines (1). To have more output from your factories you may employ new Workers or improve your factory to the next technical level. You fix the price for your goods during an action round. To enhance your chances of"
277,Barrage,Heavy Strategy,,251247,40,8.13584,7.83687,4.113841113841114,2019,1,4,4,2-4,14,14+,90,180,Tommaso Battista | Simone Luciani,Economic | Environmental | Industry / Manufacturing,Contracts | End Game Bonuses | Income | Network and Route Building | Ownership | Solo / Solitaire Game | Turn Order: Stat-Based | Variable Player Powers | Variable Set-up | Worker Placement,Crowdfunding: Kickstarter | Occupation: Architect | Theme: Art style – Art Deco | Theme: Dieselpunk | Theme: Electricity Generation,Carnegie | Gaia Project | Age of Innovation | Brass: Birmingham | On Mars | The Gallerist | Nucleum | Trickerion: Legends of Illusion | Skymines | Great Western Trail: New Zealand | Lisboa | Great Western Trail: Argentina | Kanban EV | Darwin's Journey | Terra Mystica | Clans of Caledonia | A Feast for Odin | Great Western Trail | Through the Ages: A New Story of Civilization | Teotihuacan: City of Gods | Vinhos: Deluxe Edition | Great Western Trail: Second Edition | Anachrony | Underwater Cities | Beyond the Sun | Maracaibo | Tzolk'in: The Mayan Calendar | Endeavor: Age of Sail,1.00,auto,"In the dystopic 1930s, the industrial revolution pushed the exploitation of fossil-based resources to the limit, and now the only thing powerful enough to quench the thirst for power of the massive machines and of the unstoppable engineering progress is the unlimited hydroelectric energy provided by the rivers. Barrage is a resource management strategic game in which players compete to build their majestic dams, raise them to increase their storing capacity, and deliver all the potential power through pressure tunnels connected to the energy turbines of their powerhouses. Each player represent"
278,Brass: Birmingham,Heavy Strategy,,224517,1,8.56543,8.39393,3.8625792811839323,2018,2,4,3-4,2-4,14,14+,60,120,Gavan Brown | Matt Tolman | Martin Wallace,Age of Reason | Economic | Industry / Manufacturing | Post-Napoleonic | Trains | Transportation,Chaining | End Game Bonuses | Hand Management | Income | Loans | Market | Multi-Use Cards | Network and Route Building | Ownership | Tags | Tech Trees / Tech Tracks | Tile Placement | Turn Order: Stat-Based | Variable Set-up,Cities: Birmingham (England) | Country: England | Country: United Kingdom | Crowdfunding: Kickstarter | Crowdfunding: Spieleschmiede | Food & Drink: Beer | History: Industrial Revolution | Occupation: Engineer | Organizations: The Game Artisans of Canada | Theme: Canals,Gaia Project | Barrage | Great Western Trail: New Zealand | On Mars | Great Western Trail: Second Edition | Hegemony: Lead Your Class to Victory | Kanban EV | Age of Innovation | Great Western Trail: Argentina | Terraforming Mars | Trickerion: Legends of Illusion | A Feast for Odin | Dune: Imperium | Concordia Venus | Through the Ages: A New Story of Civilization | The Gallerist | Ark Nova | Great Western Trail | Scythe | Carnegie | SETI: Search for Extraterrestrial Intelligence | Underwater Cities | Dune: Imperium – Uprising | Beyond the Sun | Terra Mystica | Agricola (Revised Edition) | Nucleum | Endeavor: Age of Sail,1.00,auto,"Brass: Birmingham is an economic strategy game sequel to Martin Wallace's 2007 masterpiece, Brass. Brass: Birmingham tells the story of competing entrepreneurs in Birmingham during the industrial revolution between the years of 1770 and 1870. It offers a very different story arc and experience from its predecessor. As in its predecessor, you must develop, build and establish your industries and network in an effort to exploit low or high market demands. The game is played over two halves: the canal era (years 1770-1830) and the rail era (years 1830-1870). To win the game, score the most VPs. V"
279,Dominant Species,Heavy Strategy,,62219,113,7.80202,7.55365,4.044712990936556,2010,2,6,4,3-6,14,14+,120,240,Chad Jensen,Animals | Environmental | Prehistoric,Action Drafting | Action Queue | Area Majority / Influence | End Game Bonuses | Grid Movement | Hexagon Grid | Map Addition | Take That | Tile Placement | Turn Order: Claim Action | Variable Player Powers | Worker Placement,Animals: Prehistoric Non-Dinosaurs | Theme: Biology | Theme: Evolution | Theme: Nature | Theme: Science,Brass: Lancashire | Power Grid | Through the Ages: A New Story of Civilization | Food Chain Magnate | Imperial 2030 | Terra Mystica | Eclipse: New Dawn for the Galaxy | Agricola | Twilight Struggle | Hansa Teutonica | Die Macher | Pax Pamir: Second Edition | Gaia Project | Glory to Rome | Keyflower | Archipelago | Dominant Species: Marine | Steam | Race for the Galaxy | Brass: Birmingham | Shogun | Le Havre | Hegemony: Lead Your Class to Victory | Nations | Great Western Trail | Puerto Rico | Troyes | Tammany Hall,1.00,auto,"90,000 B.C. — A great ice age is fast approaching. Another titanic struggle for global supremacy has unwittingly commenced between the varying animal species. Dominant Species is a game that abstractly recreates a tiny portion of ancient history: the ponderous encroachment of an ice age and what that entails for the living creatures trying to adapt to the slowly-changing earth. Each player will assume the role of one of six major animal classes—mammal, reptile, bird, amphibian, arachnid, or insect. Each begins the game more or less in a state of natural balance in relation to one another. But "
280,Dune: Imperium – Uprising,Heavy Strategy,,397598,5,8.70108,8.2334,3.5255731922398588,2023,1,6,4,"1-4, 6",13,14+,60,120,Paul Dennen,Movies / TV / Radio theme | Novel-based | Science Fiction,"Automatic Resource Growth | Card Play Conflict Resolution | Contracts | Deck, Bag, and Pool Building | Delayed Purchase | Force Commitment | Increase Value of Unchosen Resources | Multi-Use Cards | Open Drafting | Solo / Solitaire Game | Team-Based Game | Turn Order: Progressive | Variable Player Powers | Worker Placement",Books: Dune,Dune: Imperium | Eclipse: Second Dawn for the Galaxy | Scythe | Spirit Island | Clank!: Catacombs | Brass: Birmingham | Blood Rage | The Lord of the Rings: Duel for Middle-earth | Root | Great Western Trail: Second Edition | Andromeda's Edge | Hegemony: Lead Your Class to Victory | Terraforming Mars | Cyclades: Legendary Edition | Wonderland's War | Arcs | Twilight Imperium: Fourth Edition | Ankh: Gods of Egypt | SETI: Search for Extraterrestrial Intelligence | Rising Sun | Kemet: Blood and Sand | Nemesis | Tyrants of the Underdark | Ark Nova | Viticulture Essential Edition | Everdell | Galaxy Trucker (Second Edition) | Gaia Project,1.00,auto,"In Dune: Imperium Uprising, you want to continue to balance military might with political intrigue, wielding new tools in pursuit of victory. Spies will shore up your plans, vital contracts will expand your resources, or you can learn the ways of the Fremen and ride mighty sandworms into battle! Dune: Imperium Uprising is a standalone spinoff to Dune: Imperium that expands on that game's blend of deck-building and worker placement, while introducing a new six-player mode that pits two teams against one other in the biggest struggle yet. The Dune: Imperium expansions Rise of Ix and Immortality "
281,Food Chain Magnate,Heavy Strategy,,175914,49,8.03876,7.77529,4.188118811881188,2015,2,5,3-4,2-5,14,14+,120,240,Jeroen Doumen | Joris Wiersinga,Economic | Industry / Manufacturing,Delayed Purchase | Income | Market | Modular Board | Open Drafting | Simultaneous Action Selection | Tech Trees / Tech Tracks | Victory Points as a Resource,"Crowdfunding: Gamefound | Decades: The 1950's | Food & Drink: Beer | Food & Drink: Burgers | Food & Drink: Pizza | Theme: Business/Management | Theme: Food / Cooking | Theme: Pub, Bars, Bistros... | Theme: Retro",Brass: Lancashire | Pax Pamir: Second Edition | Pipeline | Dominant Species | Horseless Carriage | Three Kingdoms Redux | Chicago 1875: City of the Big Shoulders | Age of Steam | Power Grid | Antiquity | Hansa Teutonica | Container: 10th Anniversary Jumbo Edition! | Bus | Keyflower | Dominant Species: Marine | Brass: Birmingham | Hegemony: Lead Your Class to Victory | Barrage | Through the Ages: A New Story of Civilization | The Gallerist | Imperial 2030 | Sidereal Confluence | Glory to Rome | Terra Mystica | John Company: Second Edition | Iberian Gauge | Gaia Project | Roads & Boats,1.00,auto,"""Lemonade? They want lemonade? What is the world coming to? I want commercials for burgers on all channels, every 15 minutes. We are the Home of the Original Burger, not a hippie health haven. And place a billboard next to that new house on the corner. I want them craving beer every second they sit in their posh new garden."" The new management trainee trembles in front of the CEO and tries to politely point out that... ""How do you mean, we don't have enough staff? The HR director reports to you. Hire more people! Train them! But whatever you do, don't pay them any real wages. I did not go into"
282,Kanban EV,Heavy Strategy,,284378,45,8.3807,7.80367,4.289703315881327,2020,1,4,3,1-4,14,14+,60,180,Vital Lacerda,Economic | Industry / Manufacturing,Action Points | Hand Management | Variable Phase Order | Worker Placement,Crowdfunding: Kickstarter | Theme: Automotive Industry,On Mars | The Gallerist | Escape Plan | Weather Machine | Speakeasy | Lisboa | Trickerion: Legends of Illusion | Inventions: Evolution of Ideas | Nucleum | Great Western Trail: New Zealand | Vinhos: Deluxe Edition | Brass: Birmingham | Carnegie | Great Western Trail: Argentina | Shackleton Base: A Journey to the Moon | Barrage | Gaia Project | Civolution | SETI: Search for Extraterrestrial Intelligence | A Feast for Odin | Underwater Cities | Evacuation | Age of Innovation | Anachrony | Hegemony: Lead Your Class to Victory | Skymines | Great Western Trail: Second Edition | Paladins of the West Kingdom,1.00,auto,"Electric vehicles (EVs) have become more common since 2014 and are the future of the automobile industry. They are superior vehicles due to them being more efficient, easier to maintain, cleaner, and cheaper to run. They are computerized machines that use AI to improve safety and in the near future will provide autonomous driving. They receive software upgrades during their lifetime and are constantly improving, unlike their traditional combustion-engine counterparts, which start to become obsolete as soon as you start using them. You will be overseeing the production of these vehicles in Kanb"
283,Mage Knight: Ultimate Edition,Heavy Strategy,,248562,39,8.84456,7.97526,4.654798761609907,2018,1,5,1,1-3,14,14+,150,150,Vlaada Chvátil | Paul Grogan | Phil Pettifer,Adventure | Exploration | Fantasy | Fighting,"Card Play Conflict Resolution | Cooperative Game | Deck, Bag, and Pool Building | Dice Rolling | Grid Movement | Hand Management | Modular Board | Open Drafting | Role Playing | Solo / Solitaire Game | Tile Placement | Variable Player Powers",Setting: Mage Knight | Versions & Editions: Big Box Versions of Individual Games,Imperium: Legends | Gloomhaven: Jaws of the Lion | Too Many Bones | Imperium: Classics | This War of Mine: The Board Game | Frostpunk: The Board Game | Imperium: Horizons | Gloomhaven | Tainted Grail: The Fall of Avalon | ISS Vanguard | Aeon's End | Earthborne Rangers | Frosthaven | Robinson Crusoe: Adventures on the Cursed Island | Sleeping Gods | The Lord of the Rings: Journeys in Middle-Earth | Mage Knight Board Game | Gloomhaven: Buttons & Bugs | Oathsworn: Into the Deepwood | Tiny Epic Dungeons | Spirit Island | Sleeping Gods: Distant Skies | The Elder Scrolls: Betrayal of the Second Era | Slay the Spire: The Board Game | Cthulhu: Death May Die | Voidfall | Nemesis | The Lord of the Rings: Fate of the Fellowship,1.00,auto,"Combining elements of RPGs, deck-building, and traditional board games, the Mage Knight Board Game puts you in control of one of seven powerful Mage Knights as you explore (and conquer) a corner of the Mage Knight universe under the control of the Atlantean Empire. Build your army, fill your deck with powerful spells and actions, explore caves and dungeons, and eventually conquer powerful cities controlled by this once-great faction! In competitive scenarios, opposing players may be powerful allies, but only one will be able to claim the land as their own. In cooperative scenarios, the players"
284,Paths of Glory,Heavy Strategy,,91,261,8.06882,7.25358,3.8632478632478633,1999,2,2,2,2,14,14+,480,480,Ted Raicer,Wargame | World War I,Campaign / Battle Card Driven | Dice Rolling | Point to Point Movement,Continents: Europe | Country: France | Region: Middle East | Series: Paths of Glory (GMT) | War Level of Command: Strategic,"For the People | Empire of the Sun: The Pacific War 1941-1945 | Washington's War | Caesar: Rome vs. Gaul | Wilderness War | Sword of Rome: Conquest of Italy, 362-272 BC | Churchill | Here I Stand: 500th Anniversary Edition | Fire in the Lake | Downfall: Conquest of the Third Reich, 1942-1945 | Labyrinth: The War on Terror, 2001 – ? | Imperial Struggle | Almoravid: Reconquista and Riposte in Spain 1085-1086 | Hannibal & Hamilcar | Pursuit of Glory | Unconditional Surrender! World War 2 in Europe | Triumph & Tragedy: European Balance of Power 1936-1945 | Successors (Fourth Edition) | Europe in Turmoil II: The Interbellum Years 1920-1939 | WW2: Barbarossa to Berlin | Cataclysm: A Second World War | Tanto Monta: The Rise of Ferdinand & Isabella 1470-1516 | Pax Romana | Virgin Queen | The U.S. Civil War | Here I Stand | Nevsky: Teutons and Rus in Collision 1240-1242 | Hearts and Minds: Vietnam 1965-1975 (Third Edition)",1.00,auto,"(from GMT Games' website:) They called it the Great War. In over four years of titanic struggle, the ancient Europe of Kings and Emperors tore itself to pieces, giving birth to our own violent modern age. The bloody battles fought in the trenches of the Western Front, the icy plains of Poland, the mountains of the Balkans, and the deserts of Arabia, shaped the world we know today. We are all orphans of the Great War. Paths of Glory: The First World War, designed by six-time Charles S. Roberts awards winner, Ted Raicer, allows players to step into the shoes of the monarchs and marshals who triu"
285,Pax Renaissance,Heavy Strategy,,198953,835,7.96083,6.74202,4.468879668049793,2016,2,4,3,2-4,12,14+,60,120,Phil Eklund | Matt Eklund,Educational | Pike and Shot | Religious | Renaissance,Action Points | Auction: Dutch | Increase Value of Unchosen Resources | Market | Open Drafting | Simulation,"Cities: Venice (Veneto, Italy) | History: Holy Roman Empire | Series: Pax","Pax Porfiriana | Pax Pamir | Pax Renaissance: 2nd Edition | Wir sind das Volk! | Sekigahara: The Unification of Japan | Maria | Pax Pamir: Second Edition | John Company: Second Edition | John Company | Pax Transhumanity | Struggle of Empires | Twilight Struggle | Bios: Origins (Second Edition) | Bios: Megafauna (Second Edition) | Roads & Boats | Die Macher | Pax Viking | Cuba Libre | Dominant Species | Antiquity | Time of Crisis: The Roman Empire in Turmoil, 235-284 AD | A Study in Emerald | Imperial | Princes of the Renaissance | Food Chain Magnate | Polis | Tammany Hall | A Gest of Robin Hood",1.00,auto,"As a Renaissance banker, you will finance kings or republics, sponsor voyages of discovery, join secret cabals, or unleash jihads and inquisitions. Your choices determine whether Europe is elevated into the bright modern era or remains festering in dark feudalism. In Pax Renaissance, you have two actions each turn. As in other Pax games, you can acquire cards in a market, sell them out of the game, or play them into your tableau. You can also stimulate the economy by running trade fairs and trading voyages for Oriental goods. A map of Europe with trade routes from Portugal to Crimea is include"
286,Spirit Island: Jagged Earth,Heavy Strategy,,262722,,9.32749,8.19358,4.524475524475524,2020,1,6,2-3,1-5,13,14+,90,120,R. Eric Reuss,Expansion for Base-game | Fantasy | Fighting | Mythology | Territory Building,Area Majority / Influence | Cooperative Game | Hand Management | Modular Board | Set Collection | Simultaneous Action Selection | Variable Player Powers,Crowdfunding: Kickstarter,Horizons of Spirit Island | Mage Knight: Ultimate Edition | Spirit Island | Imperium: Legends | Too Many Bones | Gloomhaven: Jaws of the Lion | Sleeping Gods: Distant Skies | Frosthaven | Imperium: Horizons | Slay the Spire: The Board Game | Everdell: The Complete Collection | Earthborne Rangers | Sleeping Gods | Wingspan Asia | Aeon's End: War Eternal | Gloomhaven | Gloomhaven: Buttons & Bugs | The Castles of Burgundy: Special Edition | Puerto Rico 1897: Special Edition | The Castles of Burgundy | Dune: Imperium – Uprising | Root | Aeon's End,1.00,auto,"The battle against the colonizing invaders rages on! Known Spirits adopt different Aspects to battle the Invaders, and new Spirits join the fray. Some transform the island, making it hazardous and deadly to all humanity, while others work with the Dahan to fight back in other ways. Hard choices confront the Spirits, and even Stone's Unyielding Defiance must weigh trade-offs. Jagged Earth is an expansion for the base game of Spirit Island. No other expansions are required to use it, though it is best balanced when combined with the Branch & Claw expansion. GAME COMPONENTS 3 New Scenarios 10 New"
287,The Gallerist,Heavy Strategy,,125153,81,8.0015,7.65447,4.21087160262418,2015,1,4,3-4,1-4,13,14+,60,150,Vital Lacerda,Economic,"Commodity Speculation | Contracts | Investment | Open Drafting | Point to Point Movement | Resource to Move | Set Collection | Solo / Solitaire Game | Victory Points as a Resource | Worker Placement | Worker Placement, Different Worker Types",Crowdfunding: Giochistarter | Crowdfunding: Kickstarter | Crowdfunding: Spieleschmiede | Theme: Art | Theme: Fine Art and Art Museums | Theme: Painting / Paintings,Lisboa | Carnegie | Kanban EV | On Mars | Vinhos: Deluxe Edition | Trickerion: Legends of Illusion | Barrage | Escape Plan | Gaia Project | Brass: Birmingham | Great Western Trail: New Zealand | Nucleum | A Feast for Odin | Weather Machine | Underwater Cities | Fields of Arle | Great Western Trail: Argentina | Yokohama | Le Havre | Coffee Traders | Skymines | Evacuation | Great Western Trail | Inventions: Evolution of Ideas | Teotihuacan: City of Gods | Age of Innovation | Clans of Caledonia | Hallertau,1.00,auto,"This age of art and capitalism has created a need for a new occupation - The Gallerist. Combining the elements of an Art dealer, museum curator, and Artists&rsquo; manager, you are about to take on that job! You will promote and nurture Artists; buy, display, and sell their Art; and build and exert your international reputation. As a result, you will achieve the respect needed to draw visitors to your Gallery from all over the world. There's a lot of work to be done, but don't worry, you can hire assistants to help you achieve your goals. Build your fortune by running the most lucrative Galler"
288,Through the Ages: A New Story of Civilization,Heavy Strategy,,182028,18,8.24794,8.01457,4.442340791738382,2015,2,4,3,2-4,14,14+,120,120,Vlaada Chvátil,Card Game | Civilization | Economic,Action Points | Auction / Bidding | Auction: Dutch | Events | Income | Open Drafting | Player Elimination | Tags | Take That,Historical Figures: Various | Theme: Colonial,Terra Mystica | Gaia Project | Terraforming Mars | Great Western Trail | Brass: Birmingham | Agricola | Barrage | Caverna: The Cave Farmers | Age of Innovation | Scythe | Dominant Species | Beyond the Sun | Concordia | Race for the Galaxy | Power Grid | Great Western Trail: Second Edition | Puerto Rico | Tzolk'in: The Mayan Calendar | A Feast for Odin | Dune: Imperium | Hegemony: Lead Your Class to Victory | Agricola (Revised Edition) | Troyes | The Castles of Burgundy | Keyflower | Concordia Venus | Le Havre | Alchemists,1.00,auto,"Through the Ages: A New Story of Civilization is the new edition of Through the Ages: A Story of Civilization, with many changes small and large to the game's cards over its three ages and extensive changes to how military works. Through the Ages (TTA) is a civilization building game. Each player attempts to build the best civilization through careful resource management, and by: discovering new technologies, electing competent leaders, building wonders and maintaining a strong military. Weakness in any area can be exploited by your opponents. The game takes place throughout the ages, beginnin"
289,Twilight Imperium 4th Edition,Heavy Strategy,,233078,7,8.56494,8.21945,4.352011494252873,2017,3,6,6,3-6,14,14+,240,480,Dane Beltrami | Corey Konieczka | Christian T. Petersen,Civilization | Economic | Exploration | Negotiation | Political | Science Fiction | Space Exploration | Territory Building | Wargame,Action Drafting | Area-Impulse | Dice Rolling | Follow | Grid Movement | Hexagon Grid | Increase Value of Unchosen Resources | King of the Hill | Modular Board | Movement Points | Race | Tech Trees / Tech Tracks | Trading | Variable Phase Order | Variable Player Powers | Variable Set-up | Voting,,Eclipse: Second Dawn for the Galaxy | Star Wars: Rebellion | Root | Dune | Rising Sun | Blood Rage | Kemet: Blood and Sand | Arcs | Dune: Imperium – Uprising | Ankh: Gods of Egypt | Nemesis | Scythe | A Game of Thrones: The Board Game (Second Edition) | Dune: Imperium | War of the Ring: Second Edition | A War of Whispers | Hegemony: Lead Your Class to Victory | Civilization: A New Dawn | Spirit Island | Dune: War for Arrakis | Gloomhaven | Battlestar Galactica: The Board Game | Inis | Forbidden Stars | Tyrants of the Underdark | Cosmic Encounter | Chaos in the Old World | Clash of Cultures: Monumental Edition,1.00,override,"Twilight Imperium (Fourth Edition) is a game of galactic conquest in which three to six players each take on the role of one of seventeen factions vying for galactic domination through military might, political maneuvering, and economic bargaining. Every faction offers a completely different play experience, from the wormhole-hopping Ghosts of Creuss to the Emirates of Hacan, masters of trade and economics. These seventeen races are offered many paths to victory, but only one may sit upon the throne of Mecatol Rex as the new masters of the galaxy. No two games of Twilight Imperium are ever ide"
290,Twilight Struggle,Heavy Strategy,,12333,14,8.22954,8.04114,3.614669926650367,2005,2,2,2,2,13,14+,120,180,Ananda Gupta | Jason Matthews,Modern Warfare | Political | Wargame,Action / Event | Advantage Token | Area Majority / Influence | Campaign / Battle Card Driven | Dice Rolling | Events | Hand Management | Simulation | Simultaneous Action Selection | Stat Check Resolution | Sudden Death Ending | Tug of War | Variable Player Powers | Variable Set-up,Continents: Asia | Country: Soviet Union | Country: USA | History: Cold War | Political: NATO | Region: The World | Series: Twilight Struggle | Theme: Nuclear option | War Level of Command: Grand Strategy,"Sekigahara: The Unification of Japan | 1960: The Making of the President | Dominant Species | War of the Ring: Second Edition | A Few Acres of Snow | Dune | Pax Pamir: Second Edition | Undaunted: Normandy | John Company: Second Edition | Through the Ages: A New Story of Civilization | Cuba Libre | Imperial 2030 | 13 Days: The Cuban Missile Crisis, 1962 | Struggle of Empires | Eclipse: New Dawn for the Galaxy | A Gest of Robin Hood | Dominant Species: Marine | Hegemony: Lead Your Class to Victory | Die Macher | Polis | Power Grid | Twilight Struggle: Red Sea – Conflict in the Horn of Africa | Twilight Imperium: Fourth Edition | Root | Shogun | Brass: Lancashire | Battlestar Galactica: The Board Game | Food Chain Magnate",1.00,auto,"Now the trumpet summons us again, not as a call to bear arms, though arms we need; not as a call to battle, though embattled we are – but a call to bear the burden of a long twilight struggle. – John F. Kennedy In 1945, unlikely allies toppled Hitler's war machine, while humanity's most devastating weapons forced the Japanese Empire to its knees in a storm of fire. Where once there stood many great powers, there then stood only two. The world had scant months to sigh its collective relief before a new conflict threatened. Unlike the titanic struggles of the preceding decades, this conflict wou"
291,War of the Ring: 2nd Edition,Heavy Strategy,,115746,8,8.5523,8.1984,4.223350253807107,2011,2,4,2,2,13,14+,150,240,Roberto Di Meglio | Marco Maggi | Francesco Nepitello,Fantasy | Fighting | Novel-based | Territory Building | Wargame,Area Majority / Influence | Area Movement | Campaign / Battle Card Driven | Card Play Conflict Resolution | Dice Rolling | Events | Hand Management | Movement Points | Team-Based Game | Variable Player Powers | Variable Set-up,Authors: J.R.R. Tolkien | Category: DIZED Tutorial | Creatures: Monsters | Series: War of the Ring (Nexus/Ares Games) | Theme: Medieval Fantasy | Theme: Wizards,Dune: War for Arrakis | Star Wars: Rebellion | Twilight Imperium: Fourth Edition | Dune | A Game of Thrones: The Board Game (Second Edition) | Undaunted: Normandy | Clash of Cultures: Monumental Edition | Twilight Struggle | War of the Ring: The Card Game | Forbidden Stars | Eclipse: Second Dawn for the Galaxy | The Battle of Five Armies | Rising Sun | Cyclades | Root | Sid Meier's Civilization: The Board Game | Undaunted: Stalingrad | Spartacus: A Game of Blood and Treachery | Fury of Dracula (Third/Fourth Edition) | Battlestar Galactica: The Board Game | Kemet: Blood and Sand | Nemesis | Civilization: A New Dawn | Ankh: Gods of Egypt | Merchants & Marauders | Chaos in the Old World | Blood Rage | Undaunted: North Africa,1.00,override,"In War of the Ring, one player takes control of the Free Peoples (FP) while the other player controls Shadow Armies (SA). Initially, the Free People Nations are reluctant to take arms against Sauron, so they must be attacked by Sauron or persuaded by Gandalf or other Companions before they start to fight in earnest: this is represented by the Political Track which shows if a Nation is ready to fight in the War of the Ring or not. The game can be won by a military victory if Sauron conquers a certain number of Free People cities and strongholds, or vice versa. But the true hope of the Free Peop"
292,Cosmic Encounter,Heavy Strategy,,39463,230,7.50765,7.31452,2.5813639432815667,2008,3,5,5,"4-5, 6",12,12+,60,120,Bill Eberle | Jack Kittredge | Bill Norton | Peter Olotka | Kevin Wilson,Bluffing | Negotiation | Science Fiction | Space Exploration,Alliances | Card Play Conflict Resolution | Hand Management | Interrupts | Negotiation | Prisoner's Dilemma | Race | Simultaneous Action Selection | Take That | Trading | Variable Player Powers,Creatures: Aliens / Extraterrestrials,Sidereal Confluence | Inis | Captain Sonar | Crokinole | Galaxy Trucker | Root | Lords of Waterdeep | Sheriff of Nottingham | Nexus Ops | Twilight Imperium: Fourth Edition | Dead of Winter: A Crossroads Game | Kemet | Cyclades | The King's Dilemma | Mission: Red Planet (Second/Third Edition) | Race for the Galaxy | Dune | Deception: Murder in Hong Kong | Blood Rage | Arcs | Shadows over Camelot | Blitzkrieg!: World War Two in 20 Minutes | Oceans | Fury of Dracula (Third/Fourth Edition) | Chinatown | Roll for the Galaxy | Evolution: Climate | Android: Netrunner,1.00,auto,"Build a galactic empire... In the depths of space, the alien races of the Cosmos vie with each other for control of the universe. Alliances form and shift from moment to moment, while cataclysmic battles send starships screaming into the warp. This classic game of alien politics returns from the warp once more! In Cosmic Encounter, each player becomes the leader of one of dozens of alien races, each with its own unique power. On a player's turn, he or she becomes the offense. The offense encounters another player on a planet by moving a group of his or her ships through the hyperspace gate to "
293,Animal upon Animal,Kids,,17329,1359,6.76331,6.4846,1.038369304556355,2005,2,4,4,2-4,4,3+,15,15,Klaus Miltenberger,Action / Dexterity | Animals | Children's Game,Dice Rolling | Stacking and Balancing | Take That,Animals: Alligators / Crocodiles | Animals: Apes / Monkeys | Animals: Birds | Animals: Hedgehogs / Porcupines | Animals: Lizards | Animals: Penguins | Animals: Sheep | Animals: Snakes,Rhino Hero: Super Battle | Monza | Rhino Hero | Zombie Kidz Evolution | First Orchard | My First Carcassonne | The Magic Labyrinth | Outfoxed! | ICECOOL | My Little Scythe | Ticket to Ride: First Journey (Europe) | Ghost Fightin' Treasure Hunters | My First Stone Age | Loopin' Louie | Dragon's Breath | Dr. Eureka | ICECOOL2 | CoraQuest | Chicken Cha Cha Cha | Dragomino | Unlock! Kids: Detective Stories | The Enchanted Tower | Dancing Eggs | Bugs in the Kitchen | Magic Maze Kids | Valley of the Vikings | Ticket to Ride: Ghost Train | Yummy Yummy Monster Tummy,1.00,auto,"The animals want to show how good they are at making tall pyramids! They must be skillfully careful: Who will position the penguin on top of the crocodile, the sheep on top of the penguin, the serpent on the sheep? The hedgehog wants to stand on top of the pyramid but the height is making him dizzy. Tier auf Tier (a.k.a. Animal Upon Animal, Pyramide d'animaux, and Dier op dier) is a simple stacking game, listed for ages 4-99, with 29 cute wooden animals. Each turn a player rolls the die and either places one or two animals on to the stack of animals, passes one of his or her animals to another"
294,Catan Junior,Kids,,125921,2585,6.57521,6.11344,1.4960629921259843,2012,2,4,4,2-4,6,5+,30,30,Klaus Teuber,Children's Game | Economic | Nautical | Pirates,Dice Rolling | Network and Route Building,Versions & Editions: Junior Versions of Grown-Up Games,Ticket to Ride: First Journey (U.S.) | Sequence for Kids | Sleeping Queens | Dragonwood | My First Castle Panic | Outfoxed! | Zingo! | Robot Turtles | Disney Eye Found It! | Hoot Owl Hoot! | Ghost Fightin' Treasure Hunters | Hi Ho! Cherry-O | Castle Panic | Santa Cookie Elf Candy Snowman | My Little Scythe | Richard Scarry's Busytown: Eye found it! Game | Bugs in the Kitchen | The Sneaky Snacky Squirrel Game | CoraQuest | Animal Upon Animal | The Quest Kids | Gnomes at Night | Dragonrealm | Monza | Yeti in My Spaghetti | Go Away Monster! | Outnumbered: Improbable Heroes | Kim-Joy's Magic Bakery,1.00,auto,"Explore the seas! Catan: Junior introduces a modified playing style of the classic Settlers of Catan, giving players as young as five a perfect introduction to the Catan series of games. Catan: Junior takes place on a ring of islands where 2 to 4 players build hideouts and encounter the mysterious Spooky Island, where the Ghost Captain lives. Each island generates a specific resource: wood, goats, molasses or swords, and players can acquire gold. Each player starts with two pirate hideouts on different islands, and they can use the resources they acquire to build ships, hideouts or get help fr"
295,Concept Kids: Animals,Kids,,247314,3003,7.03205,6.0302,1.1764705882352942,2018,2,12,4,2-7,4,4+,20,20,Gaëtan Beaujannot | Alain Rivollet,Animals | Card Game | Children's Game | Deduction,Communication Limits | Cooperative Game,Organizations: Forgenext | Versions & Editions: Junior Versions of Grown-Up Games,"Dragomino | First Orchard | My First Stone Age | Dragon's Breath | Outfoxed! | Magic Mountain | Zombie Kidz Evolution | Quacks & Co.: Quedlinburg Dash | My First Carcassonne | Ticket to Ride: First Journey (Europe) | Mysterium Kids: Captain Echo's Treasure | Monza | Spot it! 1,2,3 | That's Pretty Clever! Kids | Kids Chronicles: Quest for the Moon Stones | Andor: The Family Fantasy Game | Unlock! Kids: Detective Stories | SOS Dino | MicroMacro: Kids – Crazy City Park | Cascadia Junior | Dodo | My First Adventure: Finding the Dragon | Valley of the Vikings | Spinderella | The Enchanted Tower | Snail Sprint! | Kids Chronicles: The Old Oak Prophecy | Yummy Yummy Monster Tummy",1.00,auto,"Concept Kids Animals is a cooperative version of the game Concept, adapted for children who don&rsquo;t yet know how to read. In turn, the children attempt to make the others guess an animal by playing pawns on the illustrated icons on the game board. Through this, the child indicates a feature of the animal to be guessed. Draw 12 cards and attempt to find as many animals as possible in order to get the most points together! Concept Kids Animals offers 110 animals to be guessed, divided into two difficulty levels. Beautifully illustrated by &Eacute;ric Azagury, this communication game for chil"
296,Don't Break the Ice,Kids,,4888,30470,4.78617,5.19566,1.120879120879121,1968,2,4,2,2-4,3,3+,20,20,(Uncredited),Action / Dexterity | Children's Game,Physical Removal | Single Loser Game,Animals: Bears | Animals: Mammoths | Animals: Penguins | Brands: Disney | Movies: Frozen | Region: Arctic,Candy Land | Hungry Hungry Hippos | Sorry! | Perfection | Battleship | Chutes and Ladders | Ker Plunk | Trouble | Operation | Spoons | Simon | Guess Who? | Hi Ho! Cherry-O | Don't Spill the Beans | Bingo | Apples to Apples | Twister | Let's Go Fishin' | Mouse Trap | Aggravation | The Game of Life | Rock 'Em Sock 'Em Robots | Hedbanz for Adults! | Bop It! | Connect Four | Barrel of Monkeys | Scattergories | Go Fish,1.00,auto,"From the Hasbro edition box: Tap out ice blocks one by one. They won't melt when you are done! Take your time and do some thinking to keep the polar bear from sinking. To win, the bear must stay on top. One wrong block-he'll go ker-plop! Children's game of tapping out 1"" ice blocks in a plastic frame, with the goal being to force the other player to be the one that causes the central 2""x2"" square to fall (taking the polar bear with it)."
297,Dragon's Breath,Kids,,235655,3222,6.55721,5.99097,1.0491803278688525,2017,2,4,3-4,2-4,5,4–10,15,20,Günter Burkhardt | Lena Burkhardt,Action / Dexterity | Animals | Children's Game | Fantasy,Physical Removal | Set Collection,Creatures: Dragons | Series: Mitbringspiele M (HABA),Quacks & Co.: Quedlinburg Dash | Dragomino | First Orchard | Valley of the Vikings | That's Pretty Clever! Kids | My First Stone Age | Monza | Magic Mountain | Mysterium Kids: Captain Echo's Treasure | Outfoxed! | Cascadia Junior | Concept Kids: Animals | Andor: The Family Fantasy Game | The Enchanted Tower | My First Carcassonne | Spinderella | Kids Chronicles: Quest for the Moon Stones | Magic Keys | Da ist der Wurm drin | Unlock! Kids: Detective Stories | Junior Labyrinth | Magic Maze Kids | SOS Dino | Ticket to Ride: First Journey (Europe) | Hedgehog Roll | Orchard | MicroMacro: Kids – Crazy City Park | Zombie Kidz Evolution,1.00,auto,"On one of their expeditions the dragon children Mira, Feo, Luna and Diego discover an unusual sparkling treasure: a column of ice with sparkling stones frozen inside it. They want to take the treasure back to their cave. But unfortunately the column of ice is too heavy. The only thing they can do is to melt it. But breathing fire isn't as easy as it sounds. Instead of fire they only manage hot air. Then the four of them have an idea: they'll get their dad to help. And it works! Dad's fire breathing starts melting the column, and little by little the sparkling stones start falling out. The drag"
298,Hoot Owl Hoot,Kids,,94483,6190,6.38539,5.70392,1.05,2010,2,4,2-3,2-4,4,3–8,15,15,Susan McKinley Ross,Animals | Children's Game,Cooperative Game | Pattern Recognition | Track Movement,Animals: Birds | Animals: Owls,Sequence for Kids | Race to the Treasure! | Gnomes at Night | The Sneaky Snacky Squirrel Game | Outfoxed! | Zingo! | Richard Scarry's Busytown: Eye found it! Game | Count Your Chickens! | Space Escape | Go Away Monster! | Catan: Junior | Ticket to Ride: First Journey (U.S.) | Dinosaur Escape | My First Castle Panic | Robot Turtles | Hisss | Disney Eye Found It! | Kids On Stage | Story Time Chess | The Quest Kids | Monza | First Orchard | Dragon's Breath | Charades for Kids | Sleeping Queens | Mastermind for Kids | Surprise Slides Game | I Want My Teeth Back,1.00,auto,"In Hoot Owl Hoot! the players want to move all the owls back to their nest before the sun rises and the new days begins. To set up the game, place the sun token on the first place of the sun track, place three owls on the starting spaces of the owl track, and gave three cards to each player; the fifty-card deck includes 36 color cards (six each in six colors) and 14 sun cards. Players keep their cards face up in front of them so that they can work together to strategize how to move. If a player has a sun card, on her turn she must discard the sun and move the sun token one space; if she has al"
299,Monza,Kids,,4209,2670,6.62041,6.09474,1.0476190476190477,2000,2,6,3-4,2-6,5,4–10,10,15,Jürgen P. Grunau,Children's Game | Dice | Racing | Sports,Dice Rolling | Race | Roll / Spin and Move | Track Movement,Series: Mitbringspiele (HABA) | Sports: Auto Racing,First Orchard | Outfoxed! | Dragon's Breath | Animal Upon Animal | Zombie Kidz Evolution | Dragomino | My First Carcassonne | My First Stone Age | Ticket to Ride: First Journey (Europe) | Secret Code 13+4 | Concept Kids: Animals | SOS Dino | Unlock! Kids: Detective Stories | The Enchanted Tower | My First Castle Panic | Valley of the Vikings | Quacks & Co.: Quedlinburg Dash | Snail Sprint! | Rhino Hero: Super Battle | Magic Mountain | Monza: 20th Anniversary | Yummy Yummy Monster Tummy | Ticket to Ride: Ghost Train | Dodo | Ghost Fightin' Treasure Hunters | The Magic Labyrinth | Kids Chronicles: Quest for the Moon Stones | Unlock! Kids: Stories from the Past,1.00,auto,"Monza is a car race game for children. Players roll six dice on their turn, and move their car according to the colors shown on the dice. The dice are identical, each having six different colors, one on each side. The board is a three-lane race track. Monza encourages tactical thinking as well as color recognition. The game states it is for children 5 and older, but 3-4 year olds can join in the fun as well. Play sequence: Six racing cars are standing on the starting grid, of the 3 lane racing board. But only the player who gets the right colors with the dice and makes clever combinations will"
300,My First Orchard (HABA),Kids,,41302,3056,6.68322,6.02064,1.0,2009,1,4,3,1-4,2,2–4,10,10,Anneliese Farkaschovsky,Children's Game | Educational | Farming,Cooperative Game | Dice Rolling,Animals: Crows / Ravens / Magpies | Series: My Very First Games (HABA) | Series: Obstgarten (HABA) | Versions & Editions: Junior Versions of Grown-Up Games,Dragon's Breath | Monza | Dragomino | Concept Kids: Animals | My First Stone Age | My First Carcassonne | Outfoxed! | Ticket to Ride: First Journey (Europe) | Quacks & Co.: Quedlinburg Dash | That's Pretty Clever! Kids | Animal Upon Animal | Unlock! Kids: Detective Stories | Zombie Kidz Evolution | My First Castle Panic | SOS Dino | Snail Sprint! | Unlock! Kids: Stories from the Past | Andor: The Family Fantasy Game | Valley of the Vikings | Magic Mountain | Magic Maze Kids | Monza: 20th Anniversary | The Enchanted Tower | Orchard | Mysterium Kids: Captain Echo's Treasure | Unicorn Glitterluck: Cloud Crystals | Cascadia Junior | Kids Chronicles: Quest for the Moon Stones,1.00,override,"Haba's classic Orchard for the smallest ones. The rules are adjusted to their age and the game material is especially designed for a small child's hand. The beautiful and handy wooden pieces are also very suitable for free play and fostering better motor skills. It&rsquo;s time to pick the fruit in the orchard! But watch out for the pesky raven coming down the orchard path to eat it all up. Can you pick all the apples, plums, and pears before the raven arrives? A cooperative game for littles as young as 2, this game works on colors, taking turns, fine motor skills, and the concept of winning a"
301,Mysterium Kids: Captain Echo's Treasure,Kids,,367206,6909,6.71791,5.67239,1.125,2022,2,6,3,2-6,6,5+,21,21,Antonin Boccara | Yves Hirschfeld,Children's Game | Deduction | Horror,Communication Limits | Cooperative Game,Creatures: Ghosts,Quacks & Co.: Quedlinburg Dash | Magic Mountain | Magic Keys | MicroMacro: Kids – Crazy City Park | Dragomino | That's Pretty Clever! Kids | Dragon's Breath | Andor: The Family Fantasy Game | Cascadia Junior | Valley of the Vikings | Hedgehog Roll | Concept Kids: Animals | My First Stone Age | Unlock! Kids: Detective Stories | Zombie Teenz Evolution | Funny Bunny | Spinderella | Da ist der Wurm drin | Dodo | Kids Chronicles: Quest for the Moon Stones | SOS Dino | First Orchard | Lecker Lava | Toriki: The Castaway Island | Zombie Kidz Evolution | Whoowasit? | Welcome to Everdell | Unlock! Kids: Stories from the Past,1.00,human_confirmed,"Legend has it that the old mansion on the outskirts of the city is home to a fabulous treasure! Hoping to find it, you decide to spend the night there. You are about to give up when the ghost of Captain Echo appears to help you find his treasure. He isn&rsquo;t much of a talker, but he plays a mean tambourine, and he&rsquo;s going to use it to tell you which rooms to search in! Players cooperate to find Captain&rsquo;s treasure before the moon has traveled across the sky and the night is over. Each round, one player becomes the Ghost of Captain Echo. The Ghost must use a tambourine to give clu"
302,Operation,Kids,,3737,30515,4.18527,4.57201,1.1062992125984252,1965,1,6,3,2-5,6,5–12,10,10,Marvin Glass | John Spinello,Action / Dexterity | Children's Game | Medical,Physical Removal | Simulation,Animals: Deer / Antelope | Animals: Dinosaurs | Animals: Fish / Fishes | Animals: Sharks | Authors: Dr. Seuss | Books: How the Grinch Stole Christmas | Brands: Disney | Brands: McDonald's | Characters: Minions | Characters: Rudolph the Red-Nose Reindeer | Comic Books: Iron Man | Comic Books: Marvel Universe | Comic Books: Spider-Man | Comic Books: The Incredible Hulk | Creatures: Trolls | Holidays: Christmas | Movies: Cars | Movies: DreamWorks Animation | Movies: Finding Nemo | Movies: Pixar | Movies: Shrek | Movies: Star Wars | Movies: The Nightmare Before Christmas | Movies: Toy Story | Occupation: Medic / Doctor / Nurses | Religious: Noah and the Ark | Series: World's Smallest (Super Impulse) | Theme: Superheroes | TV Shows: Doctor Who | TV Shows: Family Guy | TV Shows: SpongeBob SquarePants | TV Shows: The Simpsons,Guess Who? | Hungry Hungry Hippos | Battleship | Chutes and Ladders | Twister | Mouse Trap | Ker Plunk | The Game of Life | Trouble | Connect Four | Bingo | Clue | Perfection | Monopoly | Hangman | Jenga | Simon | UNO | Mastermind | Scrabble | Pictionary | Candy Land | Dominoes | Pachisi | Don't Break the Ice | Sorry! | Boggle | Tic-Tac-Toe,1.00,auto,"Operation is a dexterity game in which you must extract silly body parts from a hapless patient. In the course of the game you acquire cards which dictate that you must remove a certain piece from the body of the patient. To do this you use a set of tweezers that are attached by wire to the game board. If you are sloppy and touch the metal sides of the hole where the item is located, the patient's pain is indicated by a sudden buzzer and light-up nose. Successful extractions net cash, and the player with the most cash at the end of the game is the winner. Various editions change the patient an"
303,Outfoxed!,Kids,,172931,1087,7.13968,6.60503,1.0986842105263157,2014,2,4,3-4,2-4,5,4–10,20,20,Colt Tipaton-Johnson | Shanon Lyon | Marisa Peña,Animals | Children's Game | Deduction | Dice,Cooperative Game | Deduction | Dice Rolling | Die Icon Resolution | Grid Movement | Memory | Square Grid,Animals: Chickens / Roosters | Animals: Foxes | Theme: Anthropomorphic Animals,Dragomino | Monza | My First Castle Panic | Kids Chronicles: Quest for the Moon Stones | My First Carcassonne | First Orchard | Dragon's Breath | Yummy Yummy Monster Tummy | Zombie Kidz Evolution | Concept Kids: Animals | Ticket to Ride: First Journey (Europe) | SOS Dino | Animal Upon Animal | My First Stone Age | Sleeping Queens | Kids Chronicles: The Old Oak Prophecy | Magic Mountain | The Quest Kids | Quacks & Co.: Quedlinburg Dash | Unlock! Kids: Detective Stories | Ticket to Ride: Ghost Train | Hoot Owl Hoot! | Welcome to Everdell | Go Away Monster! | Richard Scarry's Busytown: Eye found it! Game | Cascadia Junior | CoraQuest | Stomp the Plank,1.00,auto,"Game description from the publisher: Mrs. Plumpert's prized pot pie has gone missing, and now it's a chicken chase to crack the case! In Outfoxed, you move around the board to gather clues, then use the special evidence scanner to rule out suspects. You have to work together quickly because the guilty fox is high-tailing it towards the exit! Will you halt the hungry hooligan before it flies the coop — or will you be outfoxed?"
304,Sleeping Queens,Kids,,17053,2623,6.47525,6.10517,1.0561224489795917,2005,2,5,4-5,2-5,8,5+,20,20,Miranda Evarts,Bluffing | Card Game | Children's Game | Fantasy | Memory | Number,Hand Management | Memory | Set Collection | Take That,Containers: Tin/Metal Box | Creatures: Dragons | Theme: Medieval Fantasy,Outfoxed! | Ticket to Ride: First Journey (U.S.) | Catan: Junior | Sleeping Queens 2: The Rescue! | Rhino Hero | Bugs in the Kitchen | Dragonwood | Zombie Kidz Evolution | Animal Upon Animal | Sequence for Kids | Welcome to Everdell | Taco Cat Goat Cheese Pizza | Monza | Spot it! | My First Carcassonne | My Little Scythe | Rhino Hero: Super Battle | ICECOOL | Ghost Fightin' Treasure Hunters | Ticket to Ride: First Journey (Europe) | Yummy Yummy Monster Tummy | Monopoly Junior | My First Castle Panic | Labyrinth | The Magic Labyrinth | Santa Cookie Elf Candy Snowman | Zeus on the Loose | Minecraft: Builders & Biomes,1.00,auto,"Rise and shine! The Pancake Queen, the Ladybug Queen, and ten of their closest friends have fallen under a sleeping spell and it's your job to wake them up. In Sleeping Queens, players need to use strategy, quick thinking, and a little luck to rouse these napping nobles from their royal slumbers. The twelve queen cards lie face-down on the table. On a turn, you take one action from the cards in your hand: play a king to awaken and claim a sleeping queen, play a knight to steal someone else's queen (unless she has a dragon for protection), play a potion to send a queen to sleep once again (unle"
305,Spot It! Kids,Kids,,117995,5761,6.29001,5.72807,1.0263157894736843,2012,2,6,4,2-6,4,3+,15,15,Denis Blanchot | Jacques Cottereau,Animals | Card Game | Children's Game | Educational | Party Game | Real-time,Pattern Recognition | Speed Matching,Animals: Cats | Animals: Dogs | Animals: Fish / Fishes | Brands: Disney | Characters: Jake and the Never Land Pirates | Containers: Round Boxes | Movies: Cars | Movies: Finding Nemo | Movies: Frozen | Movies: Pixar | TV Shows: Paw Patrol | Versions & Editions: Junior Versions of Grown-Up Games,Ticket to Ride: First Journey (Europe) | Catan Junior | Concept Kids: Animals | Dragomino | My First Carcassonne | Zombie Kidz Evolution | My First Stone Age | Outfoxed! | First Orchard | Monster Chase | Dodo | Spy Guy | Time's Up! Kids | Monza | Andor: The Family Fantasy Game | Quacks & Co.: Quedlinburg Dash | Yummy Yummy Monster Tummy | Welcome to Everdell | Mysterium Kids: Captain Echo's Treasure | The Enchanted Tower | Storytailors | That's Pretty Clever! Kids | Bugs in the Kitchen | Lotti Karotti Deluxe | Karak | Dragon's Breath | Spooky Stairs | The Magic Labyrinth,1.00,override,"Spot it! 1,2,3 features the same game play as its parent Spot it! but in a simplified manner so that younger players can play, too. (Spot it! Numbers & Shapes, Spot it Jr.! Animals, and Spot it! Alphabet feature different images on their cards, but they have the same number of cards and the same gameplay.) Note: some of the different editions have slightly different rulesets (see e.g. uploaded files of different versions). Some editions (e.g. Dobble Beach with its waterproof cards) even feature the aim of playing through all the minigames and the player who won the most minigames wins. Each ca"
306,Unicorn Glitterluck,Kids,,159566,10977,5.83687,5.57393,1.2647058823529411,2014,2,4,3-4,2-4,3,3–6,10,10,Kristin Mückel,Children's Game,Dice Rolling | Roll / Spin and Move,Creatures: Unicorns | Series: Unicorn Glitterluck (HABA),"Unicorn Glitterluck: Cloud Stacking | Moonlight Castle | First Orchard | My First Carcassonne | Snail Sprint! | Fiery Dragons | Dragon's Breath | Monza | The Ladybug's Costume Party | Brandon the Brave | Kleiner Fuchs Tierarzt | My First Stone Age | Little Bird, Big Hunger | Hamster Clan | Karuba Junior | Dragomino | Unicorn Glitterluck: A Party for Rosalie | The Enchanted Tower | Concept Kids: Animals | Hisss | That's Pretty Clever! Kids | Leo | Outfoxed! | Critter Cruise | Quacks & Co.: Quedlinburg Dash | Rabbit Rally | The Color Monster | Valley of the Vikings",1.00,override,"In Unicorns in the Clouds, players become one of the magical unicorns in the game and race from the thundercloud to the sun, trying to collect as many cloud crystals as possible along the way. To start, all unicorns stand on the thundercloud. On a turn, a player rolls the blue storm die and either moves 1-3 clouds or stands in place eating a muffin, forgetting all about the race, the crystals, and everything else. If you land on a pink cloud, you roll the crystal die and receive 1-3 crystals; if you land on a present, you give someone else a crystal from the reserve; and if you land on the fro"
307,7 Wonders Duel,Two-Player,,173346,24,8.07784,7.95307,2.2272993555946106,2015,2,2,2,2,10,10+,30,30,Antoine Bauza | Bruno Cathala,Ancient | Card Game | City Building | Civilization | Economic,End Game Bonuses | Income | Melding and Splaying | Modular Board | Multi-Use Cards | Once-Per-Game Abilities | Open Drafting | Score-and-Reset Game | Set Collection | Sudden Death Ending | Tags | Tech Trees / Tech Tracks | Track Movement | Tug of War | Variable Set-up,Ancient: Babylon | Ancient: Egypt | Ancient: Greece | Ancient: Rome | Constructions: Lighthouses | Constructions: Pyramids | Versions & Editions: Two-Player Versions of More-Player Games,Azul | Patchwork | Wingspan | Splendor Duel | It's a Wonderful World | Heat: Pedal to the Metal | Res Arcana | Cartographers | Splendor | Jaipur | Lost Ruins of Arnak | Takenoko | Five Tribes: The Djinns of Naqala | The Castles of Burgundy | Santorini | Welcome To... | 7 Wonders | Hanamikoji | Nidavellir | Kingdomino | Targi | Century: Spice Road | Hanabi | The Crew: The Quest for Planet Nine | Dice Forge | Terraforming Mars | Planet Unknown | My City,1.00,auto,"In many ways 7 Wonders Duel resembles its parent game 7 Wonders. Over three ages, players acquire cards that provide resources or advance their military or scientific development in order to develop a civilization and complete wonders. What's different about 7 Wonders Duel is that, as the title suggests, the game is solely for two players. Players do not draft cards simultaneously from decks of cards, but from a display of face-down and face-up cards arranged at the start of a round. A player can take a card only if it's not covered by any others, so timing comes into play, as it can with bonu"
308,Agricola: All Creatures Big and Small,Two-Player,,119890,452,7.32428,7.04339,2.3513071895424837,2012,2,2,2,2,13,10+,30,30,Uwe Rosenberg,Animals | Farming,Automatic Resource Growth | Enclosure | Increase Value of Unchosen Resources | Tile Placement | Turn Order: Claim Action | Worker Placement,Animals: Cattle / Cows | Animals: Horses | Animals: Pigs | Animals: Sheep | Category: Combinatorial | Series: Fur Zwei Spieler (Lookout Games) | Series: Harvest (Uwe Rosenberg) | Versions & Editions: Two-Player Versions of More-Player Games,Istanbul | Isle of Skye: From Chieftain to King | Cottage Garden | Quadropolis | Suburbia | San Juan (Second Edition) | Dominion | The Castles of Burgundy | Agricola | Le Havre | Great Western Trail | Targi | Stone Age | Last Will | Galaxy Trucker | Five Tribes: The Djinns of Naqala | Lords of Waterdeep | Puerto Rico | Kingsburg | Tzolk'in: The Mayan Calendar | 7 Wonders | Love Letter | NMBR 9 | Viticulture Essential Edition | Port Royal | Quacks | Concordia | Century: Spice Road,1.00,auto,"Agricola: All Creatures Big and Small is a new take on Uwe Rosenberg's Agricola designed for exactly two players and focused only on the animal husbandry aspect of that game. So long plows and veggies! In Agricola: All Creatures Big and Small, you become an animal breeder of horses, cows, sheep and pigs and try to make the most of your pastures. Players start with a 3x2 game board that can be expanded during play to give more room for players to grow and animals to run free. Sixteen possible actions are available for players to take, with each player taking three actions total in each of the e"
309,Battle Line,Two-Player,,760,329,7.4123,7.16969,1.888,2000,2,2,2,2,12,8+,30,30,Reiner Knizia,Ancient | Card Game,Card Play Conflict Resolution | Hand Management | Melding and Splaying,Ancient: Greece | Card Games: Lane Battler | Series: Lunchtime Games (GMT),Acquire | Chinatown | The Lord of the Rings: The Confrontation | Modern Art | For Sale | No Thanks! | Biblios | Race for the Galaxy | El Grande | Ra | Power Grid | Crokinole | The Quest for El Dorado | Lost Cities | Innovation | Ethnos | Hansa Teutonica | Coloretto | Stockpile | San Juan (Second Edition) | Bohnanza | Keyflower | Concordia | Tumblin' Dice | Tigris & Euphrates | Caesar!: Seize Rome in 20 Minutes! | The Castles of Burgundy | High Society,1.00,auto,"Two opponents face off across a 'battle line' and attempt to win the battle by taking 5 of 9 flags or 3 adjacent flags. Flags are decided by placing cards into 3 card poker-type hands on either side of the flag (similar to straight flush, 3 of a kind, straight, flush, etc). The side with the highest 'formation' of cards wins the flag. This is a rethemed version of Schotten Totten with different graphics and wooden flag bits in place of the boundary stone cards. Game play is identical, except the cards run from 1 to 10 (not 9), you hold seven cards in your hand (not 6), and the rule that stones"
310,Caverna: Cave vs. Cave,Two-Player,,220520,945,7.07696,6.68297,2.5594059405940595,2017,1,2,2,1-2,10,10+,20,40,Uwe Rosenberg,Economic | Fantasy | Farming,Tile Placement | Worker Placement,Series: Fur Zwei Spieler (Lookout Games) | Series: Harvest (Uwe Rosenberg) | Theme: Mining | Versions & Editions: Two-Player Versions of More-Player Games,Isle of Skye: From Chieftain to King | Oh My Goods! | Century: A New World | Santa Maria | Port Royal | Rajas of the Ganges | Century: Eastern Wonders | Reykholt | Istanbul | Village | Fields of Green | Majesty: For the Realm | Crown of Emara | Elysium | Coimbra | Cottage Garden | The Red Cathedral | Altiplano | London (Second Edition) | The Taverns of Tiefenthal | Dice Settlers | Roll Player | Hallertau | The Castles of Burgundy: The Card Game | Khôra: Rise of an Empire | Quadropolis | Glen More II: Chronicles | Fields of Arle,1.00,auto,"In the two-player game Caverna: Cave vs. Cave, each player starts the game with only two dwarves and a small excavation in the side of a mountain. Over the course of eight rounds, they'll double their workforce, open up new living space in the mountain, construct new buildings and rooms in which to live, and dig for precious metals. In more detail, each player starts the game with an individual player board that's covered with a random assortment of face-down building/room tiles and only one space. Some tiles are face up and available for purchase at the start of play. Four action tiles lie fa"
311,Codenames: Duet,Two-Player,,224037,274,7.40891,7.23465,1.360078277886497,2017,2,2,2,2,11,12+,15,30,Vlaada Chvátil | Scot Eaton,Card Game | Deduction | Spies / Secret Agents | Word Game,Communication Limits | Cooperative Game | Memory,Versions & Editions: Two-Player Versions of More-Player Games | Word Games: Guess the Word,Codenames | The Crew: The Quest for Planet Nine | Just One | So Clover! | Quacks | Pandemic | Codenames: Pictures | The Mind | Magic Maze | Mysterium | KLASK | Pandemic Legacy: Season 1 | Hanabi | The Crew: Mission Deep Sea | Deception: Murder in Hong Kong | Cascadia | Sushi Go Party! | Dixit | One Night Ultimate Werewolf | Wavelength | A Fake Artist Goes to New York | Love Letter | Decrypto | Crokinole | Skull | Concept | The Search for Planet X | Telestrations,1.00,auto,"Codenames Duet keeps the basic elements of Codenames — give one-word clues to try to get someone to identify your agents among those on the table — but now you're working together as a team to find all of your agents. (Why you don't already know who your agents are is a question that Congressional investigators will get on your back about later!) To set up play, lay out 25 word cards in a 5&times;5 grid. Place a key card in the holder so that each player sees one side of the card. Each player sees a 5&times;5 grid on the card, with nine of the squares colored green (representing your agents) a"
312,Fugitive,Two-Player,,197443,1009,7.13341,6.64812,1.6363636363636365,2017,2,2,2,2,10,10+,5,20,Tim Fowers,Bluffing | Card Game | Deduction | Number | Spies / Secret Agents,Deduction | Hand Management | Hidden Movement | Memory | Secret Unit Deployment | Variable Player Powers,Crowdfunding: Verkami,Raptor | Iberia | The Crew: The Quest for Planet Nine | Deception: Murder in Hong Kong | FUSE | Captain Sonar | Magic Maze | The Search for Planet X | Junk Art | Treasure Island | Cryptid | Spyfall | Codenames: Duet | A Fake Artist Goes to New York | Decrypto | So Clover! | Welcome to the Dungeon | QE | Paperback | Menara | The Grizzled | Mission: Red Planet (Second/Third Edition) | Just One | Quacks | Jamaica | Targi | The King's Dilemma | Hanabi,1.00,auto,"Fugitive is a two-player card game set in the world of Burgle Bros. One player is a fugitive trying to make it out of town while being pursued by an unstoppable agent. The fugitive plays cards face down to the table trying to work their way to a goal, while the agent must guess those cards to uncover them. If all the cards are face up, the fugitive is caught."
313,Hanamikoji,Two-Player,,158600,282,7.45196,7.22333,1.677361853832442,2013,2,2,2,2,10,8+,15,15,Kota Nakayama (中山 宏太),Card Game | Medieval,"Area Majority / Influence | Force Commitment | Hand Management | I Cut, You Choose | Open Drafting | Race",Card Games: Lane Battler | Card Games: Outplay | Characters: Hello Kitty | Cities: Kyoto (Japan) | Containers: Magnetic Flip Box | Country: Japan | Crowdfunding: Kickstarter | Series: Mini Games (IELLO) | Series: Two-player games (Kosmos) | Theme: Geisha,Patchwork | Jaipur | 7 Wonders Duel | Targi | Azul | Santorini | Splendor Duel | Arboretum | Splendor | Bärenpark | My City | Point Salad | Century: Spice Road | Lost Cities | Watergate | Mandala | Five Tribes: The Djinns of Naqala | Diamant | Cartographers | For Sale | Res Arcana | Kingdomino | Welcome To... | Sea Salt & Paper | The Castles of Burgundy | Downforce | Azul: Summer Pavilion | Bunny Kingdom,1.00,auto,"Welcome to the most famed Geisha street in the old capital, Hanamikoji. Geishas are elegant and graceful women who are skilled in art, music, dance, and a variety of performances and ceremonies. Greatly respected and adored, Geishas are masters of entertainment. In Hanamikoji, two players compete to earn the favor of seven illustrious Geishas by collecting each Geisha&rsquo;s preferred performance item. With careful speculation and a few bold moves, can you outsmart your opponent to win the favor of the most Geishas? Jixia Academy features the same gameplay as Hanamikoji, but with different ar"
314,Hive Pocket,Two-Player,,154597,333,7.6882,7.33971,2.208845208845209,2010,2,2,2,2,9,8+,20,20,John Yianni,Abstract Strategy | Animals,Enclosure | Grid Movement | Hexagon Grid | Pattern Movement | Pieces as Map | Slide / Push | Three Dimensional Movement | Tile Placement,Animals: Ants | Animals: Bees | Animals: Grasshoppers | Animals: Insects | Animals: Ladybugs / Ladybirds | Animals: Spiders | Category: Combinatorial | Containers: Drawstring Bag | Containers: Zippered Pouch | Versions & Editions: Travel Versions of Non-Travel Games,"Carcassonne: 20th Anniversary Edition | Bohnanza: 25th Anniversary Edition | Love Letter | Deep Sea Adventure | Dixit: Odyssey | The Mind | Mysterium Park | Star Wars: Jabba's Palace – A Love Letter Game | Tinderblox | Onitama | Codenames: Pictures | Exploding Kittens | Saboteur | Dixit | The Castles of Burgundy | Cockroach Poker Royal | Hive | Coup | Ticket to Ride: Europe – 15th Anniversary | Ticket to Ride: Europe | Colt Super Express | Sheriff of Nottingham: 2nd Edition | BANG! The Dice Game | Azul: Master Chocolatier | Taco Cat Goat Cheese Pizza | Fort | Air, Land, & Sea: Spies, Lies, & Supplies | Secret Hitler",1.00,auto,"Hive is a strategic game for two players that is not restricted by a board and can be played anywhere on any flat surface. The base game of Hive is made up of twenty two pieces, eleven black and eleven white, resembling a variety of creatures each with a unique way of moving. Hive Carbon and Hive Pocket include the Mosquito and Ladybug expansions, for a total of 26 pieces. With no setting up to do, the game begins when the first piece is placed down. As the subsequent pieces are placed this forms a pattern that becomes the playing surface. (The pieces themselves become the board.) Unlike other"
315,Jaipur,Two-Player,,54043,202,7.4797,7.36217,1.4637374272101642,2009,2,2,2,2,10,8+,30,30,Sébastien Pauchon,Arabian | Card Game | Economic,End Game Bonuses | Hand Management | Hidden Victory Points | Market | Open Drafting | Race | Score-and-Reset Game | Set Collection | Sudden Death Ending | Turn Order: Progressive | Variable Set-up,Animals: Camels | Country: India | Occupation: Merchant | Series: Two-player games (Space Cowboys) | Theme: Deserts | Theme: Jewels,Patchwork | Azul | Kingdomino | Point Salad | Splendor | Santorini | Lost Cities | Bärenpark | Century: Spice Road | 7 Wonders Duel | Splendor Duel | Arboretum | Welcome To... | Targi | Diamant | Hanamikoji | Takenoko | Downforce | Five Tribes: The Djinns of Naqala | My City | Imhotep | Tiny Towns | Azul: Summer Pavilion | Sagrada | Stone Age | Nidavellir | For Sale | Wingspan,1.00,auto,"You are one of the two most powerful traders in the city of Jaipur, the capital of Rajasthan, but that's not enough for you because only the merchant with two ""seals of excellence"" will have the privilege of being invited to the Maharaja's court. You are therefore going to have to do better than your direct competitor by buying, exchanging, and selling at better prices, all while keeping an eye on both your camel herds. Jaipur is a fast-paced card game, a blend of tactics, risk and luck. On your turn, you can either take or sell cards. If you take cards, you have to choose between taking all t"
316,Lost Cities,Two-Player,,50,344,7.25831,7.15243,1.4746130030959752,1999,2,2,2,2,10,8+,30,30,Reiner Knizia,Card Game | Exploration | Number,Hand Management | Melding and Splaying | Ordering | Push Your Luck | Score-and-Reset Game | Set Collection,Card Games: Draw and Discard | Series: Two-player games (Kosmos) | Theme: Archaeology / Paleontology,"For Sale | Jaipur | Diamant | No Thanks! | Arboretum | Coloretto | Patchwork | Hey, That's My Fish! | Targi | Mandala | Can't Stop | Take 5 | Downforce | My City | Azul | Splendor | Imhotep | Santorini | The Fox in the Forest | Kingdomino | Kingdom Builder | Love Letter | Hanamikoji | Bärenpark | Point Salad | Century: Spice Road | Stockpile | Carcassonne",1.00,auto,"Lost Cities is a card game in the Kosmos two-player series. The game originally consisted of a single deck of cards of rank 2–10 in five different colors with three special ""handshakes"" (""HS"" in scoring examples below) in each suit, but as of 2018 the game now includes six colored suits, with the sixth color being optional for gameplay. A game board is included to organize discarded cards and help players organize their card collections. The object of the game is to gain points by mounting profitable archaeological expeditions to the different sites represented by the colored suits of cards. O"
317,Mandala,Two-Player,,264241,562,7.43303,6.9447,1.781456953642384,2019,2,2,2,2,10,10+,20,20,Trevor Benjamin | Brett J. Gilbert,Abstract Strategy | Card Game,Area Majority / Influence | Hand Management | Selection Order Bid | Set Collection,Religious: Buddhism | Series: Fur Zwei Spieler (Lookout Games) | Series: Mandala (Lookout games),"Lost Cities | Arboretum | Jaipur | Can't Stop | Bärenpark | Patchwork | Targi | Hanamikoji | Hey, That's My Fish! | Iwari | For Sale | Imhotep | Tiny Towns | My City | Azul | Point Salad | Welcome To... | Gizmos | Coloretto | Kingdomino | Azul: Summer Pavilion | Railroad Ink: Deep Blue Edition | Splendor Duel | Santorini | Finca | On Tour | Bunny Kingdom | Nova Luna",1.00,auto,"The Mandala: the symbol of an ancient and sacred ritual. Colored sand is laid to create a symbolic map of the world before the pattern is ceremonially destroyed and the sand cast into the river. In the two-player game Mandala, you are trying to score more than your opponent by collecting valuable cards — but you won't know which cards are valuable until well into the game! Over the course of the game, players play their colored cards into the two mandalas, building the central shared mountains and laying cards into their own fields. As soon as a mandala has all six colors, the players take tur"
318,Mr. Jack Pocket,Two-Player,,72287,1229,6.82781,6.53779,1.8276836158192091,2010,2,2,2,2,14,8+,15,15,Bruno Cathala | Ludovic Maublanc,Bluffing | Deduction | Murder / Mystery | Post-Napoleonic,Hidden Movement | Map Deformation | Modular Board,"Books: Sherlock Holmes | Cities: London (England, UK) | Country: England | Historical Figures: Jack the Ripper | Theme: Mystery / Crime",Mr. Jack | Colt Express | Welcome to the Dungeon | Kanagawa | Jamaica | Mascarade | Love Letter | Concept | Hanabi | Celestia | Las Vegas | The Crew: The Quest for Planet Nine | Flamme Rouge | Dice Town | Queendomino | A Game of Thrones: Hand of the King | Citadels | Takenoko | Dale of Merchants | Escape: The Curse of the Temple | 7 Wonders | Rise of Augustus | Raptor | FUSE | Fabled Fruit | Magic Maze | The Grizzled | Small World,1.00,auto,"From Bruno Faidutti's site: It has been found again by Bruno Cathala and Ludovic Maublanc with Mr.Jack Pocket, the small card game derived from Mr. Jack. The board is replaced by a square grid made of nine street cards. The suspects, and among them Mr.Jack, are pictured on the cards. Holmes, Watson and a dog are turning around the grid, a system already used by Bruno Cathala in several games, and can &ldquo;look&rdquo; at the streets in a row or column. Every round, like in Mr.Jack, four actions are available. The first player selects one, his opponent two, and the first player then uses the l"
319,Onitama,Two-Player,,160477,356,7.33654,7.13634,1.6589327146171693,2014,2,2,2,2,10,8+,15,20,Shimpei Sato,Abstract Strategy,Grid Movement | Hand Management | Pattern Movement | Square Grid | Static Capture,Category: Combinatorial | Containers: Magnetic Flip Box | Country: Japan | Series: Dice Tower Essentials,Santorini | Azul | King of Tokyo | Photosynthesis | Hive | Sushi Go Party! | Downforce | Jaipur | That Time You Killed Me | Patchwork | Century: Golem Edition | Hanabi | Sushi Go! | Arboretum | The Fox in the Forest | Splendor | Kingdomino | Takenoko | Skull | Dice Forge | Pandemic | Space Base | Coup | Love Letter | Heat: Pedal to the Metal | The Crew: The Quest for Planet Nine | 7 Wonders Duel | Sagrada,1.00,auto,"Onitama is a two-player, perfect information abstract game with a random starting set-up. On a 5x5 board, both players start with five pawns on their side, with the main pawn in the middle. Each player has two open cards that each display a possible move for any of her pieces. There is a fifth card that cannot be used by either player. On a player's turn, she chooses one of her cards, moves one of her pieces according to the chosen card, then replaces the card she used with the fifth card. The other player then chooses one of his cards, moves accordingly, and exchanges that card with this fift"
320,Patchwork,Two-Player,,163412,146,7.57955,7.47298,1.5981112277019938,2014,2,2,2,2,8,6+,15,30,Uwe Rosenberg,Abstract Strategy | Economic | Puzzle,Grid Coverage | Income | Open Drafting | Rondel | Square Grid | Tile Placement | Turn Order: Stat-Based | Turn Order: Time Track | Victory Points as a Resource,Theme: Sewing / Knitting / Cloth-Making | Category: Combinatorial | Holidays: Christmas | Holidays: Halloween | Holidays: Valentine's Day | Series: Fur Zwei Spieler (Lookout Games) | Theme: Austronesian peoples,Azul | Jaipur | Point Salad | Welcome To... | Kingdomino | Splendor Duel | Azul: Summer Pavilion | 7 Wonders Duel | Bärenpark | Splendor | Santorini | My City | Tiny Towns | Hanamikoji | Railroad Ink: Deep Blue Edition | Wingspan | Cartographers | Potion Explosion | Century: Spice Road | Sea Salt & Paper | 7 Wonders: Architects | Takenoko | Lost Cities | It's a Wonderful World | Arboretum | The Isle of Cats | Targi | Sushi Go!,1.00,auto,"In Patchwork, two players compete to build the most aesthetic (and high-scoring) patchwork quilt on a personal 9x9 game board. To start play, lay out all of the patches at random in a circle and place a marker directly clockwise of the 2-1 patch. Each player takes five buttons — the currency/points in the game — and someone is chosen as the start player. On a turn, a player either purchases one of the three patches standing clockwise of the spool or passes. To purchase a patch, you pay the cost in buttons shown on the patch, move the spool to that patch's location in the circle, add the patch "
321,Splendor Duel,Two-Player,,364073,112,7.87833,7.55726,2.0218446601941746,2022,2,2,2,2,10,10+,30,30,Marc André | Bruno Cathala,Card Game | Economic | Renaissance,Contracts | Open Drafting | Race | Set Collection,Category: DIZED Tutorial | Series: Two-player games (Space Cowboys) | Theme: Jewelry | Theme: Jewels | Versions & Editions: Two-Player Versions of More-Player Games,Harmonies | 7 Wonders: Architects | Azul: Summer Pavilion | Welcome To... | Patchwork | It's a Wonderful World | Azul | Sea Salt & Paper | 7 Wonders Duel | Knarr | Bunny Kingdom | Jaipur | Point Salad | Cartographers | Turing Machine | Kingdomino | Get on Board: New York & London | The Vale of Eternity | Tiny Towns | Forest Shuffle | Gizmos | Bärenpark | Potion Explosion | Faraway | Splendor | Draftosaurus | Nidavellir | Wandering Towers,1.00,auto,"Confront your rival guild in a race for victory. Take Gem and Pearl tokens from the common board, then purchase cards, gather bonuses, royal favors, and prestige. Discover new twists and strategic opportunities derived from Splendor, the original best-selling game. Acquire cards with impressive powers, take advantage of special Privileges, and fight over scarce access to Pearls. Splendor Duel is a two-player only standalone game based on Splendor that retains some of the main gameplay mechanisms of that design, while being a bit more complex, dynamic, interactive, rich, tense, and mean. The ga"
322,Star Realms,Two-Player,,147020,174,7.55197,7.40008,1.9151315789473684,2014,2,2,2,2,12,8+,20,20,Robert Dougherty | Darwin Kastle,Card Game | Fighting | Science Fiction,"Deck, Bag, and Pool Building | Delayed Purchase | Hand Management | Income | Multi-Use Cards | Open Drafting | Player Elimination | Set Collection | Tags | Take That | Variable Set-up",Category: Two-Player Fighting Games | Crowdfunding: Kickstarter,Clank!: A Deck-Building Adventure | Small World | Galaxy Trucker | Pandemic | Lords of Waterdeep | Roll for the Galaxy | Dominion | Dead of Winter: A Crossroads Game | Tiny Epic Galaxies | Dune: Imperium | Suburbia | Scythe | Magic: The Gathering | Res Arcana | Clank! In! Space!: A Deck-Building Adventure | Love Letter | Sheriff of Nottingham | Terraforming Mars: Ares Expedition | 7 Wonders | Blood Rage | Ascension: Deckbuilding Game | Race for the Galaxy | Cosmic Encounter | King of Tokyo | BANG! The Dice Game | Evolution: Climate | The Crew: The Quest for Planet Nine | Roll Player,1.00,auto,"Star Realms is a spaceship combat deck-building game by Magic Hall of Famers Darwin Kastle (The Battle for Hill 218) and Rob Dougherty (Ascension Co-designer). It combines the fun of a deck-building game with the speed and interactivity of Trading Card Game style combat. In Star Realms, players make use of Ships and Bases to generate Trade to acquire new Ships and Bases or to generate Combat to attack their opponent to reduce their Authority or destroy their Bases. When you reduce your opponent&rsquo;s Authority to zero, you win! The Ships and Bases in Star Realms come in four factions. You ma"
323,The Fox in the Forest,Two-Player,,221965,684,7.05383,6.85365,1.6142433234421365,2017,2,2,2,2,10,10+,30,30,Joshua Buergel,Animals | Card Game | Fantasy,Hand Management | Race | Score-and-Reset Game | Trick-taking | Turn Order: Stat-Based,Animals: Foxes | Theme: Trees and Forests | Theme: Witches,"Arboretum | No Thanks! | Lost Cities | For Sale | The Fox in the Forest Duet | Cat in the Box: Deluxe Edition | The Crew: Mission Deep Sea | Jaipur | Santorini | Crokinole | Just One | Onitama | Azul | Quacks | My City | Skull | Air, Land, & Sea | Downforce | Patchwork | The Crew: The Quest for Planet Nine | Long Shot: The Dice Game | Space Base | Diamant | Sushi Go Party! | SCOUT | Sushi Go! | Point Salad | Hanamikoji",1.00,auto,"The Fox in the Forest is a trick-taking game for two players. Aside from the normal ranked- and suited-cards used to win tricks, fairy characters such as the Fox and the Witch have special abilities that let you change the trump suit, lead even after you lose a trick, and more. You score points by winning more tricks than your opponent, but don't get greedy! Win too many tricks, and you will fall like the villain in so many fairy tales..."
324,Tides of Time,Two-Player,,176229,1813,6.57464,6.31299,1.5527426160337552,2015,2,2,2,2,10,10+,20,20,Kristian Čurla,Ancient | Card Game | Civilization,Closed Drafting | Set Collection,,FUSE | Honshū | Blueprints | New York 1901 | Tides of Madness | NMBR 9 | Quadropolis | Dragon Castle | Kanagawa | Queendomino | Capital Lux | Lanterns: The Harvest Festival | Welcome to the Dungeon | Paperback | Reef | The Castles of Burgundy: The Card Game | Century: Eastern Wonders | Steampunk Rally | Karuba | Oh My Goods! | Elysium | Pandemic: The Cure | Raptor | Between Two Cities | Steam Park | Morels | Tiny Epic Galaxies | Port Royal,1.00,auto,"Play as an ancient civilization as they prosper and collapse through time. Build gigantic monuments, raise impenetrable fortifications, and amass vast knowledge as the ages pass. The greatest civilizations will leave their mark long after their collapse. From times long forgotten to times recently lost, civilizations will rise and fall as the tide of time carries them. Tides of Time is a drafting game for two players. Each game consists of three rounds in which players draft cards from their hands to build their kingdom. Each card is one of five suits and also has a scoring objective. After al"
325,Undaunted: Normandy,Two-Player,,268864,183,7.76628,7.39014,2.2661290322580645,2019,2,2,2,2,14,12+,45,60,Trevor Benjamin | David Thompson (I),Wargame | World War II,"Deck, Bag, and Pool Building | Dice Rolling | Hand Management | Modular Board | Open Drafting | Scenario / Mission / Campaign Game | Simulation",Country: France | Country: USA | Crowdfunding: Spieleschmiede | Region: Normandy (France) | Series: Undaunted (Osprey Games),Undaunted: North Africa | Undaunted: Stalingrad | Undaunted: Battle of Britain | War of the Ring: Second Edition | Blitzkrieg!: World War Two in 20 Minutes | Star Wars: Rebellion | Undaunted 2200: Callisto | War of the Ring: The Card Game | Twilight Imperium: Fourth Edition | Root | General Orders: World War II | Black Orchestra | Twilight Struggle | Dune: Imperium | Fall of Rome | Dune | Clash of Cultures: Monumental Edition | Dune: War for Arrakis | Sniper Elite: The Board Game | Memoir '44 | Fury of Dracula (Third/Fourth Edition) | Spirit Island | Civilization: A New Dawn | Imperium: Legends | Imperium: Classics | Eclipse: Second Dawn for the Galaxy | Tyrants of the Underdark | Dune: Imperium – Uprising,1.00,auto,"June, 1944: Through the D-Day landings, the Allies have seized a foothold on the beaches of Normandy. Now you must lead your troops forward as you push deeper into France and drive the German forces back. You will face intense resistance, machine gun fire, and mortar bombardment, but a great commander can turn the situation to their advantage! Undaunted: Normandy is a deck-building game that places you and your opponent in command of American or German forces, fighting through a series of missions critical to the outcome of World War II. Use your cards to seize the initiative, bolster your for"
326,Bananagrams,Word / Trivia / Dex,,27225,2140,6.42403,6.22378,1.2878151260504203,2006,1,8,3-5,2-6,7,8+,15,15,Rena Nathanson | Abe Nathanson,Real-time | Word Game,Race | Real-Time | Spelling | Tile Placement,Category: Crossword Games | Containers: Unique Shape | Containers: Zippered Pouch | Food & Drink: Bananas | Series: World's Smallest (Super Impulse),Dutch Blitz | Sequence | Poetry for Neanderthals | Boggle | Hues and Cues | The Chameleon | Pass the Pigs | Balderdash | Monopoly Deal Card Game | Blokus | Telestrations: 12 Player Party Pack | Kalah | Coup | Tsuro | Pit | Wavelength | Jenga | Scrabble | Scattergories | Sushi Go! | Forbidden Island | A Little Wordy | Ticket to Ride | Anomia | Tapple | One Night Ultimate Werewolf | Codenames | That Escalated Quickly,1.00,auto,"Bananagrams is a fast and fun word game that requires no pencil, paper or board, and the tiles come in a fabric banana-shaped carrying pouch. One hand can be played in as little as five minutes. Much like Pick Two!, but without the letter values. Using a selection of 144 plastic letter tiles in the English edition, each player works independently to create their own 'crossword' faster than one's opponents. When a player uses up all their letters, all players take a new tile from the pool. The object of the game is to be the first to complete a word grid after the ""bunch"" of tiles has been depl"
327,Bezzerwizzer,Word / Trivia / Dex,,32441,3096,6.41144,6.01147,1.5153846153846153,2007,2,12,"4, 8","3-6, 8-10, 12",14,14+,45,45,Jesper Bülow,Party Game | Trivia,Betting and Bluffing | Simultaneous Action Selection,,Hitster | Wizard | Dorfromantik: The Board Game | Pictures | 5-Minute Dungeon | MicroMacro: Crime City | Hitster: Guilty Pleasures | Scotland Yard | MicroMacro: Crime City – Full House | Hitster: Rock | Love Letter: Premium Edition | The Game | Harry Potter: Hogwarts Battle | Fun Facts | Robo Rally | Codenames | Lovecraft Letter | Camel Up | Codenames: Deep Undercover | The Adventures of Robin Hood | Fantasy Realms | Codenames: Duet | Hitster: Summer Party | Magic Maze | Kitchen Rush (Revised Edition) | Taboo | That's Pretty Clever! | Mini Kubb,1.00,auto,"Bezzerwizzer is a quiz game from Denmark. It contains 5000 questions (English version has 3000 questions) from 20 categories. It takes its name from the german 'Besserwisser' meaning ""know-it-all"". On your turn players draw the category tiles from a bag and sort them on their player board according to their knowledge. If you know the answer to the category questions that you thought you're worst at, you get one point. For your best category question you receive 4 points. Each players has 3 additional tokens. One is labeled with a ""Z"" the other two are labeled with a ""B"". With the ""Z"" token you"
328,Boggle,Word / Trivia / Dex,,1293,2965,6.25418,6.03839,1.4567669172932332,1972,1,8,3-4,2-7,8,10+,10,10,Bill Cooke | Allan Turoff,Dice | Real-time | Word Game,Dice Rolling | Paper-and-Pencil | Pattern Recognition | Spelling,Series: World's Smallest (Super Impulse),Scrabble | Balderdash | Pictionary | Pass the Pigs | Bananagrams | Scattergories | Clue | Jenga | Mastermind | Sequence | Pit | Battleship | Cranium | Upwords | Apples to Apples | Monopoly | Kalah | Mexican Train | Blokus | The Game of Life | Stratego | UNO | Dominoes | Twister | Connect Four | Yahtzee | Risk | Monopoly Deal Card Game,1.00,auto,"Boggle is a timed word game in which players have 3 minutes to find as many connected words as possible from the face up letters resting in a 16 cube grid. When the timer runs out, players compare their lists of words and remove any words found by multiple players. Points are then awarded for remaining words, depending on how many letters are in the word. (In the original Boggle, all words must contain 3 or more letters to score points.) An example grid given in the French Canadian rules (of Deluxe Boggle) holds an amazing 459 words! A number of variants have been produced by Parker Brothers o"
329,Codex Naturalis,Word / Trivia / Dex,,314503,905,7.21995,6.70408,1.7682119205298013,2021,1,4,2-3,2-4,7,8+,20,30,Thomas Dupont,Card Game | Environmental,Hand Management | Layering | Open Drafting | Pattern Building,Theme: Books / Libraries | Theme: Nature,It's a Wonderful Kingdom | Dracula vs Van Helsing | Faraway | Akropolis | Draftosaurus | Toy Battle | Glow | Sea Salt & Paper | Sobek: 2 Players | CuBirds | Welcome to the Moon | Turing Machine | Castle Combo | Mind Up! | Splendor Duel | Harmonies | Get on Board: New York & London | Living Forest | Pixies | Coffee Rush | Café | Skull King | Regicide | Happy City | Hidden Leaders | Evergreen | After Us | Break the Code,1.00,auto,"In Codex Naturalis, you must continue the work of the illuminating monk Tybor Kwelein, assembling the pages of a manuscript that lists the living species in primary forests. Can you put the pages together in the best order possible? And are you prepared to sacrifice a species to develop your manuscript? In the game, each player starts with a single card on the table, a card that shows some combination of the four possible resources in the middle of the card, in the corners of the card, or both. Players also have two resource cards and one gold card in hand, while two of each type of card are v"
330,Crokinole,Word / Trivia / Dex,,521,46,8.06615,7.79954,1.2255845942228336,1876,2,4,"2, 4","2, 4",8,6+,30,30,(Uncredited),Action / Dexterity,Flicking | Team-Based Game,Traditional Games: Crokinole,"QE | No Thanks! | Ready Set Bet | The Crew: Mission Deep Sea | Long Shot: The Dice Game | Skull | Cosmic Encounter | Quacks | The Crew: The Quest for Planet Nine | A Fake Artist Goes to New York | SCOUT | For Sale | Codenames | Air, Land, & Sea | Captain Sonar | Cubitos | The Quest for El Dorado | Thunder Road: Vendetta | Ethnos | KLASK | The Fox in the Forest | Deception: Murder in Hong Kong | Ra | Pandemic | Fort | Just One | Tumblin' Dice | Chinatown",1.00,auto,"Crokinole is a traditional two- or four-player dexterity game, played on a circular wooden board, with 3 rings and an inner recessed 'bullseye'. A ring of posts is set around the inner circle, which functions as an obstacle to reach this area. Playing pieces are wooden circular disks similar to checkers pieces. Players take turns shooting disks across the board by flicking them with their fingers in an effort to land them in the highest scoring ring on the board, the highest score (20 points) achieved by shooting a disk into the centre, recessed hole. From the outside in, rings are worth 5, 10"
331,Dixit Jinx,Word / Trivia / Dex,,119407,10524,5.73927,5.58012,1.1935483870967742,2012,3,6,4-5,3-6,8,8+,15,15,Josep M. Allué,Bluffing | Card Game | Humor | Party Game | Real-time,Acting | Simultaneous Action Selection | Singing | Voting,Organizations: Board Games Association of Creators in Spain (LUDO),Masques | Eollis: Pirates des Vents | Wooly Wars | Room 25 | Cold War: CIA vs KGB | Loot Island | Mr. Jack Pocket | The Boss | Tales & Games: The Three Little Pigs | Pocket Madness | Pluckin' Pairs | Evo (Second Edition) | Olympus | Shadow Hunters | The Little Prince: Make Me a Planet | Rumble in the Dungeon | Strada Romana | Red November | Rattus | Mascarade | Eight-Minute Empire | La Habana | Wiraqocha | Space Pigs | Queen's Necklace | Myrmes | Crossing | Deluges,1.00,auto,"Jinx is a new Game in the Dixit family. Unlike the original game, the drawings are not realistic illustrations depicting scenes but more abstract images. During the game, 9 cards are placed face-up in a 3x3 square. The active player draws a locator map that will show them which of the nine cards they will play with. This location is kept secret. The player speaks, sings, or acts out something relating to this card (just as in ""Dixit""). The other players go around and point to the card they think is correct. Only one player can point to each card. Once a player has chosen the right card, the tu"
332,Klask,Word / Trivia / Dex,,165722,257,7.62362,7.2614,1.045643153526971,2014,2,2,2,2,8,6+,10,10,Mikkel Bertelsen,Action / Dexterity | Real-time,Real-Time | Score-and-Reset Game,,ICECOOL | Codenames: Duet | Crokinole | A Fake Artist Goes to New York | Ready Set Bet | Codenames | Illusion | Quacks | Ca$h 'n Guns: Second Edition | Just One | Deep Sea Adventure | Camel Up (Second Edition) | Cockroach Poker | Skull | Junk Art | Deception: Murder in Hong Kong | So Clover! | The Crew: The Quest for Planet Nine | The Quest for El Dorado | BANG! The Dice Game | Decrypto | Dixit | Magic Maze | ICECOOL2 | Sheriff of Nottingham | Cryptid | Spyfall | Santorini,1.00,auto,"The KLASK game board is shaped like a ball field with two deep holes functioning as goals in each end of the field. In the middle of the field, three white magnetic pieces serve as ""obstacles"" – do NOT attract them to your own gaming piece! Your gaming piece is a black magnet. You control it by holding a large magnet under the board. This magnet is connected to a small magnet placed on the field. The purpose of the game is to push the small, red ball around on the field with your magnet/gaming piece, shoot the ball past the obstacles and your opponent and into the goal hole (Klask). It&rsquo;s"
333,Letter Tycoon,Word / Trivia / Dex,,169147,2973,6.75489,6.03621,2.0,2015,2,5,3,2-5,8,8+,30,45,Brad Brooks,Economic | Word Game,Commodity Speculation | Hand Management | Open Drafting | Set Collection | Spelling | Variable Player Powers,,On Tour | Now Boarding | Gizmos | Paint the Roses | Hardback | Tokaido | Space Base | Welcome To... | Mountain Goats | Castles of Mad King Ludwig | boop. | Can't Stop | Railroad Ink: Deep Blue Edition | Abandon All Artichokes | Tiny Towns | Roll to the Top: Journeys | Ticket to Ride | Evolution | Trekking the World | Azul: Summer Pavilion | Trailblazers | Bärenpark | New York Zoo | Super Mega Lucky Box | Dog Lover | Seikatsu | Bunny Kingdom | Burgle Bros.,1.00,auto,"Letter Tycoon is the word game for 2-5 capitalists! In the game, players take turns forming a word using a seven-card hand and a three-card community card pool, scoring money and stock rewards based on their word. Players may use their earned money to buy one letter ""patent"" in the word they make. In the future, whenever another player uses one of your owned letters on their turn, you earn money from the bank. Letters that are used less frequently have special abilities, increasing their power. When enough of the alphabet has been claimed, players finish the current turn, then score all money,"
334,Paperback,Word / Trivia / Dex,,141572,743,7.09041,6.80711,2.0033112582781456,2014,2,5,2,2-4,8,10+,45,45,Tim Fowers,Card Game | Print & Play | Word Game,"Cooperative Game | Deck, Bag, and Pool Building | Delayed Purchase | Market | Open Drafting | Spelling",Containers: Book-like | Crowdfunding: Kickstarter | Series: Paperback (Fowers Games) | Theme: Books / Libraries,FUSE | Between Two Cities | Pandemic: The Cure | Sheriff of Nottingham | Crokinole | Iberia | Deception: Murder in Hong Kong | Mystic Vale | Raptor | Escape: The Curse of the Temple | Pandemic | Codenames: Duet | Forbidden Desert | The Crew: The Quest for Planet Nine | So Clover! | The Networks: Primetime | Long Shot: The Dice Game | Roll for the Galaxy | Letter Jam | Cubitos | Galaxy Trucker | Tiny Epic Galaxies | Lords of Waterdeep | Codenames | Quacks | Just One | Fort | Super-Skill Pinball: 4-Cade,1.00,auto,"You are a paperback author trying to finish novels for your editor. Complete Westerns, Science Fiction, Romance or even the rare Best-Seller. Live the dream — and maybe pay the bills. Word-building meets deck-building in the unique game Paperback. Players start with a deck of letter cards and wild cards. Each hand they form words, and purchase more powerful letters based on how well their word scored. Most letters have abilities that activate when they are used in a word, such as drawing more cards or double letter score. Players buy wilds to gain victory points. Variant included for cooperati"
335,Perquacky,Word / Trivia / Dex,,1161,15050,6.03968,5.5375,1.5789473684210527,1956,2,6,2,2-4,7,10+,20,20,Robert E. Hollingsworth | Elbert K. Hollingsworth,Dice | Word Game,Dice Rolling | Spelling,,Songburst: 70's & 80's Edition | The VCR Quarterback Game | Probe | Merlin | Trivial Pursuit: 90's Time Capsule Edition | Sale of the Century: Quizzard | Mr. Mouth | Password | Wheel Of Fortune Deluxe | Manhunt | Tribond | Teams of Enemies | Aggravation | Trivial Pursuit: The 1980's | Enemy Agent | Word Yahtzee | In a Pickle | Hit the Beach | Dungeons & Dragons Computer Labyrinth Game | Concentration | Chute-5 | Yahtzee Flash | Trivial Pursuit: 20th Anniversary Edition | Mad Gab | Sorry! | Yahtzee: Texas Hold'em | Transformers Adventure Game | VH1 Pop Up Video Game,1.00,override,"Perquackey is the ""other"" three minute word game. You roll ten dice (thirteen if you have 2000 points) and must make words of three letters or more. You can only use a form of a word once, and are limited to five of any length. After the time is up, you score points for each word on your list, plus bonus points for filling consecutive groups (100 bonus points for five 3-letter words and five 4-letter words). The game is to 5000, but that's easy to do in three or four turns. You can only re-roll if you get no vowels, or all vowels. A good quick word game, and best in a small group. Perquackey i"
336,Qwirkle,Word / Trivia / Dex,,25669,1072,6.77576,6.61293,1.5817142857142856,2006,2,4,4,2-4,6,6+,45,45,Susan McKinley Ross,,Hand Management | Pattern Building | Square Grid | Tile Placement,Animals: Mice | Brands: Disney | Category: Color | Characters: Mickey Mouse | Containers: Tin/Metal Box | Movies: Star Wars | TV Shows: The Simpsons | Versions & Editions: Travel Versions of Non-Travel Games,Blokus | Forbidden Island | Qwixx | Bohnanza | Codenames | Tsuro | The Game | Codenames: Duet | Ticket to Ride: New York | Camel Up | Carcassonne | Machi Koro | Sushi Go! | Ticket to Ride: London | KLASK | SET | Just One | That's Pretty Clever! | Pandemic | Azul: Stained Glass of Sintra | Planet | Quacks | Ticket to Ride | Love Letter | Catan | PUSH | Rummikub | Forbidden Desert,1.00,auto,"The abstract game of Qwirkle consists of 108 wooden blocks with six different shapes in six different colors. There is no board, players simply use an available flat surface. Players begin the game with six blocks. The start player places blocks of a single matching attribute (color or shape but not both) on the table. Thereafter, a player adds blocks adjacent to at least one previously played block. The blocks must all be played in a line and match, without duplicates, either the color or shape of the previous block. Players score one point for each block played plus all blocks adjacent. It i"
337,Scrabble,Word / Trivia / Dex,,320,2415,6.27413,6.15018,2.0510910058541776,1948,2,4,2,2-4,10,10+,90,90,Alfred Mosher Butts,Word Game,End Game Bonuses | Hand Management | Spelling | Square Grid | Tile Placement,Category: Crossword Games | Promotional: Board Games | Series: Nostalgia (Hasbro) | Series: World's Smallest (Super Impulse) | Versions & Editions: Travel Versions of Non-Travel Games,Jenga | Monopoly | Clue | UNO | Mastermind | Risk | Pictionary | Dominoes | Boggle | Battleship | Connect Four | Pass the Pigs | Twister | The Game of Life | Stratego | Chess | Rummikub | Kalah | Guess Who? | Yahtzee | Checkers | Pachisi | Backgammon | Chinese Checkers | Taboo | Blokus | Bananagrams | Othello,1.00,auto,"In this classic word game, players use their seven drawn letter-tiles to form words on the gameboard. Each word laid out earns points based on the commonality of the letters used, with certain board spaces giving bonuses. But a word can only be played if it uses at least one already-played tile or adds to an already-played word. This leads to slightly tactical play, as potential words are rejected because they would give an opponent too much access to the better bonus spaces. Skip-a-cross was licensed by Selchow & Righter and manufactured by Cadaco. Both games have identical rules but Skip-a-c"
338,Ticket to Ride: Rails and Sails,Word / Trivia / Dex,,202670,806,7.43067,6.76417,2.4774774774774775,2016,2,5,4,2-5,10,10+,60,120,Alan R. Moon,Nautical | Trains,Connections | Hand Management | Network and Route Building | Open Drafting | Set Collection,Region: Great Lakes | Theme: Trains,Ticket to Ride: New York | Ticket to Ride: Nordic Countries | Ticket to Ride: London | Catan | Ticket to Ride: Europe | Azul: Stained Glass of Sintra | Pandemic | Ticket to Ride: Germany | Sagrada | Carcassonne | Ticket to Ride: San Francisco | Ticket to Ride | Forbidden Island | Sushi Go! | Everdell | Trails | Wyrmspan | Cascadia | Sushi Go Party! | Wingspan Asia | Wingspan | Codenames | Calico | Ticket to Ride Legacy: Legends of the West | Tsuro | Quacks | Qwirkle | Splendor: Marvel,1.00,override,"Ticket to Ride: Rails & Sails takes the familiar gameplay of Ticket to Ride and expands it across the globe — which means that you'll be moving across water, of course, and that's where the sails come in. As in other Ticket to Ride games, in Ticket to Ride: Rails & Sails players start with tickets in hand that show two cities, and over the course of the game they try to collect colored cards, then claim routes on the game board with their colored train and ship tokens, scoring points while doing so. When any player has six or fewer tokens in their supply, each player takes two more turns, then"
339,Word Slam,Word / Trivia / Dex,,203411,3400,6.90307,5.9626,1.1,2016,3,99,6,4-10,12,10+,45,45,Inka Brand | Markus Brand,Party Game | Word Game,Team-Based Game,Word Games: Guess the Word,Drop It | Fun Facts | So Clover! | Medium | Dimension | Illusion | Menara | Hive Mind | Word Slam Family | Just One | Pictures | Snake Oil | The Same Game | Belratti | Men at Work | Letter Jam | Magic Maze | Karuba | Werewords | Green Team Wins | Noobs in Space | The Game | New York Slice | Silver & Gold | FUSE | Spyfall | Deception: Murder in Hong Kong | Junk Art,1.00,auto,"""EAT, YELLOW, CIRCLE — do you mean pancakes? Or pineapple rings? Oh wait, the CIRCLE is DIVIDED? So something that you eat that is yellow and semicircular? Uh, is it, maybe&hellip;a banana?"" ""Yes, the answer is banana! One point for the Blue Team!"" In the communication game Word Slam, two teams compete against one another simultaneously. In each round, one player on each team tries to get their teammates to guess a hidden word or phrase using only the 105 explanatory cards available in the box. Speaking and acting is absolutely forbidden for the storytellers! They must tell their stories using"
340,Buffalo Games: NYC Skyline at Night (500pc),Puzzles,★,,,,,,,,,,,,,,,,,,,,,,
341,Galison: Brooklyn (500pc),Puzzles,★,,,,,,,,,,,,,,,,,,,,,,
342,New York Puzzle Co: Brooklyn Bridge (500pc),Puzzles,★,,,,,,,,,,,,,,,,,,,,,,
343,New York Puzzle Co: Brooklyn Neighborhoods (500pc),Puzzles,★,,,,,,,,,,,,,,,,,,,,,,
344,New York Puzzle Co: Central Park (500pc),Puzzles,★,,,,,,,,,,,,,,,,,,,,,,
345,New York Puzzle Co: Coney Island Vintage Poster (500pc),Puzzles,★,,,,,,,,,,,,,,,,,,,,,,
346,New York Puzzle Co: Harlem (500pc),Puzzles,★,,,,,,,,,,,,,,,,,,,,,,
347,New York Puzzle Co: NYC Neighborhood Map (500pc),Puzzles,★,,,,,,,,,,,,,,,,,,,,,,
348,New York Puzzle Co: NYC Subway Map (1000pc),Puzzles,★,,,,,,,,,,,,,,,,,,,,,,
349,New York Puzzle Co: NYC at Night Aerial (1000pc),Puzzles,★,,,,,,,,,,,,,,,,,,,,,,
350,New York Puzzle Co: New Yorker NYC Cover (500pc),Puzzles,★,,,,,,,,,,,,,,,,,,,,,,
351,Ravensburger: Manhattan Skyline (500pc),Puzzles,★,,,,,,,,,,,,,,,,,,,,,,
